signal_date,symbol,raw_score,cross_section_rank,selected_top10
2019-01-04,AEFES.IS,0.08326778601641932,54.0,False
2019-01-04,AGHOL.IS,0.23199383203266474,6.0,True
2019-01-04,AKBNK.IS,0.08950319046630087,49.0,False
2019-01-04,ALARK.IS,0.13364398998925692,21.0,False
2019-01-04,ANSGR.IS,0.15521810588771806,15.0,False
2019-01-04,ARCLK.IS,0.08626299789860231,53.0,False
2019-01-04,BIMAS.IS,0.11319571590924415,29.0,False
2019-01-04,BIZIM.IS,0.08738163765366197,51.0,False
2019-01-04,BRSAN.IS,0.13231831846663916,22.0,False
2019-01-04,BSOKE.IS,0.09054197574736028,48.0,False
2019-01-04,CCOLA.IS,0.10599204732196767,36.0,False
2019-01-04,CIMSA.IS,0.1612433102922626,11.0,False
2019-01-04,CLEBI.IS,0.1907841061585388,8.0,True
2019-01-04,DOAS.IS,0.11585351362213261,28.0,False
2019-01-04,DOHOL.IS,0.10664985297365702,35.0,False
2019-01-04,ECILC.IS,0.15013229996642122,17.0,False
2019-01-04,EKGYO.IS,0.15404194745650268,16.0,False
2019-01-04,ENKAI.IS,0.1118607700764001,30.0,False
2019-01-04,EREGL.IS,0.21525825431316026,7.0,True
2019-01-04,FROTO.IS,0.10252264529912646,37.0,False
2019-01-04,GARAN.IS,0.16299433882018055,10.0,True
2019-01-04,GENTS.IS,0.23280554642231993,5.0,True
2019-01-04,GUBRF.IS,0.09065471365801363,47.0,False
2019-01-04,HALKB.IS,0.07712094330620822,55.0,False
2019-01-04,HEKTS.IS,0.11909273445873644,26.0,False
2019-01-04,ISCTR.IS,0.09447606043777315,44.0,False
2019-01-04,ISGYO.IS,0.08705534509519801,52.0,False
2019-01-04,KCHOL.IS,0.10906147291965335,33.0,False
2019-01-04,KORDS.IS,0.11852186189228378,27.0,False
2019-01-04,KRDMD.IS,0.3546523071654896,2.0,True
2019-01-04,LOGO.IS,0.1561522418996021,13.0,False
2019-01-04,MAVI.IS,0.09361444487338234,45.0,False
2019-01-04,MGROS.IS,0.10124914447090562,40.0,False
2019-01-04,ODAS.IS,0.37202914801328796,1.0,True
2019-01-04,OTKAR.IS,0.1019195966830767,39.0,False
2019-01-04,OYAKC.IS,0.0713835947741606,57.0,False
2019-01-04,PETKM.IS,0.07238578058441565,56.0,False
2019-01-04,PGSUS.IS,0.12891208910898677,24.0,False
2019-01-04,SAHOL.IS,0.09076487288711123,46.0,False
2019-01-04,SASA.IS,0.13654050923793207,20.0,False
2019-01-04,SELEC.IS,0.11148668872273054,31.0,False
2019-01-04,SISE.IS,0.12788916057258687,25.0,False
2019-01-04,SKBNK.IS,0.09686978814832103,41.0,False
2019-01-04,TAVHL.IS,0.16396644512880731,9.0,True
2019-01-04,THYAO.IS,0.10200056097795693,38.0,False
2019-01-04,TKFEN.IS,0.13770843459594542,19.0,False
2019-01-04,TOASO.IS,0.1561522418996021,14.0,False
2019-01-04,TRGYO.IS,0.1612433102922626,12.0,False
2019-01-04,TSKB.IS,0.1313031412359938,23.0,False
2019-01-04,TTKOM.IS,0.08829521420015976,50.0,False
2019-01-04,TTRAK.IS,0.2450376871437769,4.0,True
2019-01-04,TUPRS.IS,0.10713561097688223,34.0,False
2019-01-04,TURSG.IS,0.09532533526841039,42.0,False
2019-01-04,ULKER.IS,0.11061843364373984,32.0,False
2019-01-04,VAKBN.IS,0.09479230980252257,43.0,False
2019-01-04,VESTL.IS,0.25491997630376156,3.0,True
2019-01-04,YKBNK.IS,0.13964831648310516,18.0,False
2019-03-29,AEFES.IS,0.10918204738932275,29.0,False
2019-03-29,AGHOL.IS,0.1069842537040848,31.0,False
2019-03-29,AKBNK.IS,0.11346846143190258,24.0,False
2019-03-29,ALARK.IS,0.1957777551304015,2.0,True
2019-03-29,ANSGR.IS,0.12556908248784193,18.0,False
2019-03-29,ARCLK.IS,0.10080836471576056,38.0,False
2019-03-29,ASELS.IS,0.0850785502545332,51.0,False
2019-03-29,BIMAS.IS,0.11895550174395418,20.0,False
2019-03-29,BIZIM.IS,0.07012622630828187,57.0,False
2019-03-29,BRSAN.IS,0.06441285362394676,59.0,False
2019-03-29,BSOKE.IS,0.12614313938294086,17.0,False
2019-03-29,CCOLA.IS,0.0658419811011542,58.0,False
2019-03-29,CIMSA.IS,0.1573262930566218,7.0,True
2019-03-29,CLEBI.IS,0.16372768486182412,4.0,True
2019-03-29,DOAS.IS,0.10089880953219443,36.0,False
2019-03-29,DOHOL.IS,0.08734682540544056,49.0,False
2019-03-29,ECILC.IS,0.08251415591098796,54.0,False
2019-03-29,EKGYO.IS,0.10089880953219443,37.0,False
2019-03-29,ENKAI.IS,0.11811572081714825,22.0,False
2019-03-29,EREGL.IS,0.13421570921637646,15.0,False
2019-03-29,FROTO.IS,0.10463899668816735,32.0,False
2019-03-29,GARAN.IS,0.08387103526568085,52.0,False
2019-03-29,GENTS.IS,0.10187173628597052,35.0,False
2019-03-29,GUBRF.IS,0.08358046554540041,53.0,False
2019-03-29,HALKB.IS,0.09631921692941145,45.0,False
2019-03-29,HEKTS.IS,0.1129365347967365,25.0,False
2019-03-29,ISCTR.IS,0.1977365141993777,1.0,True
2019-03-29,ISGYO.IS,0.10906147291965335,30.0,False
2019-03-29,KCHOL.IS,0.1096961808316015,28.0,False
2019-03-29,KORDS.IS,0.14101418248135214,12.0,False
2019-03-29,KRDMD.IS,0.10244151314942829,34.0,False
2019-03-29,LOGO.IS,0.15899395936120456,6.0,True
2019-03-29,MAVI.IS,0.08879248368563361,48.0,False
2019-03-29,MGROS.IS,0.12062576262444967,19.0,False
2019-03-29,ODAS.IS,0.07416760181105247,56.0,False
2019-03-29,OTKAR.IS,0.1738356868204212,3.0,True
2019-03-29,OYAKC.IS,0.09952758003864946,41.0,False
2019-03-29,PETKM.IS,0.09960973976419668,40.0,False
2019-03-29,PGSUS.IS,0.09261284215547477,46.0,False
2019-03-29,SAHOL.IS,0.09913178894845537,42.0,False
2019-03-29,SASA.IS,0.11060761557121959,26.0,False
2019-03-29,SELEC.IS,0.14438505865443477,10.0,True
2019-03-29,SISE.IS,0.13924707482173396,14.0,False
2019-03-29,SKBNK.IS,0.10245691069727199,33.0,False
2019-03-29,TAVHL.IS,0.10080836471576056,39.0,False
2019-03-29,TCELL.IS,0.13232911045696974,16.0,False
2019-03-29,THYAO.IS,0.11711739824893957,23.0,False
2019-03-29,TKFEN.IS,0.14281298850520635,11.0,False
2019-03-29,TOASO.IS,0.08684527562567443,50.0,False
2019-03-29,TRGYO.IS,0.15934271664937383,5.0,True
2019-03-29,TSKB.IS,0.0984468506729419,43.0,False
2019-03-29,TTKOM.IS,0.1181598682815149,21.0,False
2019-03-29,TTRAK.IS,0.14548997125954385,9.0,True
2019-03-29,TUPRS.IS,0.0802044823336789,55.0,False
2019-03-29,TURSG.IS,0.10986177289077212,27.0,False
2019-03-29,ULKER.IS,0.09673623357928268,44.0,False
2019-03-29,VAKBN.IS,0.09221500943575192,47.0,False
2019-03-29,VESTL.IS,0.14040155459197196,13.0,False
2019-03-29,YKBNK.IS,0.15388752278395268,8.0,True
2019-06-28,AEFES.IS,0.0968999315202034,44.0,False
2019-06-28,AGHOL.IS,0.1313031412359938,14.0,False
2019-06-28,AKBNK.IS,0.09406147509432329,48.0,False
2019-06-28,ALARK.IS,0.17238414222063775,5.0,True
2019-06-28,ANSGR.IS,0.12347305800668912,17.0,False
2019-06-28,ARCLK.IS,0.11619070136152965,24.0,False
2019-06-28,ASELS.IS,0.12081707364108162,19.0,False
2019-06-28,BIMAS.IS,0.10754329592580372,34.0,False
2019-06-28,BIZIM.IS,0.1163080146137727,23.0,False
2019-06-28,BRSAN.IS,0.09790146116037435,41.0,False
2019-06-28,BSOKE.IS,0.10611338212842884,35.0,False
2019-06-28,CCOLA.IS,0.07946879195847954,55.0,False
2019-06-28,CIMSA.IS,0.1573262930566218,6.0,True
2019-06-28,CLEBI.IS,0.18796707432356607,4.0,True
2019-06-28,DOAS.IS,0.11208580991054626,31.0,False
2019-06-28,DOHOL.IS,0.1096961808316015,33.0,False
2019-06-28,ECILC.IS,0.13284020782998932,12.0,False
2019-06-28,EKGYO.IS,0.1418049961530298,10.0,True
2019-06-28,ENKAI.IS,0.11474625495794916,26.0,False
2019-06-28,EREGL.IS,0.07532017279296523,57.0,False
2019-06-28,FROTO.IS,0.1234238965796158,18.0,False
2019-06-28,GARAN.IS,0.08495577327843352,50.0,False
2019-06-28,GENTS.IS,0.12715723635346377,16.0,False
2019-06-28,GUBRF.IS,0.14845575510639333,7.0,True
2019-06-28,HALKB.IS,0.10360607736720878,38.0,False
2019-06-28,HEKTS.IS,0.11664355400897744,22.0,False
2019-06-28,ISCTR.IS,0.08074636636140835,54.0,False
2019-06-28,ISGYO.IS,0.09786482912570207,42.0,False
2019-06-28,KCHOL.IS,0.09438387348134518,47.0,False
2019-06-28,KORDS.IS,0.14675361685006894,8.0,True
2019-06-28,KRDMD.IS,0.09625641078931808,46.0,False
2019-06-28,LOGO.IS,0.07232553271804941,58.0,False
2019-06-28,MAVI.IS,0.06838632900981553,59.0,False
2019-06-28,MGROS.IS,0.13273351966878447,13.0,False
2019-06-28,ODAS.IS,0.11874625432586226,20.0,False
2019-06-28,OTKAR.IS,0.11327443981110698,29.0,False
2019-06-28,OYAKC.IS,0.11419210982765553,27.0,False
2019-06-28,PETKM.IS,0.1129365347967365,30.0,False
2019-06-28,PGSUS.IS,0.22093254228374376,2.0,True
2019-06-28,SAHOL.IS,0.10359179433174111,39.0,False
2019-06-28,SASA.IS,0.11537126210696387,25.0,False
2019-06-28,SELEC.IS,0.11751851332112416,21.0,False
2019-06-28,SISE.IS,0.11407483655138692,28.0,False
2019-06-28,SKBNK.IS,0.09718901684763129,43.0,False
2019-06-28,SOKM.IS,0.08454475700662775,51.0,False
2019-06-28,TAVHL.IS,0.09050090317907787,49.0,False
2019-06-28,TCELL.IS,0.14233258922445,9.0,True
2019-06-28,THYAO.IS,0.06647140814468132,60.0,False
2019-06-28,TKFEN.IS,0.13044305705797735,15.0,False
2019-06-28,TOASO.IS,0.09664133491569261,45.0,False
2019-06-28,TRGYO.IS,0.11106373719839642,32.0,False
2019-06-28,TSKB.IS,0.10548936683766189,36.0,False
2019-06-28,TTKOM.IS,0.08280082264485147,52.0,False
2019-06-28,TTRAK.IS,0.13964831648310516,11.0,False
2019-06-28,TUPRS.IS,0.10506262535547854,37.0,False
2019-06-28,TURSG.IS,0.25634004158021895,1.0,True
2019-06-28,ULKER.IS,0.07567960434556993,56.0,False
2019-06-28,VAKBN.IS,0.1017262735600694,40.0,False
2019-06-28,VESTL.IS,0.21870344951392084,3.0,True
2019-06-28,YKBNK.IS,0.08192726494135456,53.0,False
2019-09-27,AEFES.IS,0.1043785519206801,46.0,False
2019-09-27,AGHOL.IS,0.17252881300722678,7.0,True
2019-09-27,AKBNK.IS,0.09620676183203322,53.0,False
2019-09-27,ALARK.IS,0.12659737534397605,29.0,False
2019-09-27,ANSGR.IS,0.11738807418191734,38.0,False
2019-09-27,ARCLK.IS,0.10583363782723264,45.0,False
2019-09-27,ASELS.IS,0.09722929508689566,50.0,False
2019-09-27,BIMAS.IS,0.13878281444710147,21.0,False
2019-09-27,BIZIM.IS,0.16325224958958431,8.0,True
2019-09-27,BRSAN.IS,0.1468025124036968,15.0,False
2019-09-27,BSOKE.IS,0.09031715422399071,57.0,False
2019-09-27,CCOLA.IS,0.10906346550908967,44.0,False
2019-09-27,CIMSA.IS,0.12609705107211605,30.0,False
2019-09-27,CLEBI.IS,0.14443620245913663,18.0,False
2019-09-27,DOAS.IS,0.15965950687587518,10.0,True
2019-09-27,DOHOL.IS,0.1448271494699938,17.0,False
2019-09-27,ECILC.IS,0.1392790686046765,20.0,False
2019-09-27,EKGYO.IS,0.1625391314563916,9.0,True
2019-09-27,ENKAI.IS,0.11334305867592437,41.0,False
2019-09-27,EREGL.IS,0.15117259125095373,13.0,False
2019-09-27,FROTO.IS,0.1313959715093879,25.0,False
2019-09-27,GARAN.IS,0.09895175793265885,48.0,False
2019-09-27,GENTS.IS,0.1268306273471499,28.0,False
2019-09-27,GUBRF.IS,0.2462498152221412,2.0,True
2019-09-27,HALKB.IS,0.05990226321988842,60.0,False
2019-09-27,HEKTS.IS,0.19395119601068164,5.0,True
2019-09-27,ISCTR.IS,0.09362482395534243,56.0,False
2019-09-27,ISGYO.IS,0.12560442360181043,31.0,False
2019-09-27,KCHOL.IS,0.118497933886477,37.0,False
2019-09-27,KORDS.IS,0.11572113688003902,39.0,False
2019-09-27,KRDMD.IS,0.12196743294823932,35.0,False
2019-09-27,LOGO.IS,0.12328608742132545,34.0,False
2019-09-27,MAVI.IS,0.09756040059328167,49.0,False
2019-09-27,MGROS.IS,0.1442839222565948,19.0,False
2019-09-27,ODAS.IS,0.17623426649730306,6.0,True
2019-09-27,OTKAR.IS,0.1336745861121511,23.0,False
2019-09-27,OYAKC.IS,0.1584648910300862,11.0,False
2019-09-27,PETKM.IS,0.11419210982765553,40.0,False
2019-09-27,PGSUS.IS,0.19479142011095177,4.0,True
2019-09-27,SAHOL.IS,0.10430399004732376,47.0,False
2019-09-27,SASA.IS,0.10948404815896952,43.0,False
2019-09-27,SELEC.IS,0.1379006702132359,22.0,False
2019-09-27,SISE.IS,0.1288817030726553,27.0,False
2019-09-27,SKBNK.IS,0.062175826479520614,59.0,False
2019-09-27,SOKM.IS,0.0845811490788199,58.0,False
2019-09-27,TAVHL.IS,0.11176689402457833,42.0,False
2019-09-27,TCELL.IS,0.09661573090959714,52.0,False
2019-09-27,THYAO.IS,0.12352797704573881,33.0,False
2019-09-27,TKFEN.IS,0.095050278468655,55.0,False
2019-09-27,TOASO.IS,0.09710236423557227,51.0,False
2019-09-27,TRGYO.IS,0.1318161438871221,24.0,False
2019-09-27,TSKB.IS,0.14831837244662255,14.0,False
2019-09-27,TTKOM.IS,0.13067637564603882,26.0,False
2019-09-27,TTRAK.IS,0.1584648910300862,12.0,False
2019-09-27,TUPRS.IS,0.12459604833673685,32.0,False
2019-09-27,TURSG.IS,0.2774221893349407,1.0,True
2019-09-27,ULKER.IS,0.096152298953241,54.0,False
2019-09-27,VAKBN.IS,0.20279943401550415,3.0,True
2019-09-27,VESTL.IS,0.14516309973382846,16.0,False
2019-09-27,YKBNK.IS,0.11984866626037981,36.0,False
2019-12-23,AEFES.IS,0.09661573090959714,49.0,False
2019-12-23,AGHOL.IS,0.11087986899032272,46.0,False
2019-12-23,AKBNK.IS,0.139000211476291,25.0,False
2019-12-23,ALARK.IS,0.2401295511558221,2.0,True
2019-12-23,ANSGR.IS,0.11647635991588198,41.0,False
2019-12-23,ARCLK.IS,0.1113266514984235,45.0,False
2019-12-23,ASELS.IS,0.08014880496254242,59.0,False
2019-12-23,BIMAS.IS,0.12556908248784193,36.0,False
2019-12-23,BIZIM.IS,0.21839594323275358,3.0,True
2019-12-23,BRSAN.IS,0.13887098602435874,26.0,False
2019-12-23,BSOKE.IS,0.1825524210289361,8.0,True
2019-12-23,CCOLA.IS,0.09413637118650953,52.0,False
2019-12-23,CIMSA.IS,0.08795415221114672,56.0,False
2019-12-23,CLEBI.IS,0.1452395863219901,19.0,False
2019-12-23,DOAS.IS,0.14501933351313287,20.0,False
2019-12-23,DOHOL.IS,0.13428674532081916,30.0,False
2019-12-23,ECILC.IS,0.18323874520325276,7.0,True
2019-12-23,EKGYO.IS,0.09030222268530962,54.0,False
2019-12-23,ENKAI.IS,0.11311077363000113,43.0,False
2019-12-23,EREGL.IS,0.13878281444710147,27.0,False
2019-12-23,FROTO.IS,0.12776698580355458,32.0,False
2019-12-23,GARAN.IS,0.09589412086128644,51.0,False
2019-12-23,GENTS.IS,0.1385481422486852,28.0,False
2019-12-23,GUBRF.IS,0.24508233987123293,1.0,True
2019-12-23,HALKB.IS,0.0882032191588057,55.0,False
2019-12-23,HEKTS.IS,0.16482217987487796,10.0,True
2019-12-23,ISCTR.IS,0.13989447089515908,24.0,False
2019-12-23,ISGYO.IS,0.14438505865443477,21.0,False
2019-12-23,KCHOL.IS,0.14679417358409905,17.0,False
2019-12-23,KORDS.IS,0.12165206525220117,39.0,False
2019-12-23,KRDMD.IS,0.12614370771779382,35.0,False
2019-12-23,LOGO.IS,0.19276781737915977,4.0,True
2019-12-23,MAVI.IS,0.09405885349504071,53.0,False
2019-12-23,MGROS.IS,0.13784624772549783,29.0,False
2019-12-23,ODAS.IS,0.16149814647706115,12.0,False
2019-12-23,OTKAR.IS,0.1336745861121511,31.0,False
2019-12-23,OYAKC.IS,0.18537015036814405,6.0,True
2019-12-23,PETKM.IS,0.09636557460657999,50.0,False
2019-12-23,PGSUS.IS,0.15785296085874978,14.0,False
2019-12-23,SAHOL.IS,0.11311359482482763,42.0,False
2019-12-23,SASA.IS,0.11664355400897744,40.0,False
2019-12-23,SELEC.IS,0.14122842634842694,22.0,False
2019-12-23,SISE.IS,0.0864178047800309,57.0,False
2019-12-23,SKBNK.IS,0.19269098685402933,5.0,True
2019-12-23,SOKM.IS,0.11000265689621103,47.0,False
2019-12-23,TAVHL.IS,0.1406181994571019,23.0,False
2019-12-23,TCELL.IS,0.112732283952888,44.0,False
2019-12-23,THYAO.IS,0.07363659651734548,60.0,False
2019-12-23,TKFEN.IS,0.08426481000517938,58.0,False
2019-12-23,TOASO.IS,0.12519175203185215,37.0,False
2019-12-23,TRGYO.IS,0.16284834873920037,11.0,False
2019-12-23,TSKB.IS,0.12655292142404595,34.0,False
2019-12-23,TTKOM.IS,0.14812428431844085,16.0,False
2019-12-23,TTRAK.IS,0.15030542334243688,15.0,False
2019-12-23,TUPRS.IS,0.12752337500785974,33.0,False
2019-12-23,TURSG.IS,0.18158523398513698,9.0,True
2019-12-23,ULKER.IS,0.1461899284544516,18.0,False
2019-12-23,VAKBN.IS,0.10647221703897033,48.0,False
2019-12-23,VESTL.IS,0.16147646303983687,13.0,False
2019-12-23,YKBNK.IS,0.12331240731406054,38.0,False
2020-03-18,AEFES.IS,0.1718278599567512,42.0,False
2020-03-18,AGHOL.IS,0.435355692594284,14.0,False
2020-03-18,AKBNK.IS,0.13152772682200634,53.0,False
2020-03-18,ALARK.IS,0.4882468395736912,11.0,False
2020-03-18,ANSGR.IS,0.12215307533841757,56.0,False
2020-03-18,ARCLK.IS,0.2492993888553936,29.0,False
2020-03-18,ASELS.IS,0.1499721247261541,47.0,False
2020-03-18,BIMAS.IS,0.10171898706773844,60.0,False
2020-03-18,BIZIM.IS,0.37395112837015454,19.0,False
2020-03-18,BRSAN.IS,0.6436693304884217,5.0,True
2020-03-18,BSOKE.IS,0.6417482159966351,6.0,True
2020-03-18,CCOLA.IS,0.12823790206139873,54.0,False
2020-03-18,CIMSA.IS,0.3433193957375539,21.0,False
2020-03-18,CLEBI.IS,0.4795908318298643,12.0,False
2020-03-18,DOAS.IS,0.682109667345754,1.0,True
2020-03-18,DOHOL.IS,0.2767414073603308,26.0,False
2020-03-18,ECILC.IS,0.5614950872302833,9.0,True
2020-03-18,EKGYO.IS,0.17246337503688994,41.0,False
2020-03-18,ENKAI.IS,0.16673397998933703,44.0,False
2020-03-18,EREGL.IS,0.10506262535547854,59.0,False
2020-03-18,FROTO.IS,0.3597432337496775,20.0,False
2020-03-18,GARAN.IS,0.16910819261436122,43.0,False
2020-03-18,GENTS.IS,0.20393649349741186,37.0,False
2020-03-18,GUBRF.IS,0.22621807623927015,35.0,False
2020-03-18,HALKB.IS,0.12067172155327352,57.0,False
2020-03-18,HEKTS.IS,0.2207759865586697,36.0,False
2020-03-18,ISCTR.IS,0.12640167916489362,55.0,False
2020-03-18,ISGYO.IS,0.38735472792100395,17.0,False
2020-03-18,KCHOL.IS,0.23783226792985515,33.0,False
2020-03-18,KORDS.IS,0.2857516300275517,25.0,False
2020-03-18,KRDMD.IS,0.2947554882751941,24.0,False
2020-03-18,LOGO.IS,0.3192580189198452,22.0,False
2020-03-18,MAVI.IS,0.4485135854266614,13.0,False
2020-03-18,MGROS.IS,0.19496501907770508,40.0,False
2020-03-18,ODAS.IS,0.5703542821714336,8.0,True
2020-03-18,OTKAR.IS,0.29574061758684883,23.0,False
2020-03-18,OYAKC.IS,0.16607559635091015,45.0,False
2020-03-18,PETKM.IS,0.14315483183365704,48.0,False
2020-03-18,PGSUS.IS,0.682109667345754,2.0,True
2020-03-18,SAHOL.IS,0.13750304685466322,50.0,False
2020-03-18,SASA.IS,0.6467967291691642,4.0,True
2020-03-18,SELEC.IS,0.4084524485351161,15.0,False
2020-03-18,SISE.IS,0.15999380665622795,46.0,False
2020-03-18,SKBNK.IS,0.38608383939344876,18.0,False
2020-03-18,SOKM.IS,0.24571241163309515,31.0,False
2020-03-18,TAVHL.IS,0.2018947443914213,38.0,False
2020-03-18,TCELL.IS,0.11249699775933789,58.0,False
2020-03-18,THYAO.IS,0.3881874988308436,16.0,False
2020-03-18,TKFEN.IS,0.22967828917763122,34.0,False
2020-03-18,TOASO.IS,0.27400412880900643,27.0,False
2020-03-18,TRGYO.IS,0.5951405458156804,7.0,True
2020-03-18,TSKB.IS,0.24559562714907354,32.0,False
2020-03-18,TTKOM.IS,0.24723195318944227,30.0,False
2020-03-18,TTRAK.IS,0.25224239590224684,28.0,False
2020-03-18,TUPRS.IS,0.19937707202814814,39.0,False
2020-03-18,TURSG.IS,0.679181508737047,3.0,True
2020-03-18,ULKER.IS,0.13558233797355035,51.0,False
2020-03-18,VAKBN.IS,0.13429363369042016,52.0,False
2020-03-18,VESTL.IS,0.5315104333312688,10.0,True
2020-03-18,YKBNK.IS,0.14179272895079445,49.0,False
2020-06-17,AEFES.IS,0.09890038748212876,51.0,False
2020-06-17,AGHOL.IS,0.1676760812348103,21.0,False
2020-06-17,AKBNK.IS,0.07965587074012744,58.0,False
2020-06-17,ALARK.IS,0.1676404353710755,22.0,False
2020-06-17,ANSGR.IS,0.13158965345137855,34.0,False
2020-06-17,ARCLK.IS,0.08734682540544056,53.0,False
2020-06-17,ASELS.IS,0.12173568649695168,39.0,False
2020-06-17,BIMAS.IS,0.17477843811805316,19.0,False
2020-06-17,BIZIM.IS,0.17772088995711655,17.0,False
2020-06-17,BRSAN.IS,0.18107376377878565,15.0,False
2020-06-17,BSOKE.IS,0.2665066674481661,3.0,True
2020-06-17,CCOLA.IS,0.12493776372987146,36.0,False
2020-06-17,CIMSA.IS,0.16496408517203126,24.0,False
2020-06-17,CLEBI.IS,0.10188072936554296,48.0,False
2020-06-17,DOAS.IS,0.15582245702396136,27.0,False
2020-06-17,DOHOL.IS,0.16393377866634987,25.0,False
2020-06-17,ECILC.IS,0.1405277205023409,29.0,False
2020-06-17,EKGYO.IS,0.1761581256169947,18.0,False
2020-06-17,ENKAI.IS,0.10166049839376586,49.0,False
2020-06-17,EREGL.IS,0.102368865366615,47.0,False
2020-06-17,FROTO.IS,0.10854667125189701,45.0,False
2020-06-17,GARAN.IS,0.09445067119236449,52.0,False
2020-06-17,GENTS.IS,0.18284581686888166,12.0,False
2020-06-17,GUBRF.IS,0.22207733304214447,6.0,True
2020-06-17,HALKB.IS,0.06772931277652874,60.0,False
2020-06-17,HEKTS.IS,0.11185540058599645,43.0,False
2020-06-17,ISCTR.IS,0.07749338680229723,59.0,False
2020-06-17,ISGYO.IS,0.17892796832079252,16.0,False
2020-06-17,KCHOL.IS,0.08437380723351515,56.0,False
2020-06-17,KORDS.IS,0.08595227331542404,54.0,False
2020-06-17,KRDMD.IS,0.15494080074335626,28.0,False
2020-06-17,LOGO.IS,0.1832646654488789,11.0,False
2020-06-17,MAVI.IS,0.11945890127276979,41.0,False
2020-06-17,MGROS.IS,0.30800957657182954,1.0,True
2020-06-17,ODAS.IS,0.18584443913890955,9.0,True
2020-06-17,OTKAR.IS,0.13225851662977148,33.0,False
2020-06-17,OYAKC.IS,0.18501912526368772,10.0,True
2020-06-17,PETKM.IS,0.18200967931065345,14.0,False
2020-06-17,PGSUS.IS,0.13541155471635125,31.0,False
2020-06-17,SAHOL.IS,0.10386600178713297,46.0,False
2020-06-17,SASA.IS,0.25249787910710536,4.0,True
2020-06-17,SELEC.IS,0.1655073143528349,23.0,False
2020-06-17,SISE.IS,0.12614704352335313,35.0,False
2020-06-17,SKBNK.IS,0.15964681457585359,26.0,False
2020-06-17,SOKM.IS,0.23515647566014122,5.0,True
2020-06-17,TAVHL.IS,0.08319306995676852,57.0,False
2020-06-17,TCELL.IS,0.09991237180057437,50.0,False
2020-06-17,THYAO.IS,0.1824996871386397,13.0,False
2020-06-17,TKFEN.IS,0.10953334121360747,44.0,False
2020-06-17,TOASO.IS,0.13990418595293055,30.0,False
2020-06-17,TRGYO.IS,0.1739946844777008,20.0,False
2020-06-17,TSKB.IS,0.21380936193886765,7.0,True
2020-06-17,TTKOM.IS,0.12404814297046662,37.0,False
2020-06-17,TTRAK.IS,0.19095257624702483,8.0,True
2020-06-17,TUPRS.IS,0.08492857814024934,55.0,False
2020-06-17,TURSG.IS,0.2693292649520205,2.0,True
2020-06-17,ULKER.IS,0.1212900412471678,40.0,False
2020-06-17,VAKBN.IS,0.12220868419520134,38.0,False
2020-06-17,VESTL.IS,0.13365888958769986,32.0,False
2020-06-17,YKBNK.IS,0.11360379781152241,42.0,False
2020-09-14,AEFES.IS,0.0864178047800309,56.0,False
2020-09-14,AGHOL.IS,0.12299712644407346,36.0,False
2020-09-14,AKBNK.IS,0.15117259125095373,21.0,False
2020-09-14,ALARK.IS,0.13224085436107336,29.0,False
2020-09-14,ANSGR.IS,0.14231968669823628,23.0,False
2020-09-14,ARCLK.IS,0.19515248681748482,9.0,True
2020-09-14,ASELS.IS,0.15402930196207568,19.0,False
2020-09-14,BIMAS.IS,0.14101418248135214,24.0,False
2020-09-14,BIZIM.IS,0.21380844490966894,3.0,True
2020-09-14,BRSAN.IS,0.17888154899140205,12.0,False
2020-09-14,BSOKE.IS,0.22216406931949803,1.0,True
2020-09-14,CCOLA.IS,0.11105817022408593,43.0,False
2020-09-14,CIMSA.IS,0.20155953489216427,7.0,True
2020-09-14,CLEBI.IS,0.10047845588554874,50.0,False
2020-09-14,DOAS.IS,0.2078532230502276,5.0,True
2020-09-14,DOHOL.IS,0.13997049756017937,25.0,False
2020-09-14,ECILC.IS,0.1643358900304156,16.0,False
2020-09-14,EKGYO.IS,0.2221151806362135,2.0,True
2020-09-14,ENKAI.IS,0.13374898107270597,28.0,False
2020-09-14,EREGL.IS,0.12440668579194322,32.0,False
2020-09-14,FROTO.IS,0.20458509699553826,6.0,True
2020-09-14,GARAN.IS,0.1216553254308162,37.0,False
2020-09-14,GENTS.IS,0.2099015514792777,4.0,True
2020-09-14,GUBRF.IS,-0.013735163542707629,60.0,False
2020-09-14,HALKB.IS,0.10768396268018993,48.0,False
2020-09-14,HEKTS.IS,0.13772848145977756,27.0,False
2020-09-14,ISCTR.IS,0.08471693760242088,57.0,False
2020-09-14,ISGYO.IS,0.1721996715840802,14.0,False
2020-09-14,KCHOL.IS,0.10906147291965335,45.0,False
2020-09-14,KORDS.IS,0.09926429805425314,51.0,False
2020-09-14,KRDMD.IS,0.1460217083341328,22.0,False
2020-09-14,LOGO.IS,0.15142131536991982,20.0,False
2020-09-14,MAVI.IS,0.12431665296219051,34.0,False
2020-09-14,MGROS.IS,0.16764928804934287,15.0,False
2020-09-14,ODAS.IS,0.1833400634762176,11.0,False
2020-09-14,OTKAR.IS,0.11296084560659558,40.0,False
2020-09-14,OYAKC.IS,0.13873939440883387,26.0,False
2020-09-14,PETKM.IS,0.11945723583678615,38.0,False
2020-09-14,PGSUS.IS,0.09141654590761358,54.0,False
2020-09-14,SAHOL.IS,0.1118607700764001,42.0,False
2020-09-14,SASA.IS,0.1785179107625556,13.0,False
2020-09-14,SELEC.IS,0.1320573034997874,30.0,False
2020-09-14,SISE.IS,0.12397984796420972,35.0,False
2020-09-14,SKBNK.IS,0.1987501858304908,8.0,True
2020-09-14,SOKM.IS,0.12788916057258687,31.0,False
2020-09-14,TAVHL.IS,0.11220506091624864,41.0,False
2020-09-14,TCELL.IS,0.096152298953241,53.0,False
2020-09-14,THYAO.IS,0.08430304219989758,58.0,False
2020-09-14,TKFEN.IS,0.09828875488637062,52.0,False
2020-09-14,TOASO.IS,0.10650573389752248,49.0,False
2020-09-14,TRGYO.IS,0.15991113371550886,17.0,False
2020-09-14,TSKB.IS,0.10849989246069006,47.0,False
2020-09-14,TTKOM.IS,0.12434998816188374,33.0,False
2020-09-14,TTRAK.IS,0.18350027571880873,10.0,True
2020-09-14,TUPRS.IS,0.11874625432586226,39.0,False
2020-09-14,TURSG.IS,0.06531649333161837,59.0,False
2020-09-14,ULKER.IS,0.09047902691230973,55.0,False
2020-09-14,VAKBN.IS,0.1106338692056978,44.0,False
2020-09-14,VESTL.IS,0.15556304349590452,18.0,False
2020-09-14,YKBNK.IS,0.10906147291965335,46.0,False
2020-12-08,AEFES.IS,0.09991237180057437,54.0,False
2020-12-08,AGHOL.IS,0.2066232905517491,12.0,False
2020-12-08,AKBNK.IS,0.148056088109066,28.0,False
2020-12-08,ALARK.IS,0.2115492317959872,10.0,True
2020-12-08,ANSGR.IS,0.11640505949196468,47.0,False
2020-12-08,ARCLK.IS,0.13410015855236693,38.0,False
2020-12-08,ASELS.IS,0.14482912007351434,30.0,False
2020-12-08,BIMAS.IS,0.11754295012652358,46.0,False
2020-12-08,BIZIM.IS,0.08965053273439444,59.0,False
2020-12-08,BRSAN.IS,0.2523479679054263,3.0,True
2020-12-08,BSOKE.IS,0.13855916297067825,32.0,False
2020-12-08,CCOLA.IS,0.21318344155615646,9.0,True
2020-12-08,CIMSA.IS,0.24784971734715136,5.0,True
2020-12-08,CLEBI.IS,0.16150533873772652,23.0,False
2020-12-08,DOAS.IS,0.1746733889806944,21.0,False
2020-12-08,DOHOL.IS,0.15032257220328102,27.0,False
2020-12-08,ECILC.IS,0.1381744357295297,33.0,False
2020-12-08,EKGYO.IS,0.10166049839376586,53.0,False
2020-12-08,ENKAI.IS,0.14679417358409905,29.0,False
2020-12-08,EREGL.IS,0.194605787352289,16.0,False
2020-12-08,FROTO.IS,0.2175476084059986,8.0,True
2020-12-08,GARAN.IS,0.13203690271568333,40.0,False
2020-12-08,GENTS.IS,0.2263666652256572,6.0,True
2020-12-08,GUBRF.IS,0.252036490167255,4.0,True
2020-12-08,HALKB.IS,0.07596894489104447,60.0,False
2020-12-08,HEKTS.IS,0.12804614352622423,42.0,False
2020-12-08,ISCTR.IS,0.12628910302524946,43.0,False
2020-12-08,ISGYO.IS,0.21793777151421034,7.0,True
2020-12-08,KCHOL.IS,0.09803261823661531,55.0,False
2020-12-08,KORDS.IS,0.18530572769655534,19.0,False
2020-12-08,KRDMD.IS,0.36228604731022035,1.0,True
2020-12-08,LOGO.IS,0.13166718327612212,41.0,False
2020-12-08,MAVI.IS,0.13758618382578167,34.0,False
2020-12-08,MGROS.IS,0.1256837105401853,44.0,False
2020-12-08,ODAS.IS,0.17475058591531392,20.0,False
2020-12-08,OTKAR.IS,0.3168912515246568,2.0,True
2020-12-08,OYAKC.IS,0.11425241264610655,49.0,False
2020-12-08,PETKM.IS,0.19135586134551508,17.0,False
2020-12-08,PGSUS.IS,0.15645775857899602,25.0,False
2020-12-08,SAHOL.IS,0.19951050374356222,14.0,False
2020-12-08,SASA.IS,0.20676143453403342,11.0,False
2020-12-08,SELEC.IS,0.16816587701067123,22.0,False
2020-12-08,SISE.IS,0.14124662615227296,31.0,False
2020-12-08,SKBNK.IS,0.1872411540533941,18.0,False
2020-12-08,SOKM.IS,0.1038456490939927,52.0,False
2020-12-08,TAVHL.IS,0.16010358742496705,24.0,False
2020-12-08,TCELL.IS,0.10411590059949156,51.0,False
2020-12-08,THYAO.IS,0.09203823225505291,56.0,False
2020-12-08,TKFEN.IS,0.09162794775294872,57.0,False
2020-12-08,TOASO.IS,0.13250962899748833,39.0,False
2020-12-08,TRGYO.IS,0.1341989294693097,37.0,False
2020-12-08,TSKB.IS,0.20442285591134088,13.0,False
2020-12-08,TTKOM.IS,0.13703807988405212,35.0,False
2020-12-08,TTRAK.IS,0.15237505665864112,26.0,False
2020-12-08,TUPRS.IS,0.10526655469391018,50.0,False
2020-12-08,TURSG.IS,0.11463938336215779,48.0,False
2020-12-08,ULKER.IS,0.12243792623214486,45.0,False
2020-12-08,VAKBN.IS,0.09115791084225668,58.0,False
2020-12-08,VESTL.IS,0.13596824755961934,36.0,False
2020-12-08,YKBNK.IS,0.19674424256858644,15.0,False
2021-03-04,AEFES.IS,0.09387999026138959,54.0,False
2021-03-04,AGHOL.IS,0.17859505966838693,12.0,False
2021-03-04,AKBNK.IS,0.09723169176766053,51.0,False
2021-03-04,ALARK.IS,0.28655266616275743,2.0,True
2021-03-04,ANSGR.IS,0.1184139971139348,41.0,False
2021-03-04,ARCLK.IS,0.14960873635913632,28.0,False
2021-03-04,ASELS.IS,0.12215307533841757,40.0,False
2021-03-04,BIMAS.IS,0.13405672917748848,33.0,False
2021-03-04,BIZIM.IS,0.13185894544980925,34.0,False
2021-03-04,BRSAN.IS,0.20635492283327916,4.0,True
2021-03-04,BSOKE.IS,0.10737498374622689,47.0,False
2021-03-04,CCOLA.IS,0.15115414018401863,26.0,False
2021-03-04,CIMSA.IS,0.14283308690969293,30.0,False
2021-03-04,CLEBI.IS,0.16493268794210653,20.0,False
2021-03-04,DOAS.IS,0.10821146134409397,46.0,False
2021-03-04,DOHOL.IS,0.17393225322748684,13.0,False
2021-03-04,ECILC.IS,0.1703505164483625,18.0,False
2021-03-04,EKGYO.IS,0.19342609787696302,6.0,True
2021-03-04,ENKAI.IS,0.139000211476291,31.0,False
2021-03-04,EREGL.IS,0.18788963863242542,8.0,True
2021-03-04,FROTO.IS,0.15158109471936548,24.0,False
2021-03-04,GARAN.IS,0.09661573090959714,52.0,False
2021-03-04,GENTS.IS,0.19574366747470537,5.0,True
2021-03-04,GUBRF.IS,0.05707366651191868,60.0,False
2021-03-04,HALKB.IS,0.0832866667875431,56.0,False
2021-03-04,HEKTS.IS,0.16367551239378797,22.0,False
2021-03-04,ISCTR.IS,0.12456248700565922,36.0,False
2021-03-04,ISGYO.IS,0.1717979452903467,16.0,False
2021-03-04,KCHOL.IS,0.1711062449936367,17.0,False
2021-03-04,KORDS.IS,0.1724412261196449,15.0,False
2021-03-04,KRDMD.IS,0.2124792420539543,3.0,True
2021-03-04,LOGO.IS,0.16465015128683697,21.0,False
2021-03-04,MAVI.IS,0.09438387348134518,53.0,False
2021-03-04,MGROS.IS,0.16644241588214082,19.0,False
2021-03-04,ODAS.IS,0.13821190609261574,32.0,False
2021-03-04,OTKAR.IS,0.06272997919598498,59.0,False
2021-03-04,OYAKC.IS,0.12405870624297197,38.0,False
2021-03-04,PETKM.IS,0.19203135593434004,7.0,True
2021-03-04,PGSUS.IS,0.18164441418821123,11.0,False
2021-03-04,SAHOL.IS,0.12419132653170253,37.0,False
2021-03-04,SASA.IS,0.1724506608778213,14.0,False
2021-03-04,SELEC.IS,0.5334581443685139,1.0,True
2021-03-04,SISE.IS,0.11640505949196468,42.0,False
2021-03-04,SKBNK.IS,0.15142464573219602,25.0,False
2021-03-04,SOKM.IS,0.12475932199347567,35.0,False
2021-03-04,TAVHL.IS,0.18637616649091798,9.0,True
2021-03-04,TCELL.IS,0.12402114363106045,39.0,False
2021-03-04,THYAO.IS,0.09323691858994353,55.0,False
2021-03-04,TKFEN.IS,0.09920818034601486,50.0,False
2021-03-04,TOASO.IS,0.1828172057451299,10.0,True
2021-03-04,TRGYO.IS,0.15022651284084398,27.0,False
2021-03-04,TSKB.IS,0.15789322239010187,23.0,False
2021-03-04,TTKOM.IS,0.11296084560659558,44.0,False
2021-03-04,TTRAK.IS,0.07434109659655617,58.0,False
2021-03-04,TUPRS.IS,0.10885246107571427,45.0,False
2021-03-04,TURSG.IS,0.10147377737300667,49.0,False
2021-03-04,ULKER.IS,0.11329592107696182,43.0,False
2021-03-04,VAKBN.IS,0.07923822113761657,57.0,False
2021-03-04,VESTL.IS,0.14618518857296797,29.0,False
2021-03-04,YKBNK.IS,0.10552821148721614,48.0,False
2021-06-03,AEFES.IS,0.09615530930917071,49.0,False
2021-06-03,AGHOL.IS,0.13968790842981482,26.0,False
2021-06-03,AKBNK.IS,0.11692996376257347,35.0,False
2021-06-03,ALARK.IS,0.1730113752113133,14.0,False
2021-06-03,ANSGR.IS,0.11618693217179582,39.0,False
2021-06-03,ARCLK.IS,0.16108484748662696,18.0,False
2021-06-03,ASELS.IS,0.0912583553091933,52.0,False
2021-06-03,BIMAS.IS,0.10558770494143148,45.0,False
2021-06-03,BIZIM.IS,0.11656933129376136,37.0,False
2021-06-03,BRSAN.IS,0.25443245762554195,4.0,True
2021-06-03,BSOKE.IS,0.39553941261768727,2.0,True
2021-06-03,CCOLA.IS,0.15770525714603378,20.0,False
2021-06-03,CIMSA.IS,0.17179542833298764,16.0,False
2021-06-03,CLEBI.IS,0.08934730286571467,54.0,False
2021-06-03,DOAS.IS,0.2937987337341802,3.0,True
2021-06-03,DOHOL.IS,0.15274309790109214,22.0,False
2021-06-03,ECILC.IS,0.10849989246069006,43.0,False
2021-06-03,EKGYO.IS,0.11660622010107415,36.0,False
2021-06-03,ENKAI.IS,0.20422110160340942,9.0,True
2021-06-03,EREGL.IS,0.1581799277249873,19.0,False
2021-06-03,FROTO.IS,0.22819659676725532,6.0,True
2021-06-03,GARAN.IS,0.09977862396032834,46.0,False
2021-06-03,GENTS.IS,0.2073084141735128,8.0,True
2021-06-03,GUBRF.IS,0.1987029698317888,10.0,True
2021-06-03,HALKB.IS,0.0913959087266707,51.0,False
2021-06-03,HEKTS.IS,0.08636454622891357,55.0,False
2021-06-03,ISCTR.IS,0.08376910055340837,56.0,False
2021-06-03,ISGYO.IS,0.14456517323021786,24.0,False
2021-06-03,KCHOL.IS,0.09913037557765492,47.0,False
2021-06-03,KORDS.IS,0.21159474394054195,7.0,True
2021-06-03,KRDMD.IS,0.12123442900698411,33.0,False
2021-06-03,LOGO.IS,0.18398082949412856,12.0,False
2021-06-03,MAVI.IS,0.09445067119236449,50.0,False
2021-06-03,MGROS.IS,0.11448498649257782,40.0,False
2021-06-03,ODAS.IS,0.41617152407760066,1.0,True
2021-06-03,OTKAR.IS,0.25220887762249344,5.0,True
2021-06-03,OYAKC.IS,0.13233700342387425,30.0,False
2021-06-03,PETKM.IS,0.1643358900304156,17.0,False
2021-06-03,PGSUS.IS,0.11349893122230126,42.0,False
2021-06-03,SAHOL.IS,0.1169414222388099,34.0,False
2021-06-03,SASA.IS,0.042823575050645366,60.0,False
2021-06-03,SELEC.IS,0.13817563528857088,27.0,False
2021-06-03,SISE.IS,0.1445210214665302,25.0,False
2021-06-03,SKBNK.IS,0.1303438169273451,31.0,False
2021-06-03,SOKM.IS,0.1377347667786457,28.0,False
2021-06-03,TAVHL.IS,0.12164300929517266,32.0,False
2021-06-03,TCELL.IS,0.1060299946640809,44.0,False
2021-06-03,THYAO.IS,0.07722910335856745,57.0,False
2021-06-03,TKFEN.IS,0.09882904213254586,48.0,False
2021-06-03,TOASO.IS,0.1755044892121715,13.0,False
2021-06-03,TRGYO.IS,0.15152854640500196,23.0,False
2021-06-03,TSKB.IS,0.13558233797355035,29.0,False
2021-06-03,TTKOM.IS,0.09028871770322497,53.0,False
2021-06-03,TTRAK.IS,0.15595545263989508,21.0,False
2021-06-03,TUPRS.IS,0.07192133999667245,58.0,False
2021-06-03,TURSG.IS,0.19126650142830764,11.0,False
2021-06-03,ULKER.IS,0.0716316815887857,59.0,False
2021-06-03,VAKBN.IS,0.11624291746643925,38.0,False
2021-06-03,VESTL.IS,0.17295140651501825,15.0,False
2021-06-03,YKBNK.IS,0.11367957138390794,41.0,False
2021-09-03,AEFES.IS,0.13343592079849814,26.0,False
2021-09-03,AGHOL.IS,0.14679417358409905,18.0,False
2021-09-03,AKBNK.IS,0.11895376287729931,36.0,False
2021-09-03,ALARK.IS,0.14819487544444176,17.0,False
2021-09-03,ANSGR.IS,0.123997820665902,31.0,False
2021-09-03,ARCLK.IS,0.12331240731406054,32.0,False
2021-09-03,ASELS.IS,0.09917003650558626,58.0,False
2021-09-03,BIMAS.IS,0.10408939252215493,54.0,False
2021-09-03,BIZIM.IS,0.10688197531518283,53.0,False
2021-09-03,BRSAN.IS,0.16492360211364593,7.0,True
2021-09-03,BSOKE.IS,0.11885939429248793,38.0,False
2021-09-03,CCOLA.IS,0.14113562773722865,21.0,False
2021-09-03,CIMSA.IS,0.14122842634842694,20.0,False
2021-09-03,CLEBI.IS,0.45562424852918276,1.0,True
2021-09-03,DOAS.IS,0.16495472363234664,6.0,True
2021-09-03,DOHOL.IS,0.13658379912123667,23.0,False
2021-09-03,ECILC.IS,0.11693979187223814,39.0,False
2021-09-03,EKGYO.IS,0.11184081564828588,51.0,False
2021-09-03,ENKAI.IS,0.14926594475100657,16.0,False
2021-09-03,EREGL.IS,0.19767164335429138,3.0,True
2021-09-03,FROTO.IS,0.15710940684354244,11.0,False
2021-09-03,GARAN.IS,0.1510784259410714,14.0,False
2021-09-03,GENTS.IS,0.15505368847238532,12.0,False
2021-09-03,GUBRF.IS,0.13563847800045237,24.0,False
2021-09-03,HALKB.IS,0.08440383377496974,60.0,False
2021-09-03,HEKTS.IS,0.11580305500086371,43.0,False
2021-09-03,ISCTR.IS,0.11895376287729931,37.0,False
2021-09-03,ISGYO.IS,0.12556908248784193,29.0,False
2021-09-03,KCHOL.IS,0.1150992444917113,45.0,False
2021-09-03,KORDS.IS,0.143948892298986,19.0,False
2021-09-03,KRDMD.IS,0.1862386835530185,5.0,True
2021-09-03,LOGO.IS,0.1627703370867257,8.0,True
2021-09-03,MAVI.IS,0.14101418248135214,22.0,False
2021-09-03,MGROS.IS,0.0999597743982782,56.0,False
2021-09-03,ODAS.IS,0.11023515402083849,52.0,False
2021-09-03,OTKAR.IS,0.189566784426277,4.0,True
2021-09-03,OYAKC.IS,0.11206754905414115,50.0,False
2021-09-03,PETKM.IS,0.1353020964202407,25.0,False
2021-09-03,PGSUS.IS,0.15083312357505796,15.0,False
2021-09-03,SAHOL.IS,0.12644840582345804,28.0,False
2021-09-03,SASA.IS,0.20779228631202232,2.0,True
2021-09-03,SELEC.IS,0.11296084560659558,48.0,False
2021-09-03,SISE.IS,0.12164448863230946,35.0,False
2021-09-03,SKBNK.IS,0.11295337098492042,49.0,False
2021-09-03,SOKM.IS,0.10408939252215493,55.0,False
2021-09-03,TAVHL.IS,0.11597107407461486,42.0,False
2021-09-03,TCELL.IS,0.11334305867592437,47.0,False
2021-09-03,THYAO.IS,0.12307553215657238,33.0,False
2021-09-03,TKFEN.IS,0.12548286760881014,30.0,False
2021-09-03,TOASO.IS,0.15821043006103153,9.0,True
2021-09-03,TRGYO.IS,0.15800869864718575,10.0,True
2021-09-03,TSKB.IS,0.11572113688003902,44.0,False
2021-09-03,TTKOM.IS,0.12173557872898488,34.0,False
2021-09-03,TTRAK.IS,0.15254101948551976,13.0,False
2021-09-03,TUPRS.IS,0.11647635991588198,40.0,False
2021-09-03,TURSG.IS,0.11342337195242527,46.0,False
2021-09-03,ULKER.IS,0.11608133497372748,41.0,False
2021-09-03,VAKBN.IS,0.09952758003864946,57.0,False
2021-09-03,VESTL.IS,0.12848672141453615,27.0,False
2021-09-03,YKBNK.IS,0.09818572176199293,59.0,False
2021-11-29,AEFES.IS,0.1129365347967365,39.0,False
2021-11-29,AGHOL.IS,0.1408533687320054,24.0,False
2021-11-29,AKBNK.IS,0.07617574173904576,59.0,False
2021-11-29,ALARK.IS,0.17693162967974144,10.0,True
2021-11-29,ANSGR.IS,0.11190245111020247,42.0,False
2021-11-29,ARCLK.IS,0.14719939829905368,21.0,False
2021-11-29,ASELS.IS,0.13292133220204733,27.0,False
2021-11-29,BIMAS.IS,0.10824389312368844,44.0,False
2021-11-29,BIZIM.IS,0.07183884482889742,61.0,False
2021-11-29,BRSAN.IS,0.13752643924455527,26.0,False
2021-11-29,BSOKE.IS,0.09479736236098292,51.0,False
2021-11-29,CCOLA.IS,0.13139706797328432,29.0,False
2021-11-29,CIMSA.IS,0.15628615107274155,18.0,False
2021-11-29,CLEBI.IS,0.1730113752113133,12.0,False
2021-11-29,DOAS.IS,0.18430834267240553,5.0,True
2021-11-29,DOHOL.IS,0.09426870452635212,52.0,False
2021-11-29,ECILC.IS,0.10032036115015074,46.0,False
2021-11-29,EKGYO.IS,0.18167893597547752,8.0,True
2021-11-29,ENKAI.IS,0.16330455423210113,13.0,False
2021-11-29,EREGL.IS,0.18311847600402056,7.0,True
2021-11-29,FROTO.IS,0.16284834873920037,15.0,False
2021-11-29,GARAN.IS,0.09387999026138959,54.0,False
2021-11-29,GENTS.IS,0.09619196386048803,50.0,False
2021-11-29,GUBRF.IS,0.22402615026183545,1.0,True
2021-11-29,HALKB.IS,0.07968566614220683,57.0,False
2021-11-29,HEKTS.IS,0.11609733398205126,36.0,False
2021-11-29,ISCTR.IS,0.07963721987133882,58.0,False
2021-11-29,ISGYO.IS,0.17650094551003961,11.0,False
2021-11-29,KCHOL.IS,0.11918494646584032,34.0,False
2021-11-29,KONTR.IS,0.14020141710383205,25.0,False
2021-11-29,KORDS.IS,0.15250387944783256,19.0,False
2021-11-29,KRDMD.IS,0.13232386957918454,28.0,False
2021-11-29,LOGO.IS,0.1184139971139348,35.0,False
2021-11-29,MAVI.IS,0.11326257174419155,37.0,False
2021-11-29,MGROS.IS,0.15701615170412003,16.0,False
2021-11-29,ODAS.IS,0.09866695210394247,48.0,False
2021-11-29,OTKAR.IS,0.183570657273595,6.0,True
2021-11-29,OYAKC.IS,0.09952758003864946,47.0,False
2021-11-29,PETKM.IS,0.11326257174419155,38.0,False
2021-11-29,PGSUS.IS,0.18031608835403104,9.0,True
2021-11-29,SAHOL.IS,0.12084708280789466,33.0,False
2021-11-29,SASA.IS,0.1944550680431738,4.0,True
2021-11-29,SELEC.IS,0.12786850475654768,30.0,False
2021-11-29,SISE.IS,0.1485824614206573,20.0,False
2021-11-29,SKBNK.IS,0.11242872040549379,40.0,False
2021-11-29,SOKM.IS,0.07363659651734548,60.0,False
2021-11-29,TAVHL.IS,0.15685862290957941,17.0,False
2021-11-29,TCELL.IS,0.12089484741823013,32.0,False
2021-11-29,THYAO.IS,0.2010062078053023,3.0,True
2021-11-29,TKFEN.IS,0.1632469855560028,14.0,False
2021-11-29,TOASO.IS,0.2132826998592439,2.0,True
2021-11-29,TRGYO.IS,0.11229755304367356,41.0,False
2021-11-29,TSKB.IS,0.10601821958656728,45.0,False
2021-11-29,TTKOM.IS,0.14538141075567143,22.0,False
2021-11-29,TTRAK.IS,0.11143316473504217,43.0,False
2021-11-29,TUPRS.IS,0.12637782673597228,31.0,False
2021-11-29,TURSG.IS,0.09398384100703225,53.0,False
2021-11-29,ULKER.IS,0.09636557460657999,49.0,False
2021-11-29,VAKBN.IS,0.08922396120947963,55.0,False
2021-11-29,VESTL.IS,0.14388144162001132,23.0,False
2021-11-29,YKBNK.IS,0.08250581790293406,56.0,False
2022-02-21,AEFES.IS,0.12869482622127515,36.0,False
2022-02-21,AGHOL.IS,0.11504891943763852,43.0,False
2022-02-21,AKBNK.IS,0.13378979022609525,33.0,False
2022-02-21,ALARK.IS,0.2658111898272505,2.0,True
2022-02-21,ANSGR.IS,0.10622561608057926,52.0,False
2022-02-21,ARCLK.IS,0.17833507051973907,12.0,False
2022-02-21,ASELS.IS,0.1155023276040556,42.0,False
2022-02-21,BIMAS.IS,0.14065902033523386,25.0,False
2022-02-21,BIZIM.IS,0.11028247261175905,51.0,False
2022-02-21,BRSAN.IS,0.07386778492938971,61.0,False
2022-02-21,BSOKE.IS,0.09561709880130342,55.0,False
2022-02-21,CCOLA.IS,0.14446620040961292,22.0,False
2022-02-21,CIMSA.IS,0.14327356383867315,23.0,False
2022-02-21,CLEBI.IS,0.13859296643382665,30.0,False
2022-02-21,DOAS.IS,0.19555750005812148,8.0,True
2022-02-21,DOHOL.IS,0.11202486287501014,46.0,False
2022-02-21,ECILC.IS,0.14065902033523386,26.0,False
2022-02-21,EKGYO.IS,0.11056045491550026,50.0,False
2022-02-21,ENKAI.IS,0.20417778711176954,5.0,True
2022-02-21,EREGL.IS,0.18563263338930394,10.0,True
2022-02-21,FROTO.IS,0.17042240457593413,14.0,False
2022-02-21,GARAN.IS,0.12628803427590782,37.0,False
2022-02-21,GENTS.IS,0.11088115219283662,49.0,False
2022-02-21,GUBRF.IS,0.11095141494135902,48.0,False
2022-02-21,HALKB.IS,0.10131609086951071,53.0,False
2022-02-21,HEKTS.IS,0.14992307372777683,21.0,False
2022-02-21,ISCTR.IS,0.13625382530660768,32.0,False
2022-02-21,ISGYO.IS,0.31089069646647305,1.0,True
2022-02-21,KCHOL.IS,0.1987501858304908,7.0,True
2022-02-21,KONTR.IS,0.22937320512320541,3.0,True
2022-02-21,KORDS.IS,0.18762289036339086,9.0,True
2022-02-21,KRDMD.IS,0.15848773690250903,17.0,False
2022-02-21,LOGO.IS,0.12231265267697622,38.0,False
2022-02-21,MAVI.IS,0.13145471170829345,35.0,False
2022-02-21,MGROS.IS,0.09010693066589108,57.0,False
2022-02-21,ODAS.IS,0.13839838411675054,31.0,False
2022-02-21,OTKAR.IS,0.1397456520233124,27.0,False
2022-02-21,OYAKC.IS,0.07792458180294806,60.0,False
2022-02-21,PETKM.IS,0.16334588488874385,16.0,False
2022-02-21,PGSUS.IS,0.11701976754364421,41.0,False
2022-02-21,SAHOL.IS,0.2085329754677279,4.0,True
2022-02-21,SASA.IS,0.15538048848895675,18.0,False
2022-02-21,SELEC.IS,0.11994454452422575,40.0,False
2022-02-21,SISE.IS,0.17894901377185876,11.0,False
2022-02-21,SKBNK.IS,0.13919494966096857,28.0,False
2022-02-21,SOKM.IS,0.11178048144705152,47.0,False
2022-02-21,TAVHL.IS,0.13147428545071013,34.0,False
2022-02-21,TCELL.IS,0.11455608910118927,44.0,False
2022-02-21,THYAO.IS,0.1547544122672419,20.0,False
2022-02-21,TKFEN.IS,0.12000455922660914,39.0,False
2022-02-21,TOASO.IS,0.1686406109013882,15.0,False
2022-02-21,TRGYO.IS,0.17465697652399748,13.0,False
2022-02-21,TSKB.IS,0.08542745182528752,58.0,False
2022-02-21,TTKOM.IS,0.13914565529599143,29.0,False
2022-02-21,TTRAK.IS,0.1426093989068303,24.0,False
2022-02-21,TUPRS.IS,0.15500411518026072,19.0,False
2022-02-21,TURSG.IS,0.09502058143742574,56.0,False
2022-02-21,ULKER.IS,0.08518696251526811,59.0,False
2022-02-21,VAKBN.IS,0.09803182139711185,54.0,False
2022-02-21,VESTL.IS,0.11351793493285993,45.0,False
2022-02-21,YKBNK.IS,0.2024596915959954,6.0,True
2022-05-20,AEFES.IS,0.12917365208572337,55.0,False
2022-05-20,AGHOL.IS,0.15301134403439065,35.0,False
2022-05-20,AKBNK.IS,0.16372768486182412,29.0,False
2022-05-20,ALARK.IS,0.183249606371597,22.0,False
2022-05-20,ANSGR.IS,0.09635414208749456,63.0,False
2022-05-20,ARCLK.IS,0.15087106104834358,37.0,False
2022-05-20,ASELS.IS,0.19300822591505734,17.0,False
2022-05-20,BIMAS.IS,0.12227529685863657,58.0,False
2022-05-20,BIZIM.IS,0.1386175227217052,46.0,False
2022-05-20,BRSAN.IS,0.11998738804750292,59.0,False
2022-05-20,BSOKE.IS,0.09609831908331595,64.0,False
2022-05-20,CANTE.IS,0.4070647909579636,1.0,True
2022-05-20,CCOLA.IS,0.1445210214665302,41.0,False
2022-05-20,CIMSA.IS,0.15301134403439065,36.0,False
2022-05-20,CLEBI.IS,0.17824734234678916,25.0,False
2022-05-20,DOAS.IS,0.2347092406114882,5.0,True
2022-05-20,DOHOL.IS,0.19355661769519075,16.0,False
2022-05-20,ECILC.IS,0.16382572167548437,28.0,False
2022-05-20,EKGYO.IS,0.21616248441874872,8.0,True
2022-05-20,ENKAI.IS,0.16372768486182412,30.0,False
2022-05-20,EREGL.IS,0.1812148794602875,24.0,False
2022-05-20,FROTO.IS,0.15930848655947244,33.0,False
2022-05-20,GARAN.IS,0.14220338316693196,43.0,False
2022-05-20,GENTS.IS,0.19674424256858644,14.0,False
2022-05-20,GUBRF.IS,0.12981991139128823,54.0,False
2022-05-20,HALKB.IS,0.13139287669434213,51.0,False
2022-05-20,HEKTS.IS,0.24878510505330212,3.0,True
2022-05-20,ISCTR.IS,0.14706962158143339,38.0,False
2022-05-20,ISGYO.IS,0.19234192410066858,19.0,False
2022-05-20,KCHOL.IS,0.1643358900304156,27.0,False
2022-05-20,KONTR.IS,0.20678164950363148,11.0,False
2022-05-20,KORDS.IS,0.16216679675797674,31.0,False
2022-05-20,KRDMD.IS,0.19907280352591977,13.0,False
2022-05-20,LOGO.IS,0.13139287669434213,52.0,False
2022-05-20,MAVI.IS,0.1596656003975878,32.0,False
2022-05-20,MGROS.IS,0.13994402799342745,44.0,False
2022-05-20,MTRKS.IS,0.2550326172517876,2.0,True
2022-05-20,ODAS.IS,0.19522012372097966,15.0,False
2022-05-20,OTKAR.IS,0.16677632361563893,26.0,False
2022-05-20,OYAKC.IS,0.22588023939270482,6.0,True
2022-05-20,PETKM.IS,0.1380177700010629,47.0,False
2022-05-20,PGSUS.IS,0.1434204645138534,42.0,False
2022-05-20,SAHOL.IS,0.11510618714851927,60.0,False
2022-05-20,SASA.IS,0.21241022957692732,10.0,True
2022-05-20,SELEC.IS,0.22331938642817428,7.0,True
2022-05-20,SISE.IS,0.1891520816019718,20.0,False
2022-05-20,SKBNK.IS,0.13971748219596608,45.0,False
2022-05-20,SOKM.IS,0.13718267134077955,48.0,False
2022-05-20,TAVHL.IS,0.13421467638098186,50.0,False
2022-05-20,TCELL.IS,0.14640274939952636,39.0,False
2022-05-20,THYAO.IS,0.1581799277249873,34.0,False
2022-05-20,TKFEN.IS,0.20026213524768444,12.0,False
2022-05-20,TOASO.IS,0.14610641897308385,40.0,False
2022-05-20,TRGYO.IS,0.18475835165496524,21.0,False
2022-05-20,TSKB.IS,0.235635811594954,4.0,True
2022-05-20,TTKOM.IS,0.1926076558512784,18.0,False
2022-05-20,TTRAK.IS,0.12261010061568081,57.0,False
2022-05-20,TUPRS.IS,0.18307264955415856,23.0,False
2022-05-20,TUREX.IS,0.13551696483532194,49.0,False
2022-05-20,TURSG.IS,0.1058462355005809,62.0,False
2022-05-20,ULKER.IS,0.11324051912804804,61.0,False
2022-05-20,VAKBN.IS,0.12425502040451716,56.0,False
2022-05-20,VESTL.IS,0.13139287669434213,53.0,False
2022-05-20,YKBNK.IS,0.21497122326107512,9.0,True
2022-08-17,AEFES.IS,0.17385094892005803,32.0,False
2022-08-17,AGHOL.IS,0.2531416505468938,8.0,True
2022-08-17,AKBNK.IS,0.22402615026183545,15.0,False
2022-08-17,ALARK.IS,0.1772737578040777,31.0,False
2022-08-17,ANSGR.IS,0.15813605174796347,42.0,False
2022-08-17,ARCLK.IS,0.16890879867196776,35.0,False
2022-08-17,ASELS.IS,0.14097553396861712,48.0,False
2022-08-17,BIMAS.IS,0.145098945662055,46.0,False
2022-08-17,BIZIM.IS,0.24784971734715136,9.0,True
2022-08-17,BRSAN.IS,0.2306330601554367,12.0,False
2022-08-17,BSOKE.IS,0.12903077577897748,54.0,False
2022-08-17,CANTE.IS,0.31068167055784396,4.0,True
2022-08-17,CCOLA.IS,0.13799713178021994,50.0,False
2022-08-17,CIMSA.IS,0.2294618840047616,13.0,False
2022-08-17,CLEBI.IS,0.2175476084059986,17.0,False
2022-08-17,DOAS.IS,0.171014467049707,34.0,False
2022-08-17,DOHOL.IS,0.17775516847555475,30.0,False
2022-08-17,ECILC.IS,0.21122636380981863,19.0,False
2022-08-17,EKGYO.IS,0.18720362343873012,26.0,False
2022-08-17,ENKAI.IS,0.16060169648650985,41.0,False
2022-08-17,EREGL.IS,0.12868386857391897,55.0,False
2022-08-17,FROTO.IS,0.1165758468923797,59.0,False
2022-08-17,GARAN.IS,0.165214586172184,36.0,False
2022-08-17,GENTS.IS,0.17892796832079252,29.0,False
2022-08-17,GUBRF.IS,0.19531971609291235,23.0,False
2022-08-17,HALKB.IS,0.13703807988405212,52.0,False
2022-08-17,HEKTS.IS,0.4656550979632756,1.0,True
2022-08-17,ISCTR.IS,0.1566528213639599,44.0,False
2022-08-17,ISGYO.IS,-0.014375844911689578,64.0,False
2022-08-17,KCHOL.IS,0.14101418248135214,47.0,False
2022-08-17,KONTR.IS,0.28208766209234704,5.0,True
2022-08-17,KORDS.IS,0.16495472363234664,37.0,False
2022-08-17,KRDMD.IS,0.1209852753080931,58.0,False
2022-08-17,LOGO.IS,0.11247310284038033,61.0,False
2022-08-17,MAVI.IS,0.25779921584208054,6.0,True
2022-08-17,MGROS.IS,0.24720131905566642,10.0,True
2022-08-17,MTRKS.IS,0.19301638456324272,24.0,False
2022-08-17,ODAS.IS,0.3228831997013615,2.0,True
2022-08-17,OTKAR.IS,0.12380889695985171,56.0,False
2022-08-17,OYAKC.IS,0.1879315564577282,25.0,False
2022-08-17,PETKM.IS,0.139000211476291,49.0,False
2022-08-17,PGSUS.IS,0.31846427154241963,3.0,True
2022-08-17,SAHOL.IS,0.16112949778604735,40.0,False
2022-08-17,SASA.IS,0.2560637554195566,7.0,True
2022-08-17,SELEC.IS,0.19641814677094332,22.0,False
2022-08-17,SISE.IS,0.2316405928636036,11.0,False
2022-08-17,SKBNK.IS,0.1807282665484437,28.0,False
2022-08-17,SOKM.IS,0.21120903276616046,20.0,False
2022-08-17,TAVHL.IS,0.19716308979600736,21.0,False
2022-08-17,TCELL.IS,0.1121045087997149,62.0,False
2022-08-17,THYAO.IS,0.1373551387140249,51.0,False
2022-08-17,TKFEN.IS,0.17311101059346864,33.0,False
2022-08-17,TOASO.IS,0.15743841499833064,43.0,False
2022-08-17,TRGYO.IS,0.16495472363234664,38.0,False
2022-08-17,TSKB.IS,0.21314698146553823,18.0,False
2022-08-17,TTKOM.IS,0.1486060614843093,45.0,False
2022-08-17,TTRAK.IS,0.13629171617939967,53.0,False
2022-08-17,TUPRS.IS,0.16170442837114857,39.0,False
2022-08-17,TUREX.IS,0.12165206525220117,57.0,False
2022-08-17,TURSG.IS,0.21960004931383717,16.0,False
2022-08-17,ULKER.IS,0.11523054215008548,60.0,False
2022-08-17,VAKBN.IS,0.22470815231193225,14.0,False
2022-08-17,VESTL.IS,0.078980203638052,63.0,False
2022-08-17,YKBNK.IS,0.18720362343873012,27.0,False
2022-11-10,AEFES.IS,0.16216097095766557,49.0,False
2022-11-10,AGHOL.IS,0.13083837474533067,61.0,False
2022-11-10,AKBNK.IS,0.15158061320656513,54.0,False
2022-11-10,ALARK.IS,0.2374124753704511,11.0,False
2022-11-10,ANSGR.IS,0.29196274813630624,8.0,True
2022-11-10,ARCLK.IS,0.14122842634842694,57.0,False
2022-11-10,ASELS.IS,0.17279485499163322,43.0,False
2022-11-10,BIMAS.IS,0.19733036359930953,26.0,False
2022-11-10,BIZIM.IS,0.1430805138800494,56.0,False
2022-11-10,BRSAN.IS,0.20885835740765213,23.0,False
2022-11-10,BSOKE.IS,0.19572462029399804,27.0,False
2022-11-10,CANTE.IS,0.16420058027217216,45.0,False
2022-11-10,CCOLA.IS,0.16088689579136142,50.0,False
2022-11-10,CIMSA.IS,0.20829895294654696,24.0,False
2022-11-10,CLEBI.IS,0.25109273970592144,10.0,True
2022-11-10,DOAS.IS,0.185842034045491,33.0,False
2022-11-10,DOHOL.IS,0.21241022957692732,19.0,False
2022-11-10,ECILC.IS,0.2125553267422949,18.0,False
2022-11-10,EKGYO.IS,0.1547544122672419,53.0,False
2022-11-10,ENKAI.IS,0.13584889494779362,60.0,False
2022-11-10,EREGL.IS,0.17297836984873782,42.0,False
2022-11-10,FROTO.IS,0.12983832276624818,62.0,False
2022-11-10,GARAN.IS,0.1566308728427942,52.0,False
2022-11-10,GENTS.IS,0.18058447276685208,37.0,False
2022-11-10,GESAN.IS,0.31026573744919417,6.0,True
2022-11-10,GUBRF.IS,0.2150559911514276,15.0,False
2022-11-10,HALKB.IS,0.13967800660645274,58.0,False
2022-11-10,HEKTS.IS,0.19234192410066858,30.0,False
2022-11-10,ISCTR.IS,0.08221376229015342,65.0,False
2022-11-10,ISGYO.IS,0.6907124130322545,1.0,True
2022-11-10,KCHOL.IS,0.21271971216913063,16.0,False
2022-11-10,KONTR.IS,0.16420058027217216,46.0,False
2022-11-10,KORDS.IS,0.19118334446434718,31.0,False
2022-11-10,KRDMD.IS,0.17456411334138822,39.0,False
2022-11-10,LOGO.IS,0.09413637118650953,63.0,False
2022-11-10,MAVI.IS,0.15700490943606615,51.0,False
2022-11-10,MGROS.IS,0.2102214565986929,20.0,False
2022-11-10,MTRKS.IS,0.6257706909496852,2.0,True
2022-11-10,ODAS.IS,0.16420058027217216,47.0,False
2022-11-10,OTKAR.IS,0.19341413698771265,29.0,False
2022-11-10,OYAKC.IS,0.20701966452696505,25.0,False
2022-11-10,PETKM.IS,0.18626481524193836,32.0,False
2022-11-10,PGSUS.IS,0.2102214565986929,21.0,False
2022-11-10,SAHOL.IS,0.21271971216913063,17.0,False
2022-11-10,SASA.IS,0.1948398692566062,28.0,False
2022-11-10,SELEC.IS,0.2092220908973139,22.0,False
2022-11-10,SISE.IS,0.09232623601377371,64.0,False
2022-11-10,SKBNK.IS,0.40134372872316837,4.0,True
2022-11-10,SOKM.IS,0.1432044696955467,55.0,False
2022-11-10,TAVHL.IS,0.16325300585677174,48.0,False
2022-11-10,TCELL.IS,0.2676303171783856,9.0,True
2022-11-10,THYAO.IS,0.40950421326559716,3.0,True
2022-11-10,TKFEN.IS,0.17370239110787686,40.0,False
2022-11-10,TOASO.IS,0.16782475815606396,44.0,False
2022-11-10,TRGYO.IS,0.18096898357490276,36.0,False
2022-11-10,TSKB.IS,0.39182930897829904,5.0,True
2022-11-10,TTKOM.IS,0.21792215199839254,14.0,False
2022-11-10,TTRAK.IS,0.2357857656744022,12.0,False
2022-11-10,TUPRS.IS,0.22031161401601113,13.0,False
2022-11-10,TUREX.IS,0.13758533624555094,59.0,False
2022-11-10,TURSG.IS,0.2984141013899879,7.0,True
2022-11-10,ULKER.IS,0.1800504730194159,38.0,False
2022-11-10,VAKBN.IS,0.17346186335275104,41.0,False
2022-11-10,VESTL.IS,0.18293962843515024,35.0,False
2022-11-10,YKBNK.IS,0.18358156507824083,34.0,False
2023-02-02,AEFES.IS,0.20501879958842617,13.0,False
2023-02-02,AGHOL.IS,0.1803724558746217,23.0,False
2023-02-02,AKBNK.IS,0.21610842062913893,9.0,True
2023-02-02,ALARK.IS,0.19950810510848815,15.0,False
2023-02-02,ANSGR.IS,0.12836825900509913,43.0,False
2023-02-02,ARCLK.IS,0.2013713667466828,14.0,False
2023-02-02,ASELS.IS,0.10394250470965952,55.0,False
2023-02-02,BIMAS.IS,0.1929267663849921,18.0,False
2023-02-02,BIZIM.IS,0.37120331213286173,5.0,True
2023-02-02,BRSAN.IS,0.13420254049442645,41.0,False
2023-02-02,BSOKE.IS,0.2091176457358768,11.0,False
2023-02-02,CANTE.IS,0.4116012181045026,2.0,True
2023-02-02,CCOLA.IS,0.16328334204762388,30.0,False
2023-02-02,CIMSA.IS,0.1635147138419281,29.0,False
2023-02-02,CLEBI.IS,0.1808662886743962,22.0,False
2023-02-02,DOAS.IS,0.09782755498272551,59.0,False
2023-02-02,DOHOL.IS,0.07681158617542923,62.0,False
2023-02-02,ECILC.IS,0.08167646246416242,61.0,False
2023-02-02,EKGYO.IS,0.08767064396439624,60.0,False
2023-02-02,ENKAI.IS,0.18017970573019168,24.0,False
2023-02-02,EREGL.IS,0.15402930196207568,36.0,False
2023-02-02,FROTO.IS,0.17370239110787686,26.0,False
2023-02-02,GARAN.IS,0.2240499933937567,8.0,True
2023-02-02,GENTS.IS,0.18836177808234938,20.0,False
2023-02-02,GESAN.IS,-0.034033103626400295,64.0,False
2023-02-02,GUBRF.IS,0.10321497177468972,56.0,False
2023-02-02,HALKB.IS,0.15142905355946074,38.0,False
2023-02-02,HEKTS.IS,-0.042298852143336105,65.0,False
2023-02-02,ISCTR.IS,0.1557484393972157,34.0,False
2023-02-02,ISGYO.IS,0.1569296098911,31.0,False
2023-02-02,KCHOL.IS,0.12453541141925646,45.0,False
2023-02-02,KONTR.IS,-0.042298852143336105,66.0,False
2023-02-02,KORDS.IS,0.1190050623117394,48.0,False
2023-02-02,KRDMD.IS,0.1797774763656516,25.0,False
2023-02-02,LOGO.IS,0.15402930196207568,37.0,False
2023-02-02,MAVI.IS,0.11436184659669213,51.0,False
2023-02-02,MGROS.IS,0.1917398545618554,19.0,False
2023-02-02,MIATK.IS,0.1558694095873192,32.0,False
2023-02-02,MTRKS.IS,0.21159474394054195,10.0,True
2023-02-02,ODAS.IS,0.24785990133375432,7.0,True
2023-02-02,OTKAR.IS,0.12836825900509913,44.0,False
2023-02-02,OYAKC.IS,0.19662440053916733,16.0,False
2023-02-02,PETKM.IS,0.16741079647404697,27.0,False
2023-02-02,PGSUS.IS,0.11282805348471918,52.0,False
2023-02-02,SAHOL.IS,0.12253350941357528,46.0,False
2023-02-02,SASA.IS,0.4754738700297885,1.0,True
2023-02-02,SELEC.IS,0.11910669788542813,47.0,False
2023-02-02,SISE.IS,0.1546572501853152,35.0,False
2023-02-02,SKBNK.IS,0.10921151876437823,53.0,False
2023-02-02,SOKM.IS,0.20701511777973133,12.0,False
2023-02-02,TAVHL.IS,0.1441608366137027,39.0,False
2023-02-02,TCELL.IS,0.1667836402041485,28.0,False
2023-02-02,THYAO.IS,-0.014375844911689578,63.0,False
2023-02-02,TKFEN.IS,0.3855809870959749,4.0,True
2023-02-02,TOASO.IS,0.19469498865075596,17.0,False
2023-02-02,TRGYO.IS,0.10020229506969708,58.0,False
2023-02-02,TSKB.IS,0.11750700886883128,49.0,False
2023-02-02,TTKOM.IS,0.1021421442460605,57.0,False
2023-02-02,TTRAK.IS,0.14169852832049495,40.0,False
2023-02-02,TUPRS.IS,0.15580275389729462,33.0,False
2023-02-02,TUREX.IS,0.18428476979948416,21.0,False
2023-02-02,TURSG.IS,0.12999176152824676,42.0,False
2023-02-02,ULKER.IS,0.11479625196591979,50.0,False
2023-02-02,VAKBN.IS,0.3870564883524786,3.0,True
2023-02-02,VESTL.IS,0.10643757826090772,54.0,False
2023-02-02,YKBNK.IS,0.3334546527944588,6.0,True
2023-05-05,AEFES.IS,0.19763541311701943,54.0,False
2023-05-05,AGHOL.IS,0.18762792325570385,55.0,False
2023-05-05,AKBNK.IS,0.36499852004363575,38.0,False
2023-05-05,ALARK.IS,0.5536787206817821,10.0,True
2023-05-05,ANSGR.IS,0.14353280586658967,63.0,False
2023-05-05,ARCLK.IS,0.4236836226926694,22.0,False
2023-05-05,ASELS.IS,0.6619060398270872,3.0,True
2023-05-05,BIMAS.IS,0.23246388690956876,50.0,False
2023-05-05,BIZIM.IS,0.6228481598184937,7.0,True
2023-05-05,BRSAN.IS,0.39012458512408066,30.0,False
2023-05-05,BSOKE.IS,0.6471755770942108,5.0,True
2023-05-05,CANTE.IS,0.6114096714356863,8.0,True
2023-05-05,CCOLA.IS,0.17297836984873782,60.0,False
2023-05-05,CIMSA.IS,0.3871141181383206,33.0,False
2023-05-05,CLEBI.IS,0.38735472792100395,32.0,False
2023-05-05,DOAS.IS,0.43685887736482215,18.0,False
2023-05-05,DOHOL.IS,0.34882548279173464,39.0,False
2023-05-05,ECILC.IS,0.21536706531039634,51.0,False
2023-05-05,EKGYO.IS,0.6768005292879056,2.0,True
2023-05-05,ENKAI.IS,0.40238592229692727,28.0,False
2023-05-05,EREGL.IS,0.17659746230615722,58.0,False
2023-05-05,FROTO.IS,0.24119927099847852,48.0,False
2023-05-05,GARAN.IS,0.1822578644707254,57.0,False
2023-05-05,GENTS.IS,0.24169182861495633,47.0,False
2023-05-05,GESAN.IS,0.3399602635113518,43.0,False
2023-05-05,GUBRF.IS,0.5849561095115038,9.0,True
2023-05-05,HALKB.IS,0.3403895354995843,42.0,False
2023-05-05,HEKTS.IS,0.43352159053895206,19.0,False
2023-05-05,ISCTR.IS,0.11342193798094952,65.0,False
2023-05-05,ISGYO.IS,0.5350779865570925,13.0,False
2023-05-05,KCHOL.IS,0.24119927099847852,49.0,False
2023-05-05,KONTR.IS,0.4754361764154257,15.0,False
2023-05-05,KORDS.IS,0.4047940612126651,27.0,False
2023-05-05,KRDMD.IS,0.4197863309717576,23.0,False
2023-05-05,LOGO.IS,0.26606858424749386,45.0,False
2023-05-05,MAVI.IS,0.368490408275432,36.0,False
2023-05-05,MGROS.IS,0.16332702196443172,61.0,False
2023-05-05,MIATK.IS,0.3380018372347293,44.0,False
2023-05-05,MTRKS.IS,0.08715739033952431,66.0,False
2023-05-05,ODAS.IS,0.682109667345754,1.0,True
2023-05-05,OTKAR.IS,0.3468381435232952,40.0,False
2023-05-05,OYAKC.IS,0.13762278822013432,64.0,False
2023-05-05,PETKM.IS,0.38416881561951083,34.0,False
2023-05-05,PGSUS.IS,0.34571538963361714,41.0,False
2023-05-05,SAHOL.IS,0.2074142962737352,52.0,False
2023-05-05,SASA.IS,0.38213356383936387,35.0,False
2023-05-05,SELEC.IS,0.465622105011606,16.0,False
2023-05-05,SISE.IS,0.368490408275432,37.0,False
2023-05-05,SKBNK.IS,0.5504710091026528,11.0,False
2023-05-05,SOKM.IS,0.16046083578231937,62.0,False
2023-05-05,TAVHL.IS,0.4166691099173076,24.0,False
2023-05-05,TCELL.IS,0.429384167525717,20.0,False
2023-05-05,THYAO.IS,0.38901270207428007,31.0,False
2023-05-05,TKFEN.IS,0.6340945283842547,6.0,True
2023-05-05,TOASO.IS,0.20026011247474115,53.0,False
2023-05-05,TRGYO.IS,0.4119859607021388,26.0,False
2023-05-05,TSKB.IS,0.3958954791329611,29.0,False
2023-05-05,TTKOM.IS,0.5343095269813254,14.0,False
2023-05-05,TTRAK.IS,0.2460621749363369,46.0,False
2023-05-05,TUPRS.IS,0.4412791476726531,17.0,False
2023-05-05,TUREX.IS,0.41578822368560164,25.0,False
2023-05-05,TURSG.IS,0.1730113752113133,59.0,False
2023-05-05,ULKER.IS,0.5471540280037341,12.0,False
2023-05-05,VAKBN.IS,0.4249596117824093,21.0,False
2023-05-05,VESTL.IS,0.652647350060451,4.0,True
2023-05-05,YKBNK.IS,0.18501912526368772,56.0,False
2023-08-03,AEFES.IS,0.27785998429855313,11.0,False
2023-08-03,AGHOL.IS,0.16159988599193503,57.0,False
2023-08-03,AKBNK.IS,0.18694168180591952,40.0,False
2023-08-03,ALARK.IS,0.24036808899424486,18.0,False
2023-08-03,ANSGR.IS,0.21901566275563644,24.0,False
2023-08-03,ARCLK.IS,0.16434324606667558,54.0,False
2023-08-03,ASELS.IS,0.2546050908237218,14.0,False
2023-08-03,BIMAS.IS,0.2150559911514276,27.0,False
2023-08-03,BIZIM.IS,0.1945607370815076,35.0,False
2023-08-03,BRSAN.IS,0.19234192410066858,36.0,False
2023-08-03,BSOKE.IS,0.19531259957415334,34.0,False
2023-08-03,CANTE.IS,0.1369154640495972,61.0,False
2023-08-03,CCOLA.IS,0.19849115638844717,33.0,False
2023-08-03,CIMSA.IS,0.39184851331302956,5.0,True
2023-08-03,CLEBI.IS,0.28482524796105224,9.0,True
2023-08-03,DOAS.IS,0.28313513259248935,10.0,True
2023-08-03,DOHOL.IS,0.08909888332508314,66.0,False
2023-08-03,ECILC.IS,0.15222651258502123,59.0,False
2023-08-03,EKGYO.IS,0.19193538606669666,37.0,False
2023-08-03,ENKAI.IS,0.15323134200368915,58.0,False
2023-08-03,EREGL.IS,0.16962882548163394,51.0,False
2023-08-03,FROTO.IS,0.2530965814619629,15.0,False
2023-08-03,GARAN.IS,0.20358947875379743,32.0,False
2023-08-03,GENTS.IS,0.17295106505040533,50.0,False
2023-08-03,GESAN.IS,0.05854169484960828,67.0,False
2023-08-03,GUBRF.IS,0.2604154492080431,13.0,False
2023-08-03,HALKB.IS,0.17661167733067315,48.0,False
2023-08-03,HEKTS.IS,0.12189552507404426,63.0,False
2023-08-03,ISCTR.IS,0.14060958005535706,60.0,False
2023-08-03,ISGYO.IS,0.22272771812456907,23.0,False
2023-08-03,KCAER.IS,0.20446972937260235,30.0,False
2023-08-03,KCHOL.IS,0.24096656858617566,17.0,False
2023-08-03,KONTR.IS,0.16420058027217216,55.0,False
2023-08-03,KORDS.IS,0.18963965120283702,38.0,False
2023-08-03,KRDMD.IS,0.2398413630608633,19.0,False
2023-08-03,LOGO.IS,0.18293962843515024,42.0,False
2023-08-03,MAVI.IS,0.21863727585118817,25.0,False
2023-08-03,MGROS.IS,0.34058823405917343,7.0,True
2023-08-03,MIATK.IS,0.4321596996919866,2.0,True
2023-08-03,MTRKS.IS,0.1633749017056684,56.0,False
2023-08-03,ODAS.IS,0.16842604827066374,52.0,False
2023-08-03,OTKAR.IS,0.2290007137005116,21.0,False
2023-08-03,OYAKC.IS,0.3779017142766688,6.0,True
2023-08-03,PETKM.IS,0.18720362343873012,39.0,False
2023-08-03,PGSUS.IS,0.40593653642233335,4.0,True
2023-08-03,SAHOL.IS,0.18096898357490276,45.0,False
2023-08-03,SASA.IS,0.1277526951923265,62.0,False
2023-08-03,SELEC.IS,0.1785179107625556,47.0,False
2023-08-03,SISE.IS,0.18261160326341466,43.0,False
2023-08-03,SKBNK.IS,0.20446972937260235,31.0,False
2023-08-03,SOKM.IS,0.23352020375422536,20.0,False
2023-08-03,TAVHL.IS,0.206579940573082,28.0,False
2023-08-03,TCELL.IS,0.2164870736622729,26.0,False
2023-08-03,THYAO.IS,0.43657917094569676,1.0,True
2023-08-03,TKFEN.IS,0.2461331366499334,16.0,False
2023-08-03,TOASO.IS,0.1010886906787734,64.0,False
2023-08-03,TRGYO.IS,0.26964764155651305,12.0,False
2023-08-03,TSKB.IS,0.16457694334247142,53.0,False
2023-08-03,TTKOM.IS,0.17529088421183076,49.0,False
2023-08-03,TTRAK.IS,0.42249114783639297,3.0,True
2023-08-03,TUPRS.IS,0.22370275159824937,22.0,False
2023-08-03,TUREX.IS,0.1848820622060881,41.0,False
2023-08-03,TURSG.IS,0.28495752255396917,8.0,True
2023-08-03,ULKER.IS,0.18099093185399634,44.0,False
2023-08-03,VAKBN.IS,0.2065321750117126,29.0,False
2023-08-03,VESTL.IS,0.17887100236599102,46.0,False
2023-08-03,YKBNK.IS,0.0972888476735361,65.0,False
2023-10-27,AEFES.IS,0.17295140651501825,37.0,False
2023-10-27,AGHOL.IS,0.1745339972234612,34.0,False
2023-10-27,AKBNK.IS,0.20250029751330006,14.0,False
2023-10-27,ALARK.IS,0.18244532474492997,30.0,False
2023-10-27,ANSGR.IS,0.19234192410066858,24.0,False
2023-10-27,ARCLK.IS,0.1682105638826962,42.0,False
2023-10-27,ASELS.IS,0.22559647662934643,9.0,True
2023-10-27,BIMAS.IS,0.20678164950363148,11.0,False
2023-10-27,BIZIM.IS,0.16959431581709103,41.0,False
2023-10-27,BRSAN.IS,0.19234192410066858,25.0,False
2023-10-27,BSOKE.IS,0.14504794709708208,54.0,False
2023-10-27,CANTE.IS,0.10157205349682064,64.0,False
2023-10-27,CCOLA.IS,0.17216406004581822,39.0,False
2023-10-27,CIMSA.IS,0.04891413096221091,65.0,False
2023-10-27,CLEBI.IS,0.15291472150382154,49.0,False
2023-10-27,DOAS.IS,0.14941169612580565,51.0,False
2023-10-27,DOHOL.IS,0.1967272973348898,18.0,False
2023-10-27,ECILC.IS,0.14083350444590312,56.0,False
2023-10-27,EKGYO.IS,0.2765687072375862,6.0,True
2023-10-27,ENKAI.IS,0.20609322487987428,12.0,False
2023-10-27,EREGL.IS,0.2264639509342901,8.0,True
2023-10-27,FROTO.IS,0.17406378468791958,35.0,False
2023-10-27,GARAN.IS,0.17585390442670013,32.0,False
2023-10-27,GENTS.IS,0.16100899169746963,45.0,False
2023-10-27,GESAN.IS,0.37684286747373713,3.0,True
2023-10-27,GUBRF.IS,0.18488114605352188,29.0,False
2023-10-27,HALKB.IS,0.1930557242908068,21.0,False
2023-10-27,HEKTS.IS,0.11439754313013963,61.0,False
2023-10-27,ISCTR.IS,0.13297164630964675,57.0,False
2023-10-27,ISGYO.IS,0.1294274850940898,59.0,False
2023-10-27,KCAER.IS,0.17535921565951496,33.0,False
2023-10-27,KCHOL.IS,0.17894482865542516,31.0,False
2023-10-27,KONTR.IS,0.10321497177468972,63.0,False
2023-10-27,KORDS.IS,0.1850420597689001,28.0,False
2023-10-27,KRDMD.IS,0.20411263870360563,13.0,False
2023-10-27,LOGO.IS,0.44008091653020287,1.0,True
2023-10-27,MAVI.IS,0.1951688563775695,19.0,False
2023-10-27,MGROS.IS,0.15063652535495806,50.0,False
2023-10-27,MIATK.IS,0.19234192410066858,26.0,False
2023-10-27,MTRKS.IS,0.34928063192804953,5.0,True
2023-10-27,ODAS.IS,0.17303202242015464,36.0,False
2023-10-27,OTKAR.IS,0.14275325882700182,55.0,False
2023-10-27,OYAKC.IS,-0.05389178910699266,67.0,False
2023-10-27,PETKM.IS,0.19268423205231516,23.0,False
2023-10-27,PGSUS.IS,0.23205021454754118,7.0,True
2023-10-27,SAHOL.IS,0.15706007837205105,47.0,False
2023-10-27,SASA.IS,0.37953688653919415,2.0,True
2023-10-27,SELEC.IS,0.10630703661468464,62.0,False
2023-10-27,SISE.IS,0.149267744804245,52.0,False
2023-10-27,SKBNK.IS,0.15910879534637812,46.0,False
2023-10-27,SOKM.IS,0.2091176457358768,10.0,True
2023-10-27,TAVHL.IS,0.1918349313613174,27.0,False
2023-10-27,TCELL.IS,0.1533555274239926,48.0,False
2023-10-27,THYAO.IS,0.2003478944720171,16.0,False
2023-10-27,TKFEN.IS,0.1930557242908068,22.0,False
2023-10-27,TOASO.IS,0.1483706471218666,53.0,False
2023-10-27,TRGYO.IS,0.1723125538978388,38.0,False
2023-10-27,TSKB.IS,0.20040259712476485,15.0,False
2023-10-27,TTKOM.IS,0.19679932352095242,17.0,False
2023-10-27,TTRAK.IS,-0.04880817846980519,66.0,False
2023-10-27,TUPRS.IS,0.12998615969586066,58.0,False
2023-10-27,TUREX.IS,0.16126667263495897,44.0,False
2023-10-27,TURSG.IS,0.1948398692566062,20.0,False
2023-10-27,ULKER.IS,0.36218599764432696,4.0,True
2023-10-27,VAKBN.IS,0.16149356502995618,43.0,False
2023-10-27,VESTL.IS,0.12455559337458261,60.0,False
2023-10-27,YKBNK.IS,0.17035492844016067,40.0,False
2024-01-23,AEFES.IS,0.16858118761513163,33.0,False
2024-01-23,AGHOL.IS,0.1951431934468434,21.0,False
2024-01-23,AKBNK.IS,0.1787164319984533,29.0,False
2024-01-23,ALARK.IS,0.14189315662090649,49.0,False
2024-01-23,ALFAS.IS,0.5280161815159936,4.0,True
2024-01-23,ANSGR.IS,0.12167799596450192,63.0,False
2024-01-23,ARCLK.IS,0.10849989246069006,66.0,False
2024-01-23,ASELS.IS,0.14345350374398907,45.0,False
2024-01-23,BIMAS.IS,0.13942301958159767,52.0,False
2024-01-23,BIZIM.IS,0.14292923644917896,48.0,False
2024-01-23,BRSAN.IS,0.3374986213731357,7.0,True
2024-01-23,BSOKE.IS,0.1822542323792115,27.0,False
2024-01-23,CANTE.IS,0.0995297117276033,68.0,False
2024-01-23,CCOLA.IS,0.23503189111647033,11.0,False
2024-01-23,CIMSA.IS,0.28066379772065825,9.0,True
2024-01-23,CLEBI.IS,0.15734215914549385,38.0,False
2024-01-23,DOAS.IS,0.1605717816950028,36.0,False
2024-01-23,DOHOL.IS,0.1384800005239116,53.0,False
2024-01-23,ECILC.IS,0.1755044892121715,31.0,False
2024-01-23,EKGYO.IS,0.1231982862366887,61.0,False
2024-01-23,ENKAI.IS,0.08810398964732474,71.0,False
2024-01-23,EREGL.IS,0.11998738804750292,64.0,False
2024-01-23,FROTO.IS,0.11784155054062358,65.0,False
2024-01-23,GARAN.IS,0.21424341102124597,15.0,False
2024-01-23,GENTS.IS,0.18284581686888166,26.0,False
2024-01-23,GESAN.IS,0.19928760281226524,19.0,False
2024-01-23,GUBRF.IS,0.5473886632546044,2.0,True
2024-01-23,HALKB.IS,0.1546306757312132,40.0,False
2024-01-23,HEKTS.IS,0.2522036536104645,10.0,True
2024-01-23,ISCTR.IS,0.1610027332000977,35.0,False
2024-01-23,ISGYO.IS,0.5325464626819725,3.0,True
2024-01-23,KCAER.IS,0.20084896550761944,18.0,False
2024-01-23,KCHOL.IS,0.1448129451500759,44.0,False
2024-01-23,KONTR.IS,0.16491122107464076,34.0,False
2024-01-23,KORDS.IS,0.08287160052094984,72.0,False
2024-01-23,KRDMD.IS,0.13373653868606178,57.0,False
2024-01-23,LOGO.IS,0.14323516239202008,46.0,False
2024-01-23,MAVI.IS,0.1559372256652029,39.0,False
2024-01-23,MGROS.IS,0.1800236691954418,28.0,False
2024-01-23,MIATK.IS,0.6271730042723076,1.0,True
2024-01-23,MTRKS.IS,0.14613159156288621,42.0,False
2024-01-23,ODAS.IS,0.3673155970604956,6.0,True
2024-01-23,ONCSM.IS,0.29127385702771985,8.0,True
2024-01-23,OTKAR.IS,0.1603467823290316,37.0,False
2024-01-23,OYAKC.IS,0.22563368550818882,13.0,False
2024-01-23,PETKM.IS,0.12697135297456916,60.0,False
2024-01-23,PGSUS.IS,0.13767184443782426,55.0,False
2024-01-23,PLTUR.IS,0.10409941028547695,67.0,False
2024-01-23,SAHOL.IS,0.09874692174568808,69.0,False
2024-01-23,SASA.IS,0.12704007390765376,59.0,False
2024-01-23,SDTTR.IS,0.14297530416714263,47.0,False
2024-01-23,SELEC.IS,0.1918349313613174,22.0,False
2024-01-23,SISE.IS,0.12279824987729193,62.0,False
2024-01-23,SKBNK.IS,0.5095252728586871,5.0,True
2024-01-23,SOKM.IS,0.17123763438628425,32.0,False
2024-01-23,TAVHL.IS,0.13364011591341854,58.0,False
2024-01-23,TCELL.IS,0.21839594323275358,14.0,False
2024-01-23,TERA.IS,0.22741311048252552,12.0,False
2024-01-23,THYAO.IS,0.14510289392449988,43.0,False
2024-01-23,TKFEN.IS,0.09693510774299997,70.0,False
2024-01-23,TOASO.IS,0.1414955054921022,50.0,False
2024-01-23,TRGYO.IS,0.19136113335800134,23.0,False
2024-01-23,TSKB.IS,0.19052553992755603,24.0,False
2024-01-23,TTKOM.IS,0.19550129432402624,20.0,False
2024-01-23,TTRAK.IS,0.20651826829247955,17.0,False
2024-01-23,TUPRS.IS,0.13547687212680143,56.0,False
2024-01-23,TUREX.IS,0.1848761862290304,25.0,False
2024-01-23,TURSG.IS,0.1503994960157366,41.0,False
2024-01-23,ULKER.IS,0.2070719013810733,16.0,False
2024-01-23,VAKBN.IS,0.14010426665619988,51.0,False
2024-01-23,VESTL.IS,0.13807682281342284,54.0,False
2024-01-23,YKBNK.IS,0.17784453642320378,30.0,False
2024-04-19,AEFES.IS,0.19686377257863572,10.0,True
2024-04-19,AGHOL.IS,0.16361566146791345,35.0,False
2024-04-19,AKBNK.IS,0.17370239110787686,25.0,False
2024-04-19,ALARK.IS,0.1423207429699994,49.0,False
2024-04-19,ALFAS.IS,0.16126667263495897,39.0,False
2024-04-19,ANSGR.IS,0.07906909589891148,71.0,False
2024-04-19,ARCLK.IS,0.11547217153859902,67.0,False
2024-04-19,ASELS.IS,0.22084721153787043,6.0,True
2024-04-19,ASTOR.IS,0.17136586637554088,29.0,False
2024-04-19,BIMAS.IS,0.15085909922134885,45.0,False
2024-04-19,BIZIM.IS,0.14013085409542886,52.0,False
2024-04-19,BRSAN.IS,-0.009132057546053207,75.0,False
2024-04-19,BSOKE.IS,0.16420058027217216,34.0,False
2024-04-19,CANTE.IS,0.07792458180294806,72.0,False
2024-04-19,CCOLA.IS,0.18942157621965713,16.0,False
2024-04-19,CIMSA.IS,0.1756728571054243,23.0,False
2024-04-19,CLEBI.IS,0.19165208890414495,13.0,False
2024-04-19,CVKMD.IS,0.15842898220101406,42.0,False
2024-04-19,DOAS.IS,0.21538518836979006,7.0,True
2024-04-19,DOHOL.IS,0.11909273445873644,66.0,False
2024-04-19,ECILC.IS,0.19052553992755603,15.0,False
2024-04-19,EKGYO.IS,0.18346062698270799,19.0,False
2024-04-19,ENKAI.IS,0.10171898706773844,68.0,False
2024-04-19,EREGL.IS,0.12951890356285733,58.0,False
2024-04-19,FROTO.IS,0.1683189239615935,31.0,False
2024-04-19,GARAN.IS,0.1800437261687934,20.0,False
2024-04-19,GENTS.IS,0.13952107388423618,53.0,False
2024-04-19,GESAN.IS,0.08074636636140835,70.0,False
2024-04-19,GOKNR.IS,0.14109191581375494,51.0,False
2024-04-19,GUBRF.IS,0.09699947589009748,69.0,False
2024-04-19,HALKB.IS,0.12705031350245033,59.0,False
2024-04-19,HEKTS.IS,0.12390832539084674,61.0,False
2024-04-19,ISCTR.IS,0.19324079806414124,12.0,False
2024-04-19,ISGYO.IS,0.16029218929411845,40.0,False
2024-04-19,KCAER.IS,0.3399361286045439,1.0,True
2024-04-19,KCHOL.IS,0.15970272221480783,41.0,False
2024-04-19,KONTR.IS,0.14198580113155132,50.0,False
2024-04-19,KORDS.IS,0.19453709439885378,11.0,False
2024-04-19,KRDMD.IS,0.1300136458669728,57.0,False
2024-04-19,LOGO.IS,0.17414322407209232,24.0,False
2024-04-19,MAVI.IS,0.15494588265327042,44.0,False
2024-04-19,MGROS.IS,0.17994107614210042,21.0,False
2024-04-19,MIATK.IS,0.21246068062940487,8.0,True
2024-04-19,MTRKS.IS,0.05646526129586768,73.0,False
2024-04-19,ODAS.IS,0.1425390650078448,47.0,False
2024-04-19,ONCSM.IS,0.20417778711176954,9.0,True
2024-04-19,OTKAR.IS,0.1835446015151137,18.0,False
2024-04-19,OYAKC.IS,0.1730113752113133,26.0,False
2024-04-19,PETKM.IS,0.1452141321832135,46.0,False
2024-04-19,PGSUS.IS,0.1613540381560481,38.0,False
2024-04-19,PLTUR.IS,0.24075526966485894,4.0,True
2024-04-19,SAHOL.IS,0.17232508190238138,27.0,False
2024-04-19,SASA.IS,0.12360773211141915,63.0,False
2024-04-19,SDTTR.IS,0.12475463156000721,60.0,False
2024-04-19,SELEC.IS,0.16180371888332049,36.0,False
2024-04-19,SISE.IS,0.12165206525220117,64.0,False
2024-04-19,SKBNK.IS,0.13399891684449106,54.0,False
2024-04-19,SOKM.IS,0.16456252832702759,33.0,False
2024-04-19,TAVHL.IS,0.16147646303983687,37.0,False
2024-04-19,TCELL.IS,0.13044305705797735,56.0,False
2024-04-19,TERA.IS,0.1839951033085784,17.0,False
2024-04-19,THYAO.IS,0.1236741759027424,62.0,False
2024-04-19,TKFEN.IS,0.12161192110106775,65.0,False
2024-04-19,TOASO.IS,0.1711062449936367,30.0,False
2024-04-19,TRGYO.IS,0.17148005169903263,28.0,False
2024-04-19,TSKB.IS,0.23680433369413953,5.0,True
2024-04-19,TTKOM.IS,0.24752000399478039,3.0,True
2024-04-19,TTRAK.IS,0.13389740433801725,55.0,False
2024-04-19,TUPRS.IS,0.15804320007982206,43.0,False
2024-04-19,TUREX.IS,0.2721312052933105,2.0,True
2024-04-19,TURSG.IS,-0.007664831959763,74.0,False
2024-04-19,ULKER.IS,0.17963647834187552,22.0,False
2024-04-19,VAKBN.IS,0.1423674110919325,48.0,False
2024-04-19,VESTL.IS,0.16605875172370257,32.0,False
2024-04-19,YKBNK.IS,0.19099407655413073,14.0,False
2024-07-22,AEFES.IS,0.18999702366273655,13.0,False
2024-07-22,AGHOL.IS,0.12207277293646347,49.0,False
2024-07-22,AKBNK.IS,0.2155087633312377,6.0,True
2024-07-22,ALARK.IS,0.09675816844646204,67.0,False
2024-07-22,ALFAS.IS,0.11425605863229385,53.0,False
2024-07-22,ANSGR.IS,0.008147698689025842,74.0,False
2024-07-22,ARCLK.IS,0.09413637118650953,69.0,False
2024-07-22,ASELS.IS,0.1132160653564589,56.0,False
2024-07-22,ASTOR.IS,0.12889779690109449,44.0,False
2024-07-22,BIMAS.IS,0.09739926783638189,65.0,False
2024-07-22,BIZIM.IS,0.11418665363142576,54.0,False
2024-07-22,BRSAN.IS,0.1495047379683902,31.0,False
2024-07-22,BSOKE.IS,-0.0369355907377275,77.0,False
2024-07-22,CANTE.IS,0.09703280595321714,66.0,False
2024-07-22,CCOLA.IS,0.12032500467498579,50.0,False
2024-07-22,CIMSA.IS,0.12637343454551334,45.0,False
2024-07-22,CLEBI.IS,0.14492495125382024,36.0,False
2024-07-22,CVKMD.IS,0.16203917649414545,23.0,False
2024-07-22,CWENE.IS,0.12464854766790977,47.0,False
2024-07-22,DOAS.IS,0.15600317285010723,25.0,False
2024-07-22,DOHOL.IS,0.10523171918434275,63.0,False
2024-07-22,ECILC.IS,0.10749183954203041,59.0,False
2024-07-22,EKGYO.IS,0.1146682129123737,52.0,False
2024-07-22,ENKAI.IS,0.12622136091670563,46.0,False
2024-07-22,EREGL.IS,0.14712766774061453,34.0,False
2024-07-22,EUPWR.IS,0.20448970076175352,8.0,True
2024-07-22,FROTO.IS,0.1471844230952236,33.0,False
2024-07-22,GARAN.IS,0.22698782840197773,5.0,True
2024-07-22,GENTS.IS,0.11747079031818826,51.0,False
2024-07-22,GESAN.IS,0.23581257202180533,3.0,True
2024-07-22,GOKNR.IS,0.14143301113055343,40.0,False
2024-07-22,GUBRF.IS,0.08893130840690516,71.0,False
2024-07-22,HALKB.IS,0.15017075392238255,30.0,False
2024-07-22,HEKTS.IS,0.13627469889123472,43.0,False
2024-07-22,ISCTR.IS,0.14120928969922505,41.0,False
2024-07-22,ISGYO.IS,0.12329960717925748,48.0,False
2024-07-22,KCAER.IS,0.16885833325531754,20.0,False
2024-07-22,KCHOL.IS,0.143948892298986,38.0,False
2024-07-22,KONTR.IS,0.10798581694875858,58.0,False
2024-07-22,KORDS.IS,0.09413637118650953,70.0,False
2024-07-22,KRDMD.IS,0.17303699517082943,19.0,False
2024-07-22,LOGO.IS,0.18024018315308732,16.0,False
2024-07-22,MAVI.IS,0.11204060277059147,57.0,False
2024-07-22,MGROS.IS,0.15250387944783256,28.0,False
2024-07-22,MIATK.IS,-0.032822423394619465,76.0,False
2024-07-22,MTRKS.IS,0.42992843233395217,1.0,True
2024-07-22,ODAS.IS,0.11418665363142576,55.0,False
2024-07-22,ONCSM.IS,0.15506645753126683,26.0,False
2024-07-22,OTKAR.IS,0.20548454824922407,7.0,True
2024-07-22,OYAKC.IS,0.14438505865443477,37.0,False
2024-07-22,PETKM.IS,0.10689815232905894,61.0,False
2024-07-22,PGSUS.IS,0.16330455423210113,22.0,False
2024-07-22,PLTUR.IS,0.18405533871139268,14.0,False
2024-07-22,SAHOL.IS,0.14747694489695654,32.0,False
2024-07-22,SASA.IS,0.08178466213096751,73.0,False
2024-07-22,SDTTR.IS,0.17615627564577327,18.0,False
2024-07-22,SELEC.IS,0.1058462355005809,62.0,False
2024-07-22,SISE.IS,0.09525301926994545,68.0,False
2024-07-22,SKBNK.IS,0.16408754713930515,21.0,False
2024-07-22,SOKM.IS,0.10245057391938481,64.0,False
2024-07-22,TAVHL.IS,0.15250387944783256,29.0,False
2024-07-22,TCELL.IS,0.1405513997758379,42.0,False
2024-07-22,TERA.IS,0.23221483471941118,4.0,True
2024-07-22,THYAO.IS,0.1414845280882582,39.0,False
2024-07-22,TKFEN.IS,0.1795646074315962,17.0,False
2024-07-22,TOASO.IS,0.10703840022079787,60.0,False
2024-07-22,TRGYO.IS,0.24171133130290579,2.0,True
2024-07-22,TSKB.IS,0.19123110158901444,12.0,False
2024-07-22,TTKOM.IS,0.18047017378765182,15.0,False
2024-07-22,TTRAK.IS,0.15254101948551976,27.0,False
2024-07-22,TUPRS.IS,0.14550175127814988,35.0,False
2024-07-22,TUREX.IS,0.1994221400032304,10.0,True
2024-07-22,TURSG.IS,-0.027303355066046406,75.0,False
2024-07-22,ULKER.IS,0.08620482973773706,72.0,False
2024-07-22,VAKBN.IS,0.1952956368966336,11.0,False
2024-07-22,VESTL.IS,0.15901265700856623,24.0,False
2024-07-22,YKBNK.IS,0.2008781238376145,9.0,True
2024-10-15,AEFES.IS,0.2328698366021108,9.0,True
2024-10-15,AGHOL.IS,0.21175018865858167,17.0,False
2024-10-15,AKBNK.IS,0.187907592061775,20.0,False
2024-10-15,ALARK.IS,0.09991930243859072,72.0,False
2024-10-15,ALFAS.IS,0.22308704933404436,12.0,False
2024-10-15,ANSGR.IS,0.24984457703788368,7.0,True
2024-10-15,ARCLK.IS,0.10668097099831828,67.0,False
2024-10-15,ASELS.IS,0.11455496859477038,58.0,False
2024-10-15,ASTOR.IS,0.14822571614755006,34.0,False
2024-10-15,BIMAS.IS,0.18384492487639134,22.0,False
2024-10-15,BIZIM.IS,0.1418049961530298,38.0,False
2024-10-15,BRSAN.IS,0.17778358747860432,23.0,False
2024-10-15,BSOKE.IS,-0.07029218865644565,77.0,False
2024-10-15,CANTE.IS,0.13608856917623,42.0,False
2024-10-15,CCOLA.IS,0.2741875396527507,4.0,True
2024-10-15,CIMSA.IS,0.1380350899537849,41.0,False
2024-10-15,CLEBI.IS,0.2711957070558886,5.0,True
2024-10-15,CVKMD.IS,0.547790632389097,1.0,True
2024-10-15,CWENE.IS,0.13285722856200216,45.0,False
2024-10-15,DOAS.IS,0.10776194157934232,66.0,False
2024-10-15,DOHOL.IS,0.14850193769092856,33.0,False
2024-10-15,ECILC.IS,0.22284148736221732,13.0,False
2024-10-15,EKGYO.IS,0.12052414928438047,56.0,False
2024-10-15,ENKAI.IS,0.15582032714002025,30.0,False
2024-10-15,EREGL.IS,0.10503555992291046,68.0,False
2024-10-15,EUPWR.IS,0.12891208910898677,47.0,False
2024-10-15,FROTO.IS,0.10503555992291046,69.0,False
2024-10-15,GARAN.IS,0.1662440219245439,25.0,False
2024-10-15,GENTS.IS,0.1455197741770761,37.0,False
2024-10-15,GESAN.IS,0.12891208910898677,48.0,False
2024-10-15,GOKNR.IS,0.15499456883588542,31.0,False
2024-10-15,GUBRF.IS,0.10853543114904238,65.0,False
2024-10-15,HALKB.IS,0.11224221264648566,61.0,False
2024-10-15,HEKTS.IS,0.12891208910898677,49.0,False
2024-10-15,ISCTR.IS,0.11380977488979208,59.0,False
2024-10-15,ISGYO.IS,0.12651358915804872,50.0,False
2024-10-15,KCAER.IS,0.14985320930154877,32.0,False
2024-10-15,KCHOL.IS,0.1020262754395122,70.0,False
2024-10-15,KONTR.IS,0.21743484974403993,15.0,False
2024-10-15,KORDS.IS,0.08654622124131009,76.0,False
2024-10-15,KRDMD.IS,0.11032128003518699,63.0,False
2024-10-15,LOGO.IS,0.11574547314469463,57.0,False
2024-10-15,MAVI.IS,0.2260342482319275,10.0,True
2024-10-15,MGROS.IS,0.11167401630406722,62.0,False
2024-10-15,MIATK.IS,0.22161008485629868,14.0,False
2024-10-15,MTRKS.IS,0.12055474747950487,55.0,False
2024-10-15,ODAS.IS,0.248883400413283,8.0,True
2024-10-15,ONCSM.IS,0.34855573742994245,3.0,True
2024-10-15,OTKAR.IS,0.13911946771562306,40.0,False
2024-10-15,OYAKC.IS,0.13400886397652823,44.0,False
2024-10-15,PETKM.IS,0.09546589043640415,73.0,False
2024-10-15,PGSUS.IS,0.16594380295426184,26.0,False
2024-10-15,PLTUR.IS,0.34985014975528617,2.0,True
2024-10-15,SAHOL.IS,0.16159927554595552,27.0,False
2024-10-15,SASA.IS,0.22556198050145193,11.0,False
2024-10-15,SDTTR.IS,0.09341133195290922,75.0,False
2024-10-15,SELEC.IS,0.12120117436884564,54.0,False
2024-10-15,SISE.IS,0.10137894999429511,71.0,False
2024-10-15,SKBNK.IS,0.09394447061022643,74.0,False
2024-10-15,SOKM.IS,0.19807847388459313,18.0,False
2024-10-15,TAVHL.IS,0.15852254936646698,29.0,False
2024-10-15,TCELL.IS,0.14692679624575283,36.0,False
2024-10-15,TERA.IS,0.18496825495035102,21.0,False
2024-10-15,THYAO.IS,0.12280280848817836,52.0,False
2024-10-15,TKFEN.IS,0.12241128728593079,53.0,False
2024-10-15,TOASO.IS,0.21525825431316026,16.0,False
2024-10-15,TRGYO.IS,0.1471844230952236,35.0,False
2024-10-15,TSKB.IS,0.13515962096634818,43.0,False
2024-10-15,TTKOM.IS,0.16872504544428416,24.0,False
2024-10-15,TTRAK.IS,0.10906147291965335,64.0,False
2024-10-15,TUPRS.IS,0.12486314203522203,51.0,False
2024-10-15,TUREX.IS,0.13039842568661503,46.0,False
2024-10-15,TURSG.IS,0.1604922031491678,28.0,False
2024-10-15,ULKER.IS,0.2575765686129302,6.0,True
2024-10-15,VAKBN.IS,0.14026884066658316,39.0,False
2024-10-15,VESTL.IS,0.11235701958129178,60.0,False
2024-10-15,YKBNK.IS,0.18941550177904629,19.0,False
2025-01-10,AEFES.IS,0.2537193823951105,2.0,True
2025-01-10,AGHOL.IS,0.19910458399874287,6.0,True
2025-01-10,AGROT.IS,0.14765448125710062,29.0,False
2025-01-10,AKBNK.IS,0.16104132030579266,22.0,False
2025-01-10,ALARK.IS,0.09438387348134518,68.0,False
2025-01-10,ALFAS.IS,0.13634126479579295,35.0,False
2025-01-10,ANSGR.IS,0.21839594323275358,4.0,True
2025-01-10,ARCLK.IS,0.1038456490939927,61.0,False
2025-01-10,ASELS.IS,0.18009426116430535,13.0,False
2025-01-10,ASTOR.IS,0.1883269470472038,12.0,False
2025-01-10,BIMAS.IS,0.13044305705797735,39.0,False
2025-01-10,BIZIM.IS,0.09244855737093918,69.0,False
2025-01-10,BRSAN.IS,0.09784232835300549,66.0,False
2025-01-10,BSOKE.IS,0.09582129949478918,67.0,False
2025-01-10,CANTE.IS,0.06519413663766205,77.0,False
2025-01-10,CCOLA.IS,0.15072846006467808,27.0,False
2025-01-10,CIMSA.IS,0.16284834873920037,21.0,False
2025-01-10,CLEBI.IS,0.18850750314967346,11.0,False
2025-01-10,CVKMD.IS,0.09905471707912122,65.0,False
2025-01-10,CWENE.IS,0.06737984221938063,76.0,False
2025-01-10,DOAS.IS,0.13246702434548546,37.0,False
2025-01-10,DOHOL.IS,0.1196743251000437,51.0,False
2025-01-10,ECILC.IS,0.10786486612833379,59.0,False
2025-01-10,EKGYO.IS,0.16393377866634987,20.0,False
2025-01-10,ENKAI.IS,0.15615127328753306,25.0,False
2025-01-10,EREGL.IS,0.12027706766806646,50.0,False
2025-01-10,EUPWR.IS,0.12208225582001689,47.0,False
2025-01-10,FROTO.IS,0.12895928080560354,40.0,False
2025-01-10,GARAN.IS,0.14520674688047436,31.0,False
2025-01-10,GENTS.IS,0.19640834439313246,7.0,True
2025-01-10,GESAN.IS,0.12074813285355154,48.0,False
2025-01-10,GOKNR.IS,0.1692748148179335,15.0,False
2025-01-10,GUBRF.IS,0.16706066254823804,18.0,False
2025-01-10,HALKB.IS,0.10187173628597052,62.0,False
2025-01-10,HEKTS.IS,0.09043842662286172,70.0,False
2025-01-10,ISCTR.IS,0.13835625111836933,34.0,False
2025-01-10,ISGYO.IS,0.15488583269039513,26.0,False
2025-01-10,KCAER.IS,0.1225222258589494,45.0,False
2025-01-10,KCHOL.IS,0.13907397565640756,33.0,False
2025-01-10,KONTR.IS,0.07613767609765755,75.0,False
2025-01-10,KORDS.IS,0.08424310213322722,72.0,False
2025-01-10,KRDMD.IS,0.10080836471576056,63.0,False
2025-01-10,LOGO.IS,0.1564262154938288,24.0,False
2025-01-10,MAVI.IS,0.11079228683107806,56.0,False
2025-01-10,MGROS.IS,0.1683349896505112,17.0,False
2025-01-10,MIATK.IS,0.12351726431317192,43.0,False
2025-01-10,MTRKS.IS,0.16579749782231112,19.0,False
2025-01-10,ODAS.IS,0.061500226128579305,79.0,False
2025-01-10,ONCSM.IS,0.08562045571520036,71.0,False
2025-01-10,OTKAR.IS,0.12307553215657238,44.0,False
2025-01-10,OYAKC.IS,0.22768354425312362,3.0,True
2025-01-10,PETKM.IS,0.10658157768476913,60.0,False
2025-01-10,PGSUS.IS,0.13163151337441129,38.0,False
2025-01-10,PLTUR.IS,0.1785179107625556,14.0,False
2025-01-10,SAHOL.IS,0.16033866031878172,23.0,False
2025-01-10,SASA.IS,0.06170012996615395,78.0,False
2025-01-10,SDTTR.IS,0.10906147291965335,58.0,False
2025-01-10,SELEC.IS,0.14526939540474085,30.0,False
2025-01-10,SISE.IS,0.08301898303030278,73.0,False
2025-01-10,SKBNK.IS,0.1497058323378336,28.0,False
2025-01-10,SOKM.IS,0.09960973976419668,64.0,False
2025-01-10,TABGD.IS,0.11605396082686023,54.0,False
2025-01-10,TAVHL.IS,0.19182421340502073,9.0,True
2025-01-10,TCELL.IS,0.12036276624495015,49.0,False
2025-01-10,TERA.IS,0.19099407655413073,10.0,True
2025-01-10,THYAO.IS,0.12213353367437436,46.0,False
2025-01-10,TKFEN.IS,0.20228655502827234,5.0,True
2025-01-10,TOASO.IS,0.07880509301381497,74.0,False
2025-01-10,TRGYO.IS,0.14516893400336062,32.0,False
2025-01-10,TSKB.IS,0.1184139971139348,52.0,False
2025-01-10,TTKOM.IS,0.12832921641578293,41.0,False
2025-01-10,TTRAK.IS,0.11045913183531916,57.0,False
2025-01-10,TUPRS.IS,0.13343592079849814,36.0,False
2025-01-10,TUREX.IS,0.40950421326559716,1.0,True
2025-01-10,TURSG.IS,0.19322856082463957,8.0,True
2025-01-10,ULKER.IS,0.16844682147871132,16.0,False
2025-01-10,VAKBN.IS,0.114802386782994,55.0,False
2025-01-10,VESTL.IS,0.11654733194613083,53.0,False
2025-01-10,YKBNK.IS,0.12404814297046662,42.0,False
2025-04-08,AEFES.IS,0.1259593905183942,55.0,False
2025-04-08,AGHOL.IS,0.12810732404219094,54.0,False
2025-04-08,AGROT.IS,0.12891208910898677,49.0,False
2025-04-08,AKBNK.IS,0.17517178714621137,21.0,False
2025-04-08,ALARK.IS,0.08562045571520036,83.0,False
2025-04-08,ALFAS.IS,0.41357889884135673,1.0,True
2025-04-08,ALVES.IS,0.14795954584173415,33.0,False
2025-04-08,ANSGR.IS,0.14768778645155844,35.0,False
2025-04-08,ARCLK.IS,0.1044789100734487,71.0,False
2025-04-08,ASELS.IS,0.21131364296634597,9.0,True
2025-04-08,ASTOR.IS,0.11178048144705152,64.0,False
2025-04-08,BIMAS.IS,0.18454999914220865,15.0,False
2025-04-08,BINHO.IS,0.11430820749275351,63.0,False
2025-04-08,BIZIM.IS,0.14594214818301993,37.0,False
2025-04-08,BRSAN.IS,0.12891208910898677,50.0,False
2025-04-08,BSOKE.IS,0.20631960252097462,10.0,True
2025-04-08,CANTE.IS,0.12891208910898677,51.0,False
2025-04-08,CCOLA.IS,0.12438530911738982,58.0,False
2025-04-08,CIMSA.IS,0.1717979452903467,23.0,False
2025-04-08,CLEBI.IS,0.24296000845655613,6.0,True
2025-04-08,CVKMD.IS,0.13376647577543727,44.0,False
2025-04-08,CWENE.IS,0.14778309478506632,34.0,False
2025-04-08,DOAS.IS,0.07747323383459831,85.0,False
2025-04-08,DOHOL.IS,0.12478325124680743,56.0,False
2025-04-08,ECILC.IS,0.106365866646781,69.0,False
2025-04-08,EKGYO.IS,0.18454999914220865,16.0,False
2025-04-08,ENKAI.IS,0.1283998367589531,53.0,False
2025-04-08,EREGL.IS,0.13171916125078548,48.0,False
2025-04-08,EUPWR.IS,0.09520960826780128,77.0,False
2025-04-08,FORTE.IS,0.1775104643319805,18.0,False
2025-04-08,FROTO.IS,0.07078324254156866,86.0,False
2025-04-08,GARAN.IS,0.16801706452909765,25.0,False
2025-04-08,GENTS.IS,0.2771158133662069,5.0,True
2025-04-08,GESAN.IS,0.09316726649858396,79.0,False
2025-04-08,GOKNR.IS,0.13840017923581863,42.0,False
2025-04-08,GUBRF.IS,0.15832836578647336,29.0,False
2025-04-08,HALKB.IS,0.21616248441874872,8.0,True
2025-04-08,HEKTS.IS,0.1330154212413095,45.0,False
2025-04-08,INVES.IS,0.341362248004767,3.0,True
2025-04-08,ISCTR.IS,0.1755044892121715,20.0,False
2025-04-08,ISGYO.IS,0.11874581015621609,59.0,False
2025-04-08,KCAER.IS,0.11585351362213261,62.0,False
2025-04-08,KCHOL.IS,0.10668097099831828,67.0,False
2025-04-08,KONTR.IS,0.18165010581166224,17.0,False
2025-04-08,KORDS.IS,0.10894894350011425,66.0,False
2025-04-08,KRDMD.IS,0.18905987676090827,14.0,False
2025-04-08,LOGO.IS,0.15900786306333115,27.0,False
2025-04-08,MAVI.IS,0.13968790842981482,40.0,False
2025-04-08,MGROS.IS,0.16844682147871132,24.0,False
2025-04-08,MIATK.IS,0.16413699023328032,26.0,False
2025-04-08,MTRKS.IS,0.10409022957255695,72.0,False
2025-04-08,ODAS.IS,0.12459935558506263,57.0,False
2025-04-08,ONCSM.IS,0.13207140882057372,47.0,False
2025-04-08,OTKAR.IS,0.14233258922445,38.0,False
2025-04-08,OYAKC.IS,0.19288786031672692,12.0,False
2025-04-08,PASEU.IS,0.1963807942306066,11.0,False
2025-04-08,PETKM.IS,0.09932839854124303,75.0,False
2025-04-08,PGSUS.IS,0.13888500483855085,41.0,False
2025-04-08,PLTUR.IS,0.3280271094448821,4.0,True
2025-04-08,REEDR.IS,0.13237128462185502,46.0,False
2025-04-08,SAHOL.IS,0.14010426665619988,39.0,False
2025-04-08,SASA.IS,0.12891208910898677,52.0,False
2025-04-08,SDTTR.IS,0.09666035552205436,76.0,False
2025-04-08,SELEC.IS,0.09099787322560336,81.0,False
2025-04-08,SISE.IS,0.11692996376257347,61.0,False
2025-04-08,SKBNK.IS,0.0995370262946137,74.0,False
2025-04-08,SOKM.IS,0.09127653877831729,80.0,False
2025-04-08,SURGY.IS,0.11710647307116592,60.0,False
2025-04-08,TABGD.IS,0.10543608555939,70.0,False
2025-04-08,TAVHL.IS,0.1498247833769134,31.0,False
2025-04-08,TCELL.IS,0.149267744804245,32.0,False
2025-04-08,TERA.IS,0.08055641288196334,84.0,False
2025-04-08,THYAO.IS,0.09413637118650953,78.0,False
2025-04-08,TKFEN.IS,0.17557418894241436,19.0,False
2025-04-08,TOASO.IS,0.10668097099831828,68.0,False
2025-04-08,TRGYO.IS,0.14731577865991116,36.0,False
2025-04-08,TSKB.IS,0.17517178714621137,22.0,False
2025-04-08,TTKOM.IS,0.1915638356971152,13.0,False
2025-04-08,TTRAK.IS,0.0864178047800309,82.0,False
2025-04-08,TUPRS.IS,0.11000265689621103,65.0,False
2025-04-08,TUREX.IS,0.3863175335291641,2.0,True
2025-04-08,TURSG.IS,0.1589452346377935,28.0,False
2025-04-08,ULKER.IS,0.10408681261212868,73.0,False
2025-04-08,VAKBN.IS,0.15698868692883441,30.0,False
2025-04-08,VESTL.IS,0.23900067738497172,7.0,True
2025-04-08,YKBNK.IS,0.13433055148915174,43.0,False
