date,equity,positions,cash_weight
2020-01-08,1.0,0,1.0
2020-01-09,1.0192926141992389,60,0.0
2020-01-10,1.028831027316536,60,0.0
2020-01-13,1.0467582952397465,60,0.0
2020-01-14,1.0645569030712407,60,0.0
2020-01-15,1.0701581459932668,60,0.0
2020-01-16,1.0638817215852276,60,0.0
2020-01-17,1.0658595821119634,60,0.0
2020-01-20,1.0769854383855468,60,0.0
2020-01-21,1.0906503120751674,60,0.0
2020-01-22,1.0849888777588943,60,0.0
2020-01-23,1.0862182596272059,60,0.0
2020-01-24,1.0899296433597665,60,0.0
2020-01-27,1.0803248257599727,60,0.0
2020-01-28,1.0797409308585872,60,0.0
2020-01-29,1.0783874161739693,60,0.0
2020-01-30,1.070774212685856,60,0.0
2020-01-31,1.0738602439684017,60,0.0
2020-02-03,1.074824263817743,60,0.0
2020-02-04,1.0987125124762953,60,0.0
2020-02-05,1.102526236023345,60,0.0
2020-02-06,1.1049147510908528,60,0.0
2020-02-07,1.0981464184258085,60,0.0
2020-02-10,1.070463890103763,60,0.0
2020-02-11,1.0825429253049985,60,0.0
2020-02-12,1.093841589359513,60,0.0
2020-02-13,1.1052426613211248,60,0.0
2020-02-14,1.1047303041368035,60,0.0
2020-02-17,1.1176384869853508,60,0.0
2020-02-18,1.102712451856631,60,0.0
2020-02-19,1.0943153889224995,60,0.0
2020-02-20,1.0542896115951066,60,0.0
2020-02-21,1.0694267742003938,60,0.0
2020-02-24,1.0573495427804478,60,0.0
2020-02-25,1.0600715162827778,60,0.0
2020-02-26,1.0629038383085243,60,0.0
2020-02-27,1.0168484889854468,60,0.0
2020-02-28,0.9760391225254333,60,0.0
2020-03-02,0.9970955427553769,60,0.0
2020-03-03,1.0228960012708237,60,0.0
2020-03-04,1.015690304166234,60,0.0
2020-03-05,1.0214107228022997,60,0.0
2020-03-06,0.993792046732943,60,0.0
2020-03-09,0.927095490069851,60,0.0
2020-03-10,0.8972429305887385,60,0.0
2020-03-11,0.8957502488877039,60,0.0
2020-03-12,0.8231832624695239,60,0.0
2020-03-13,0.8444077685329157,60,0.0
2020-03-16,0.7723136453497125,60,0.0
2020-03-17,0.7484772233832155,60,0.0
2020-03-18,0.7416081943157357,60,0.0
2020-03-19,0.7364003664453637,60,0.0
2020-03-20,0.7526938438099335,60,0.0
2020-03-23,0.7491419621264453,60,0.0
2020-03-24,0.7995428562562238,60,0.0
2020-03-25,0.8080308876075345,60,0.0
2020-03-26,0.8313022094736158,60,0.0
2020-03-27,0.8052558361317924,60,0.0
2020-03-30,0.800635660138534,60,0.0
2020-03-31,0.8223352643365014,60,0.0
2020-04-01,0.8162992405875503,60,0.0
2020-04-02,0.8162408900163847,60,0.0
2020-04-03,0.8207724649051146,60,0.0
2020-04-06,0.8505755062170698,60,0.0
2020-04-07,0.8553085453803313,60,0.0
2020-04-08,0.861863765873729,60,0.0
2020-04-09,0.8843754116698971,60,0.0
2020-04-10,0.8926845080915494,60,0.0
2020-04-13,0.9010204695389685,60,0.0
2020-04-14,0.9223298272750268,60,0.0
2020-04-15,0.8944788672420455,60,0.0
2020-04-16,0.8987600653388682,60,0.0
2020-04-17,0.9131280946205832,60,0.0
2020-04-20,0.9276615241653415,60,0.0
2020-04-21,0.9234547396300558,60,0.0
2020-04-22,0.9348826281217916,60,0.0
2020-04-24,0.9410385514308856,60,0.0
2020-04-27,0.9709526202962928,60,0.0
2020-04-28,0.9686645822227052,60,0.0
2020-04-29,0.9798259395756097,60,0.0
2020-04-30,0.9737938251586088,60,0.0
2020-05-04,0.9569613533813931,60,0.0
2020-05-05,0.9555726289952438,60,0.0
2020-05-06,0.9541367704808149,60,0.0
2020-05-07,0.9584299941737755,60,0.0
2020-05-08,0.947102504172136,60,0.0
2020-05-11,0.9505288365155521,60,0.0
2020-05-12,0.9675453616662875,60,0.0
2020-05-13,0.9779889430007093,60,0.0
2020-05-14,0.9653739596127363,60,0.0
2020-05-15,0.9774279089706169,60,0.0
2020-05-18,0.9984084500771314,60,0.0
2020-05-20,1.0088241719517381,60,0.0
2020-05-21,1.0085362698155549,60,0.0
2020-05-22,1.0114117031268848,60,0.0
2020-05-27,1.0359100559990795,60,0.0
2020-05-28,1.034920423043025,60,0.0
2020-05-29,1.0355106683951898,60,0.0
2020-06-01,1.0587138483783778,60,0.0
2020-06-02,1.0686591990652938,60,0.0
2020-06-03,1.0768921887642942,60,0.0
2020-06-04,1.0760093886553115,60,0.0
2020-06-05,1.079729102566827,60,0.0
2020-06-08,1.0810558678449051,60,0.0
2020-06-09,1.0825051906900196,60,0.0
2020-06-10,1.0977011950196192,60,0.0
2020-06-11,1.096773613474839,60,0.0
2020-06-12,1.107019213948897,60,0.0
2020-06-15,1.103851379537839,60,0.0
2020-06-16,1.1230911213022932,60,0.0
2020-06-17,1.128926795937317,60,0.0
2020-06-18,1.1401431540417284,60,0.0
2020-06-19,1.1391983974926236,60,0.0
2020-06-22,1.1594539374938488,60,0.0
2020-06-23,1.165817697884508,60,0.0
2020-06-24,1.1592796773830947,60,0.0
2020-06-25,1.1556684668853807,60,0.0
2020-06-26,1.161787560577115,60,0.0
2020-06-29,1.1756185911531134,60,0.0
2020-06-30,1.1876914109512422,60,0.0
2020-07-01,1.187362666066162,60,0.0
2020-07-02,1.2057822416075437,60,0.0
2020-07-03,1.2028577139839518,60,0.0
2020-07-06,1.2334413523056498,60,0.0
2020-07-07,1.2425376984221108,60,0.0
2020-07-08,1.2354346519317039,60,0.0
2020-07-09,1.2018091598868932,60,0.0
2020-07-10,1.1861769598405436,60,0.0
2020-07-13,1.2346739540901068,60,0.0
2020-07-14,1.2302969035745888,60,0.0
2020-07-16,1.246799750386892,60,0.0
2020-07-17,1.2524471651056064,60,0.0
2020-07-20,1.2620608295291325,60,0.0
2020-07-21,1.2499739061427355,60,0.0
2020-07-22,1.2445139188502887,60,0.0
2020-07-23,1.2495612865952297,60,0.0
2020-07-24,1.2527807705224654,60,0.0
2020-07-27,1.263147794037995,60,0.0
2020-07-28,1.2147152896217692,60,0.0
2020-07-29,1.2066337942284384,60,0.0
2020-07-30,1.2050928040687967,60,0.0
2020-08-04,1.1567066945273352,60,0.0
2020-08-05,1.1581874867052169,60,0.0
2020-08-06,1.0802371026566104,60,0.0
2020-08-07,1.111492143834593,60,0.0
2020-08-10,1.1315136447239467,60,0.0
2020-08-11,1.174384068666086,60,0.0
2020-08-12,1.1760616245622764,60,0.0
2020-08-13,1.1555881028447554,60,0.0
2020-08-14,1.1351890749598512,60,0.0
2020-08-17,1.1308100293022731,60,0.0
2020-08-18,1.1376411250080722,60,0.0
2020-08-19,1.1623745553447025,60,0.0
2020-08-20,1.1689159795703006,60,0.0
2020-08-21,1.1564368119459403,60,0.0
2020-08-24,1.1554707772117052,60,0.0
2020-08-25,1.1381131218439502,60,0.0
2020-08-26,1.1452659162976784,60,0.0
2020-08-27,1.158892352619048,60,0.0
2020-08-28,1.1554241058243702,60,0.0
2020-08-31,1.1374442197931216,60,0.0
2020-09-01,1.1398638051635794,60,0.0
2020-09-02,1.139573199832066,60,0.0
2020-09-03,1.1317798735452012,60,0.0
2020-09-04,1.1389391541561822,60,0.0
2020-09-07,1.1535994932379725,60,0.0
2020-09-08,1.1479233069736585,60,0.0
2020-09-09,1.1577639736006993,60,0.0
2020-09-10,1.1619069072598105,60,0.0
2020-09-11,1.1649965201274952,60,0.0
2020-09-14,1.1727982432372634,60,0.0
2020-09-15,1.1767375595722807,60,0.0
2020-09-16,1.176681409458895,60,0.0
2020-09-17,1.1794647945982173,60,0.0
2020-09-18,1.184398771927521,60,0.0
2020-09-21,1.1544995997691585,60,0.0
2020-09-22,1.164807210832726,60,0.0
2020-09-23,1.1721573689632425,60,0.0
2020-09-24,1.1837269570480669,60,0.0
2020-09-25,1.1901832258787208,60,0.0
2020-09-28,1.1916508638107084,60,0.0
2020-09-29,1.1946033150823363,60,0.0
2020-09-30,1.2170484297023825,60,0.0
2020-10-01,1.219350253871594,60,0.0
2020-10-02,1.221036517445088,60,0.0
2020-10-05,1.2423013195885988,60,0.0
2020-10-06,1.239609876996327,60,0.0
2020-10-07,1.2399518798297964,60,0.0
2020-10-08,1.2385795393422845,60,0.0
2020-10-09,1.2502939506080437,60,0.0
2020-10-12,1.2731683083183067,60,0.0
2020-10-13,1.280616550806981,60,0.0
2020-10-14,1.2948094778337684,60,0.0
2020-10-15,1.2900290635885205,60,0.0
2020-10-16,1.3030503453133235,60,0.0
2020-10-19,1.319893578380803,60,0.0
2020-10-20,1.3298195731922398,60,0.0
2020-10-21,1.3263446339701541,60,0.0
2020-10-22,1.317808663707971,60,0.0
2020-10-23,1.3090593742392675,60,0.0
2020-10-26,1.2448241757354859,60,0.0
2020-10-27,1.2588239352893436,60,0.0
2020-10-28,1.2364162753676298,60,0.0
2020-10-30,1.2191542829394382,60,0.0
2020-11-02,1.2420806976560381,60,0.0
2020-11-03,1.2477401294998596,60,0.0
2020-11-04,1.2722511997897488,60,0.0
2020-11-05,1.293378627745063,60,0.0
2020-11-06,1.305433113697578,60,0.0
2020-11-09,1.340630759680764,60,0.0
2020-11-10,1.3608939076525357,60,0.0
2020-11-11,1.3959424883147757,60,0.0
2020-11-12,1.3891958069302102,60,0.0
2020-11-13,1.409151703579352,60,0.0
2020-11-16,1.4182885379072394,60,0.0
2020-11-17,1.3785710716685144,60,0.0
2020-11-18,1.4089013875824201,60,0.0
2020-11-19,1.4263064002943184,60,0.0
2020-11-20,1.4476517177606534,60,0.0
2020-11-23,1.4464034714550298,60,0.0
2020-11-24,1.4608500380736258,60,0.0
2020-11-25,1.468261785757513,60,0.0
2020-11-26,1.4846967872910122,60,0.0
2020-11-27,1.4710072046794633,60,0.0
2020-11-30,1.4293714932903667,60,0.0
2020-12-01,1.4746460973569486,60,0.0
2020-12-02,1.4779634210136796,60,0.0
2020-12-03,1.4785926834779235,60,0.0
2020-12-04,1.4775349986521245,60,0.0
2020-12-07,1.4816419313343563,60,0.0
2020-12-08,1.4913850415612528,60,0.0
2020-12-09,1.4970606342545103,60,0.0
2020-12-10,1.4963416997385863,60,0.0
2020-12-11,1.5048680812368729,60,0.0
2020-12-14,1.5370227255461253,60,0.0
2020-12-15,1.5372243245600226,60,0.0
2020-12-16,1.5345559848019141,60,0.0
2020-12-17,1.543940969403617,60,0.0
2020-12-18,1.5638108264081212,60,0.0
2020-12-21,1.5496694998420535,60,0.0
2020-12-22,1.5798182423701255,60,0.0
2020-12-23,1.6045885399242807,60,0.0
2020-12-24,1.61771485174953,60,0.0
2020-12-28,1.6294325146216582,60,0.0
2020-12-29,1.6439650430629198,60,0.0
2020-12-30,1.662590001706745,60,0.0
2020-12-31,1.6653161578879299,60,0.0
2021-01-04,1.6814733129455997,60,0.0
2021-01-05,1.6787762591975952,60,0.0
2021-01-06,1.697828679791575,60,0.0
2021-01-07,1.7285389268446185,60,0.0
2021-01-08,1.750040634615787,60,0.0
2021-01-11,1.7495599833980802,60,0.0
2021-01-12,1.7709212669811754,60,0.0
2021-01-13,1.7857360251729155,60,0.0
2021-01-14,1.780431036664914,60,0.0
2021-01-15,1.7583583424992801,60,0.0
2021-01-18,1.7892144341129408,60,0.0
2021-01-19,1.8035654644925054,60,0.0
2021-01-20,1.8177380034917918,60,0.0
2021-01-21,1.8064596960213712,60,0.0
2021-01-22,1.7996934142769738,60,0.0
2021-01-25,1.8064368321249236,60,0.0
2021-01-26,1.7963237097347076,60,0.0
2021-01-27,1.7009561427752953,60,0.0
2021-01-28,1.7527523519223818,60,0.0
2021-01-29,1.7354670971899788,60,0.0
2021-02-01,1.7599429979918677,60,0.0
2021-02-02,1.780598971199113,60,0.0
2021-02-03,1.7993673248046573,60,0.0
2021-02-04,1.810250738099026,60,0.0
2021-02-05,1.7988638754593094,60,0.0
2021-02-08,1.8034512779224119,60,0.0
2021-02-09,1.8042997912846532,60,0.0
2021-02-10,1.8066240854934066,60,0.0
2021-02-11,1.797892555616692,60,0.0
2021-02-12,1.7964304375103013,60,0.0
2021-02-15,1.825715560616013,60,0.0
2021-02-16,1.8153552734161944,60,0.0
2021-02-17,1.8293888165270598,60,0.0
2021-02-18,1.8440559273743549,60,0.0
2021-02-19,1.8571202026329248,60,0.0
2021-02-22,1.8528032099595626,60,0.0
2021-02-23,1.803990220095507,60,0.0
2021-02-24,1.7525111758423233,60,0.0
2021-02-25,1.7476560892230266,60,0.0
2021-02-26,1.7281033152807408,60,0.0
2021-03-01,1.7999328993511754,60,0.0
2021-03-02,1.7985954364632413,60,0.0
2021-03-03,1.8094497277301398,60,0.0
2021-03-04,1.814368612647895,60,0.0
2021-03-05,1.8185148176583124,60,0.0
2021-03-08,1.8104620298383916,60,0.0
2021-03-09,1.8409488902848161,60,0.0
2021-03-10,1.8701487243148394,60,0.0
2021-03-11,1.8603395617503236,60,0.0
2021-03-12,1.864184786482066,60,0.0
2021-03-15,1.8671327205358852,60,0.0
2021-03-16,1.885077590355298,60,0.0
2021-03-17,1.870990451626336,60,0.0
2021-03-18,1.8634970423732022,60,0.0
2021-03-19,1.8338710379836918,60,0.0
2021-03-22,1.655968000551188,60,0.0
2021-03-23,1.6520476832674555,60,0.0
2021-03-24,1.7241608365331667,60,0.0
2021-03-25,1.703021300913428,60,0.0
2021-03-26,1.683472538738661,60,0.0
2021-03-29,1.7006426640097445,60,0.0
2021-03-30,1.6932717235609633,60,0.0
2021-03-31,1.6839517584589936,60,0.0
2021-04-01,1.7294350091214465,60,0.0
2021-04-05,1.7565614160664005,60,0.0
2021-04-06,1.7287793298566816,60,0.0
2021-04-07,1.728285980582466,60,0.0
2021-04-08,1.724384510747022,60,0.0
2021-04-09,1.6838006221021062,60,0.0
2021-04-12,1.656180627043894,60,0.0
2021-04-13,1.6479388079927326,60,0.0
2021-04-14,1.689396769276564,60,0.0
2021-04-15,1.6853109263422148,60,0.0
2021-04-16,1.6837644685880264,60,0.0
2021-04-19,1.6421065933819563,60,0.0
2021-04-20,1.6191306123816789,60,0.0
2021-04-21,1.5654373498096759,60,0.0
2021-04-22,1.5868631596427547,60,0.0
2021-04-26,1.6215047419822524,60,0.0
2021-04-27,1.6397508958415898,60,0.0
2021-04-28,1.6351064713224654,60,0.0
2021-04-29,1.6496773944268466,60,0.0
2021-04-30,1.6648389801048207,60,0.0
2021-05-03,1.7020412448465,60,0.0
2021-05-04,1.696703475958606,60,0.0
2021-05-05,1.7041414579579197,60,0.0
2021-05-06,1.7065946344365357,60,0.0
2021-05-07,1.7161113868096065,60,0.0
2021-05-10,1.7435627785553038,60,0.0
2021-05-11,1.7286167283988443,60,0.0
2021-05-12,1.7262973690741468,60,0.0
2021-05-17,1.7442479929145,60,0.0
2021-05-18,1.7441741052826232,60,0.0
2021-05-20,1.7416911026264612,60,0.0
2021-05-21,1.7434381066430935,60,0.0
2021-05-24,1.742481662787839,60,0.0
2021-05-25,1.6710683850686217,60,0.0
2021-05-26,1.7009654511667787,60,0.0
2021-05-27,1.694814146041246,60,0.0
2021-05-28,1.6947091052031042,60,0.0
2021-05-31,1.6954540728746987,60,0.0
2021-06-01,1.7054166453852206,60,0.0
2021-06-02,1.7065578067293485,60,0.0
2021-06-03,1.7050479425448257,60,0.0
2021-06-04,1.707129958538362,60,0.0
2021-06-07,1.7211611023277005,60,0.0
2021-06-08,1.7227649104492149,60,0.0
2021-06-09,1.721691514938531,60,0.0
2021-06-10,1.725346542175252,60,0.0
2021-06-11,1.7257434425498108,60,0.0
2021-06-14,1.7138035478164029,60,0.0
2021-06-15,1.7016594303006116,60,0.0
2021-06-16,1.6823703550831466,60,0.0
2021-06-17,1.66813449247188,60,0.0
2021-06-18,1.642040993797687,60,0.0
2021-06-21,1.6487442195237596,60,0.0
2021-06-22,1.6653335407946455,60,0.0
2021-06-23,1.6612382228900693,60,0.0
2021-06-24,1.6692153642437526,60,0.0
2021-06-25,1.647914988004802,60,0.0
2021-06-28,1.6153456528020746,60,0.0
2021-06-29,1.6149616742386501,60,0.0
2021-06-30,1.6005677024164109,60,0.0
2021-07-01,1.622545225995261,60,0.0
2021-07-02,1.6275180971394843,60,0.0
2021-07-05,1.6488260430503852,60,0.0
2021-07-06,1.6415079975412248,60,0.0
2021-07-07,1.6521222174883936,60,0.0
2021-07-08,1.6360154730192187,60,0.0
2021-07-09,1.6342366190642146,60,0.0
2021-07-12,1.6015132510495227,60,0.0
2021-07-13,1.588694777626921,60,0.0
2021-07-14,1.6149970520251904,60,0.0
2021-07-16,1.619068401042267,60,0.0
2021-07-19,1.6103736889876485,60,0.0
2021-07-26,1.6097713658941246,60,0.0
2021-07-27,1.620732260866937,60,0.0
2021-07-28,1.6214025275341835,60,0.0
2021-07-29,1.6469576022011396,60,0.0
2021-07-30,1.648743727266717,60,0.0
2021-08-02,1.663438319212522,60,0.0
2021-08-03,1.6708310757333669,60,0.0
2021-08-04,1.682527953844973,60,0.0
2021-08-05,1.6954244775602918,60,0.0
2021-08-06,1.6991921998490334,60,0.0
2021-08-09,1.7060329261862464,60,0.0
2021-08-10,1.7062060571242612,60,0.0
2021-08-11,1.67527603097246,60,0.0
2021-08-12,1.7088016757362285,60,0.0
2021-08-13,1.7152289105952208,60,0.0
2021-08-16,1.7266576543106495,60,0.0
2021-08-17,1.7326671273036987,60,0.0
2021-08-18,1.722209609627182,60,0.0
2021-08-19,1.71111307326447,60,0.0
2021-08-20,1.7119003287635313,60,0.0
2021-08-23,1.7285386802988407,60,0.0
2021-08-24,1.7345279323257896,60,0.0
2021-08-25,1.7192874729759373,60,0.0
2021-08-26,1.7112099929904696,60,0.0
2021-08-27,1.7215633254621263,60,0.0
2021-08-31,1.738247942645213,60,0.0
2021-09-01,1.7479620744682398,60,0.0
2021-09-02,1.7552926847556307,60,0.0
2021-09-03,1.7518779993801779,60,0.0
2021-09-06,1.7598057973415695,60,0.0
2021-09-07,1.738556775217497,60,0.0
2021-09-08,1.7137068752897975,60,0.0
2021-09-09,1.73617602119425,60,0.0
2021-09-10,1.7226198228565117,60,0.0
2021-09-13,1.7244698469983217,60,0.0
2021-09-14,1.7230720091015794,60,0.0
2021-09-15,1.715639456441047,60,0.0
2021-09-16,1.7083020765322634,60,0.0
2021-09-17,1.708893783890263,60,0.0
2021-09-20,1.678173728203598,60,0.0
2021-09-21,1.6734050300349035,60,0.0
2021-09-22,1.6936360330085385,60,0.0
2021-09-23,1.6938637797119258,60,0.0
2021-09-24,1.6755461579901447,60,0.0
2021-09-27,1.6852818868360293,60,0.0
2021-09-28,1.6816438925521622,60,0.0
2021-09-29,1.6899435194470722,60,0.0
2021-09-30,1.7062134276613021,60,0.0
2021-10-01,1.7068692112843586,60,0.0
2021-10-04,1.7032909293034602,60,0.0
2021-10-05,1.6991319363718627,60,0.0
2021-10-06,1.6689957896207965,60,0.0
2021-10-07,1.6941351505388602,60,0.0
2021-10-08,1.698547107196449,60,0.0
2021-10-11,1.716099687554028,60,0.0
2021-10-12,1.7119009212371434,60,0.0
2021-10-13,1.7080034936590656,60,0.0
2021-10-14,1.7053314522778844,60,0.0
2021-10-15,1.7026132644651668,60,0.0
2021-10-18,1.7117898524526955,60,0.0
2021-10-19,1.7286004146942338,60,0.0
2021-10-20,1.7261174242667647,60,0.0
2021-10-21,1.7492766198035186,60,0.0
2021-10-22,1.773320944618173,60,0.0
2021-10-25,1.787832820355163,60,0.0
2021-10-26,1.8081939944042802,60,0.0
2021-10-27,1.818656222841594,60,0.0
2021-10-28,1.8165967244346906,60,0.0
2021-11-01,1.833677501429783,60,0.0
2021-11-02,1.82974157667597,60,0.0
2021-11-03,1.843058656278503,60,0.0
2021-11-04,1.8837548400868445,60,0.0
2021-11-05,1.8929127760135542,60,0.0
2021-11-08,1.920138652345511,60,0.0
2021-11-09,1.9271167652400587,60,0.0
2021-11-10,1.9366765852580607,60,0.0
2021-11-11,1.9390131652219205,60,0.0
2021-11-12,1.9624862908600955,60,0.0
2021-11-15,2.0339709771169607,60,0.0
2021-11-16,2.008218690277171,60,0.0
2021-11-17,2.0336412573962552,60,0.0
2021-11-18,2.0550002330716364,60,0.0
2021-11-19,2.059309917498687,60,0.0
2021-11-22,2.085014676226193,60,0.0
2021-11-23,2.1011057990634385,60,0.0
2021-11-24,2.143240608850495,60,0.0
2021-11-25,2.1533998931479803,60,0.0
2021-11-26,2.105029054508777,60,0.0
2021-11-29,2.1427341515616414,60,0.0
2021-11-30,2.147319344075994,60,0.0
2021-12-01,2.2045381902760157,60,0.0
2021-12-02,2.2312361593644336,60,0.0
2021-12-03,2.269111358379367,60,0.0
2021-12-06,2.290957794651802,60,0.0
2021-12-07,2.3427421134077266,60,0.0
2021-12-08,2.3787797457955784,60,0.0
2021-12-09,2.4053871993737306,60,0.0
2021-12-10,2.4055589303137546,60,0.0
2021-12-13,2.4619980818886886,60,0.0
2021-12-14,2.5107685689080332,61,0.0
2021-12-15,2.4881542077786065,61,0.0
2021-12-16,2.6000775770203655,61,0.0
2021-12-17,2.38406067618366,61,0.0
2021-12-20,2.330421736440068,61,0.0
2021-12-21,2.1736195180751525,61,0.0
2021-12-22,2.0979052005009784,61,0.0
2021-12-23,2.1016676024018146,61,0.0
2021-12-24,2.19080512329781,61,0.0
2021-12-27,2.206504469072462,61,0.0
2021-12-28,2.160082278248596,61,0.0
2021-12-29,2.1902120496264272,61,0.0
2021-12-30,2.162431526746225,61,0.0
2021-12-31,2.170390088665091,61,0.0
2022-01-03,2.2388327212943095,61,0.0
2022-01-04,2.2792389380859546,61,0.0
2022-01-05,2.315235250403783,61,0.0
2022-01-06,2.3162126732727946,61,0.0
2022-01-07,2.3410492939021244,61,0.0
2022-01-10,2.361155615401878,61,0.0
2022-01-11,2.3506351194568396,61,0.0
2022-01-12,2.3727112924571614,61,0.0
2022-01-13,2.3924288361469883,61,0.0
2022-01-14,2.4086719820487072,61,0.0
2022-01-17,2.4420210285487713,61,0.0
2022-01-18,2.3197193738405377,61,0.0
2022-01-19,2.3933744908675405,61,0.0
2022-01-20,2.371243714908115,61,0.0
2022-01-21,2.374811456471166,61,0.0
2022-01-24,2.275194505594852,61,0.0
2022-01-25,2.307357821059886,61,0.0
2022-01-26,2.333778252798249,61,0.0
2022-01-27,2.3934683134652146,61,0.0
2022-01-28,2.3920490512964143,61,0.0
2022-01-31,2.4085234448007107,61,0.0
2022-02-01,2.4287836365393156,61,0.0
2022-02-02,2.400709529449127,61,0.0
2022-02-03,2.359549466709805,61,0.0
2022-02-04,2.3524239756994274,61,0.0
2022-02-07,2.3938242783840775,61,0.0
2022-02-08,2.4012729873899152,61,0.0
2022-02-09,2.4404101053264484,61,0.0
2022-02-10,2.4363421860235057,61,0.0
2022-02-11,2.4439495876018995,61,0.0
2022-02-14,2.391654069106748,61,0.0
2022-02-15,2.4379492459213417,61,0.0
2022-02-16,2.445707872679993,61,0.0
2022-02-17,2.407387873437263,61,0.0
2022-02-18,2.429092378873367,61,0.0
2022-02-21,2.432916369542605,61,0.0
2022-02-22,2.4002536204631824,61,0.0
2022-02-23,2.390490301669056,61,0.0
2022-02-24,2.172021232531279,61,0.0
2022-02-25,2.28829816035453,61,0.0
2022-02-28,2.2612640925777914,61,0.0
2022-03-01,2.2867770130911182,61,0.0
2022-03-02,2.307628017267534,61,0.0
2022-03-03,2.347118628228417,61,0.0
2022-03-04,2.3278553536168007,61,0.0
2022-03-07,2.3359378435502807,61,0.0
2022-03-08,2.3489960728659303,61,0.0
2022-03-09,2.40366048206462,61,0.0
2022-03-10,2.3960415158493933,61,0.0
2022-03-11,2.4206529881110073,61,0.0
2022-03-14,2.471412975592689,61,0.0
2022-03-15,2.4697006055786375,61,0.0
2022-03-16,2.4866555286030017,61,0.0
2022-03-17,2.523499796512326,61,0.0
2022-03-18,2.5375904913940475,61,0.0
2022-03-21,2.5860913952080846,61,0.0
2022-03-22,2.633525519452214,61,0.0
2022-03-23,2.6298113626565933,61,0.0
2022-03-24,2.618747041648309,61,0.0
2022-03-25,2.621844735072808,61,0.0
2022-03-28,2.6362582896470848,61,0.0
2022-03-29,2.6757755793082345,61,0.0
2022-03-30,2.700776899199382,61,0.0
2022-03-31,2.7041106128573027,61,0.0
2022-04-01,2.7199193853600736,61,0.0
2022-04-04,2.7817480138427415,61,0.0
2022-04-05,2.8081568045648817,61,0.0
2022-04-06,2.8135473757789855,61,0.0
2022-04-07,2.86142825932199,61,0.0
2022-04-08,2.9141003167296837,61,0.0
2022-04-11,2.9938508179050354,61,0.0
2022-04-12,3.017293043423488,61,0.0
2022-04-13,2.991817801062206,61,0.0
2022-04-14,3.0247399686754477,61,0.0
2022-04-15,3.0540141882328258,61,0.0
2022-04-18,3.0870659184708815,61,0.0
2022-04-19,3.091003766362061,61,0.0
2022-04-20,3.1013639698258726,61,0.0
2022-04-21,3.137204702115964,61,0.0
2022-04-22,3.0352521808456343,61,0.0
2022-04-25,3.0348039710805823,61,0.0
2022-04-26,2.963734076219059,61,0.0
2022-04-27,2.98578018377999,61,0.0
2022-04-28,2.9846519209362996,61,0.0
2022-04-29,2.9875228476918205,61,0.0
2022-05-05,3.0457943792470936,61,0.0
2022-05-06,3.0400752593579936,61,0.0
2022-05-09,3.046025332707739,61,0.0
2022-05-10,3.064855873598411,61,0.0
2022-05-11,3.002261808496978,61,0.0
2022-05-12,2.924825147281606,61,0.0
2022-05-13,2.9780715470567416,61,0.0
2022-05-16,2.9469806625808252,61,0.0
2022-05-17,2.9504586570107896,61,0.0
2022-05-18,2.9380542807700687,61,0.0
2022-05-20,2.9262931646419386,61,0.0
2022-05-23,2.937578642424301,61,0.0
2022-05-24,2.943467533738603,61,0.0
2022-05-25,2.98528260412378,61,0.0
2022-05-26,3.023444644240811,61,0.0
2022-05-27,2.999270139844248,61,0.0
2022-05-30,3.101677989385055,61,0.0
2022-05-31,3.134167413487991,61,0.0
2022-06-01,3.1666929894441003,61,0.0
2022-06-02,3.195836948244795,61,0.0
2022-06-03,3.216528163739136,61,0.0
2022-06-06,3.290236294412445,64,0.0
2022-06-07,3.2941290546979705,64,0.0
2022-06-08,3.1599786544335133,64,0.0
2022-06-09,3.2020149598391137,64,0.0
2022-06-10,3.1849457451311007,64,0.0
2022-06-13,3.1452455554038288,64,0.0
2022-06-14,3.145258446806799,64,0.0
2022-06-15,3.177023831111658,64,0.0
2022-06-16,3.1339015272566035,64,0.0
2022-06-17,3.174150008093771,64,0.0
2022-06-20,3.1990108431058526,64,0.0
2022-06-21,3.2403819884691742,64,0.0
2022-06-22,3.2473321934381727,64,0.0
2022-06-23,3.2267888263688955,64,0.0
2022-06-24,3.25457113716223,64,0.0
2022-06-27,3.2108981881930077,64,0.0
2022-06-28,3.194722588148092,64,0.0
2022-06-29,3.1245259842365107,64,0.0
2022-06-30,3.1087973079595854,64,0.0
2022-07-01,3.1551237225510347,64,0.0
2022-07-04,3.102408847503535,64,0.0
2022-07-05,3.0661061678631634,64,0.0
2022-07-06,3.121283068150101,64,0.0
2022-07-07,3.16571264426099,64,0.0
2022-07-08,3.189490952558811,64,0.0
2022-07-13,3.2036405825003382,64,0.0
2022-07-14,3.183494795917886,64,0.0
2022-07-18,3.259716158744703,64,0.0
2022-07-19,3.3232457594084166,64,0.0
2022-07-20,3.343655878636709,64,0.0
2022-07-21,3.3476770506800784,64,0.0
2022-07-22,3.3612656537226604,64,0.0
2022-07-25,3.3991763577914096,64,0.0
2022-07-26,3.4053595535199856,64,0.0
2022-07-27,3.421442254669431,64,0.0
2022-07-28,3.4307326646966336,64,0.0
2022-07-29,3.487472058630586,64,0.0
2022-08-01,3.574605944160988,64,0.0
2022-08-02,3.563753930111334,64,0.0
2022-08-03,3.6198475270144352,64,0.0
2022-08-04,3.6750680295086875,64,0.0
2022-08-05,3.7369115701891715,64,0.0
2022-08-08,3.789356340661238,64,0.0
2022-08-09,3.7818385650106503,64,0.0
2022-08-10,3.8304844360472408,64,0.0
2022-08-11,3.87763340248726,64,0.0
2022-08-12,3.8808174555642014,64,0.0
2022-08-15,3.906741710531648,64,0.0
2022-08-16,3.958013881417743,64,0.0
2022-08-17,4.0408061951557155,64,0.0
2022-08-18,4.074153414021965,64,0.0
2022-08-19,4.101002922950282,64,0.0
2022-08-22,4.190876699916038,64,0.0
2022-08-23,4.26421210658963,64,0.0
2022-08-24,4.198541432913611,64,0.0
2022-08-25,4.2992375903862525,64,0.0
2022-08-26,4.3058951006842054,64,0.0
2022-08-29,4.3232703813151865,64,0.0
2022-08-31,4.364899238662551,64,0.0
2022-09-01,4.38835910615102,64,0.0
2022-09-02,4.481581641159448,65,0.0
2022-09-05,4.61951004402885,65,0.0
2022-09-06,4.659732617928814,65,0.0
2022-09-07,4.673135008546685,65,0.0
2022-09-08,4.721299275026351,65,0.0
2022-09-09,4.8085811141438635,65,0.0
2022-09-12,4.981587466513987,65,0.0
2022-09-13,4.725185426331366,65,0.0
2022-09-14,4.754539373703733,65,0.0
2022-09-15,4.661202097399408,65,0.0
2022-09-16,4.676417076407636,65,0.0
2022-09-19,4.48526904729909,65,0.0
2022-09-20,4.533312455776877,65,0.0
2022-09-21,4.506388620544171,65,0.0
2022-09-22,4.548350627270552,65,0.0
2022-09-23,4.571467190197408,65,0.0
2022-09-26,4.55849852154133,65,0.0
2022-09-27,4.550327885895692,65,0.0
2022-09-28,4.469790441170148,65,0.0
2022-09-29,4.39372946815085,65,0.0
2022-09-30,4.456930149419184,65,0.0
2022-10-03,4.683492120037119,65,0.0
2022-10-04,4.761165985709258,65,0.0
2022-10-05,4.784880488743998,65,0.0
2022-10-06,4.860395514180258,65,0.0
2022-10-07,4.901614980578241,65,0.0
2022-10-10,4.943160708038984,65,0.0
2022-10-11,4.921857242698925,65,0.0
2022-10-12,4.877655591943388,65,0.0
2022-10-13,4.925007340872464,65,0.0
2022-10-14,5.026434634706129,65,0.0
2022-10-17,5.27435847703754,65,0.0
2022-10-18,5.268106613876764,65,0.0
2022-10-19,5.347441977058433,65,0.0
2022-10-20,5.390095159280483,65,0.0
2022-10-21,5.431892502675316,65,0.0
2022-10-24,5.496309338191184,65,0.0
2022-10-25,5.4950275203705194,65,0.0
2022-10-26,5.51782710129391,65,0.0
2022-10-27,5.48545918179474,65,0.0
2022-10-28,5.431854085032859,65,0.0
2022-10-31,5.531968279109218,65,0.0
2022-11-01,5.649443901532055,65,0.0
2022-11-02,5.691868316391999,65,0.0
2022-11-03,5.76503611914799,65,0.0
2022-11-04,5.876209886757987,65,0.0
2022-11-07,5.988524236984805,65,0.0
2022-11-08,6.052723157361896,65,0.0
2022-11-09,6.109668165337801,65,0.0
2022-11-10,6.218964522339716,65,0.0
2022-11-11,6.2839435406494895,65,0.0
2022-11-14,6.47827181282187,65,0.0
2022-11-15,6.584402926212097,65,0.0
2022-11-16,6.589985578647396,65,0.0
2022-11-17,6.395785206901479,65,0.0
2022-11-18,6.419706606305663,65,0.0
2022-11-21,6.520046528541862,65,0.0
2022-11-22,6.78996965691337,65,0.0
2022-11-23,6.9057563604439185,65,0.0
2022-11-24,6.961487893326893,65,0.0
2022-11-25,7.009001733178958,66,0.0
2022-11-28,7.097215020868629,66,0.0
2022-11-29,7.135303782618988,66,0.0
2022-11-30,7.223687384078074,66,0.0
2022-12-01,7.298647659020412,66,0.0
2022-12-02,7.2297550101889065,66,0.0
2022-12-05,7.2193856102942435,66,0.0
2022-12-06,7.278888502807941,66,0.0
2022-12-07,7.030396894569298,66,0.0
2022-12-08,7.069794465759987,66,0.0
2022-12-09,7.285725829439419,66,0.0
2022-12-12,7.565441822463733,66,0.0
2022-12-13,7.65879864099666,66,0.0
2022-12-14,7.461322781509465,66,0.0
2022-12-15,7.652952128303088,66,0.0
2022-12-16,7.689327349520175,66,0.0
2022-12-19,7.998823543825062,66,0.0
2022-12-20,7.971353178062056,66,0.0
2022-12-21,7.971004181621305,66,0.0
2022-12-22,8.000441207561028,66,0.0
2022-12-23,8.042110598149556,66,0.0
2022-12-26,8.13109555861771,66,0.0
2022-12-27,7.981985108369933,66,0.0
2022-12-28,7.830133478252875,66,0.0
2022-12-29,8.088360626071855,66,0.0
2022-12-30,8.15090475630399,66,0.0
2023-01-02,8.405504309964602,66,0.0
2023-01-03,8.341055190860398,66,0.0
2023-01-04,8.213744394247783,66,0.0
2023-01-05,7.932080412092415,66,0.0
2023-01-06,7.925086864217943,66,0.0
2023-01-09,7.633995936113951,66,0.0
2023-01-10,7.350500926210166,66,0.0
2023-01-11,6.910174081269589,66,0.0
2023-01-12,7.200359532319191,66,0.0
2023-01-13,7.223983523364044,66,0.0
2023-01-16,7.526875863479008,66,0.0
2023-01-17,7.696293488806364,66,0.0
2023-01-18,7.810213442326624,66,0.0
2023-01-19,7.836052390143059,66,0.0
2023-01-20,7.943509171589483,66,0.0
2023-01-23,7.843718168368359,66,0.0
2023-01-24,7.77837306385065,66,0.0
2023-01-25,7.660837949160424,66,0.0
2023-01-26,7.604999444799462,66,0.0
2023-01-27,7.4604683476583595,66,0.0
2023-01-30,7.342979036966291,66,0.0
2023-01-31,7.199333897932413,66,0.0
2023-02-01,6.751355677543738,66,0.0
2023-02-02,6.710388177608044,66,0.0
2023-02-03,7.055671701396955,66,0.0
2023-02-06,6.99829278296118,66,0.0
2023-02-07,6.416363047902989,66,0.0
2023-02-08,5.966446962424304,66,0.0
2023-02-15,7.025710356779613,66,0.0
2023-02-16,7.003045413064659,66,0.0
2023-02-17,7.01793372743055,66,0.0
2023-02-20,7.245724549722153,66,0.0
2023-02-21,7.361940562267491,66,0.0
2023-02-22,7.266396473005498,66,0.0
2023-02-23,7.307835881244538,66,0.0
2023-02-24,7.300759993263281,66,0.0
2023-02-27,7.458829254297051,66,0.0
2023-02-28,7.518381358572041,66,0.0
2023-03-01,7.634563756291298,66,0.0
2023-03-02,7.605982180847766,66,0.0
2023-03-03,7.535504612608413,66,0.0
2023-03-06,7.7953067559514375,66,0.0
2023-03-07,7.8191563063088045,66,0.0
2023-03-08,7.899748035770602,66,0.0
2023-03-09,7.957291414256771,66,0.0
2023-03-10,7.942364225732792,66,0.0
2023-03-13,7.85972985421076,66,0.0
2023-03-14,7.708286305433945,66,0.0
2023-03-15,7.5584899415480935,66,0.0
2023-03-16,7.698410567220338,66,0.0
2023-03-17,7.623672397302143,66,0.0
2023-03-20,7.395177692896865,66,0.0
2023-03-21,7.293202827221151,66,0.0
2023-03-22,7.431125458344185,66,0.0
2023-03-23,7.51911409639097,66,0.0
2023-03-24,7.461674584233147,66,0.0
2023-03-27,7.425466442078763,66,0.0
2023-03-28,7.150563933284915,66,0.0
2023-03-29,7.264474087727005,66,0.0
2023-03-30,7.26716787749557,66,0.0
2023-03-31,7.159215595352745,66,0.0
2023-04-03,7.173926644988958,66,0.0
2023-04-04,7.341926410412613,66,0.0
2023-04-05,7.290336009596765,66,0.0
2023-04-06,7.287195039428404,66,0.0
2023-04-07,7.3345123507271355,66,0.0
2023-04-10,7.555629647712615,66,0.0
2023-04-11,7.633282802524098,66,0.0
2023-04-12,7.678579273165126,66,0.0
2023-04-13,7.673387243884505,66,0.0
2023-04-14,7.641999262467089,66,0.0
2023-04-17,7.56439662496726,66,0.0
2023-04-18,7.5412679238326925,66,0.0
2023-04-19,7.6457120441130035,66,0.0
2023-04-20,7.600040713784461,66,0.0
2023-04-24,7.6291115780554195,66,0.0
2023-04-25,7.398156807125886,66,0.0
2023-04-26,7.247203595897349,66,0.0
2023-04-27,7.227523323012846,66,0.0
2023-04-28,6.98115549294963,66,0.0
2023-05-02,6.746522204031129,66,0.0
2023-05-03,6.640568673100761,66,0.0
2023-05-04,6.692637550121218,66,0.0
2023-05-05,6.611820860930552,66,0.0
2023-05-08,6.817255762891237,66,0.0
2023-05-09,6.8166328758659125,66,0.0
2023-05-10,6.7742155420009755,66,0.0
2023-05-11,7.251490068687711,66,0.0
2023-05-12,7.146795870963132,66,0.0
2023-05-15,6.771918531877205,66,0.0
2023-05-16,6.885028213357611,66,0.0
2023-05-17,7.022829793311079,66,0.0
2023-05-18,6.833523032950308,66,0.0
2023-05-22,6.785879075666639,66,0.0
2023-05-23,6.776740103593068,66,0.0
2023-05-24,6.722365900559481,66,0.0
2023-05-25,6.776804278299133,66,0.0
2023-05-26,6.970614395121747,66,0.0
2023-05-29,7.244359478517068,66,0.0
2023-05-30,7.546054961340956,66,0.0
2023-05-31,7.48106471941056,66,0.0
2023-06-01,7.612332507741618,66,0.0
2023-06-02,7.817219180596811,66,0.0
2023-06-05,8.141558690813804,66,0.0
2023-06-06,8.116227361419892,66,0.0
2023-06-07,8.319867507941558,66,0.0
2023-06-08,8.318705105821133,66,0.0
2023-06-09,8.450114579273126,66,0.0
2023-06-12,8.39117442132251,66,0.0
2023-06-13,8.18102088362596,66,0.0
2023-06-14,8.094062415162055,66,0.0
2023-06-15,8.279189398891173,66,0.0
2023-06-16,8.262445812129426,66,0.0
2023-06-19,7.966799433088081,66,0.0
2023-06-20,7.928819900117939,66,0.0
2023-06-21,7.844745459445105,66,0.0
2023-06-22,8.16909121801139,66,0.0
2023-06-23,8.41047865248815,66,0.0
2023-06-26,8.661033297863652,66,0.0
2023-06-27,8.745240138211638,66,0.0
2023-07-03,9.091830932152915,66,0.0
2023-07-04,9.097945700364534,66,0.0
2023-07-05,9.238860335980664,66,0.0
2023-07-06,9.30336305431941,66,0.0
2023-07-07,9.392541180762926,66,0.0
2023-07-10,9.5778719351402,66,0.0
2023-07-11,9.670818855368891,66,0.0
2023-07-12,9.639137240498448,66,0.0
2023-07-13,9.663900474522276,66,0.0
2023-07-14,9.782811713301486,66,0.0
2023-07-17,10.033237379274453,66,0.0
2023-07-18,9.693672488627758,66,0.0
2023-07-19,10.029980764998601,66,0.0
2023-07-20,10.265160084483878,66,0.0
2023-07-21,10.329064262158756,66,0.0
2023-07-24,10.32511915623479,66,0.0
2023-07-25,10.18986312812885,66,0.0
2023-07-26,10.364779744531731,66,0.0
2023-07-27,10.552991948789565,66,0.0
2023-07-28,10.836185176001234,66,0.0
2023-07-31,11.077922023896454,66,0.0
2023-08-01,11.007226209232496,66,0.0
2023-08-02,11.168113926075671,66,0.0
2023-08-03,11.208880348922962,66,0.0
2023-08-04,11.431910650637109,66,0.0
2023-08-07,11.597225504508492,66,0.0
2023-08-08,11.54651149853972,66,0.0
2023-08-09,11.83836635535744,66,0.0
2023-08-10,11.59176759708958,66,0.0
2023-08-11,12.05693226156654,66,0.0
2023-08-14,12.135602392046016,66,0.0
2023-08-15,12.077690147630737,66,0.0
2023-08-16,12.097318613931765,66,0.0
2023-08-17,12.256004051936513,66,0.0
2023-08-18,11.880737325040519,67,0.0
2023-08-21,12.407143183527763,67,0.0
2023-08-22,12.491651451517434,67,0.0
2023-08-23,12.330950574803573,67,0.0
2023-08-24,12.148508645232289,67,0.0
2023-08-25,12.466427790036553,67,0.0
2023-08-28,12.733172365890724,67,0.0
2023-08-29,12.762037482278703,67,0.0
2023-08-31,12.908336440137473,67,0.0
2023-09-01,13.175634856847005,67,0.0
2023-09-04,13.330657691156874,67,0.0
2023-09-05,13.502904555638088,67,0.0
2023-09-06,13.46068673891565,67,0.0
2023-09-07,13.824082056716676,67,0.0
2023-09-08,13.85275481820973,67,0.0
2023-09-11,13.625748634092758,67,0.0
2023-09-12,13.729383519963008,67,0.0
2023-09-13,13.476695115550338,67,0.0
2023-09-14,13.560659642783678,67,0.0
2023-09-15,13.425819328687231,67,0.0
2023-09-18,13.000231391691297,67,0.0
2023-09-19,13.193716009584792,67,0.0
2023-09-20,13.169201015816489,67,0.0
2023-09-21,13.652672940747001,67,0.0
2023-09-22,13.845476190420502,67,0.0
2023-09-25,14.407131322365954,67,0.0
2023-09-26,14.346813735733113,67,0.0
2023-09-27,14.391552067507224,67,0.0
2023-09-28,14.293742977776695,67,0.0
2023-09-29,14.37743421773331,67,0.0
2023-10-02,14.68913505269957,67,0.0
2023-10-03,14.84796479993136,67,0.0
2023-10-04,14.579255413148694,67,0.0
2023-10-05,14.888180952310831,67,0.0
2023-10-06,14.940489325957142,67,0.0
2023-10-09,14.423176240925086,67,0.0
2023-10-10,15.010780213394826,67,0.0
2023-10-11,14.828056695582825,67,0.0
2023-10-12,14.715802822026914,67,0.0
2023-10-13,14.431830641288228,67,0.0
2023-10-16,13.96975151780265,67,0.0
2023-10-17,14.410418687563553,67,0.0
2023-10-18,13.979039142283506,67,0.0
2023-10-19,13.992207752198496,67,0.0
2023-10-20,13.524796521162767,67,0.0
2023-10-23,13.950843291416243,67,0.0
2023-10-24,14.398357681315332,67,0.0
2023-10-25,13.358988277166597,67,0.0
2023-10-26,13.833691004117002,67,0.0
2023-10-27,13.914601476590423,67,0.0
2023-10-30,14.016483060036697,67,0.0
2023-10-31,13.586265738473395,67,0.0
2023-11-01,13.489860973787183,67,0.0
2023-11-02,13.78600321743839,67,0.0
2023-11-03,13.787032582812747,67,0.0
2023-11-06,14.021805333871317,67,0.0
2023-11-07,14.017964803523133,67,0.0
2023-11-08,14.121735729169716,67,0.0
2023-11-09,14.110868859529916,67,0.0
2023-11-10,13.993442233587333,67,0.0
2023-11-13,13.631172338165548,67,0.0
2023-11-14,13.739278195193048,67,0.0
2023-11-15,13.732059529787543,67,0.0
2023-11-16,13.844041451307726,67,0.0
2023-11-17,14.003088274340339,67,0.0
2023-11-20,14.229678103695283,67,0.0
2023-11-21,14.384760376370417,67,0.0
2023-11-22,14.297974222041388,67,0.0
2023-11-23,14.172084081220888,67,0.0
2023-11-24,14.2788313701607,67,0.0
2023-11-27,14.47579113519123,67,0.0
2023-11-28,14.445706645540747,67,0.0
2023-11-29,14.277843510887998,67,0.0
2023-11-30,14.176720160103951,67,0.0
2023-12-01,14.239381706241922,67,0.0
2023-12-04,14.320743152686903,67,0.0
2023-12-05,14.277801405038456,67,0.0
2023-12-06,13.869728892965181,67,0.0
2023-12-07,14.032270666734222,67,0.0
2023-12-08,13.96246887061563,67,0.0
2023-12-11,13.548248127265682,67,0.0
2023-12-12,13.502871967232997,67,0.0
2023-12-13,13.081119705533865,67,0.0
2023-12-14,13.542852621343448,67,0.0
2023-12-15,13.887914869643614,67,0.0
2023-12-18,13.522253276503141,67,0.0
2023-12-19,13.427826493414871,67,0.0
2023-12-20,13.271263612549333,67,0.0
2023-12-21,13.445261144569406,67,0.0
2023-12-22,13.119390650218111,67,0.0
2023-12-26,12.629748957620288,67,0.0
2023-12-27,12.58100067132345,67,0.0
2023-12-28,12.820332525139813,67,0.0
2023-12-29,13.111580125182465,67,0.0
2024-01-02,13.433559943661617,67,0.0
2024-01-03,13.086972269269912,67,0.0
2024-01-04,13.33710724710809,67,0.0
2024-01-05,13.529679592027922,67,0.0
2024-01-08,13.824750382102803,67,0.0
2024-01-09,13.634219518738536,67,0.0
2024-01-10,13.858967185857011,67,0.0
2024-01-11,13.85863765875272,67,0.0
2024-01-12,14.00027746485103,67,0.0
2024-01-15,14.086767613474292,67,0.0
2024-01-16,14.11000314063705,67,0.0
2024-01-17,14.11222118529869,67,0.0
2024-01-18,14.133926640297924,67,0.0
2024-01-19,14.095580025258071,67,0.0
2024-01-22,14.203522892857727,67,0.0
2024-01-23,14.12475782287344,67,0.0
2024-01-24,14.364821512567763,67,0.0
2024-01-25,14.52031510649613,67,0.0
2024-01-26,14.822326228478385,67,0.0
2024-01-29,14.987564197823124,67,0.0
2024-01-30,15.065299638740127,67,0.0
2024-01-31,15.145819482781377,67,0.0
2024-02-01,15.422396162205162,67,0.0
2024-02-02,15.414657795244347,67,0.0
2024-02-05,15.61572974443557,67,0.0
2024-02-06,15.833768640217272,67,0.0
2024-02-07,15.805512299029296,73,0.0
2024-02-08,15.997649978260467,73,0.0
2024-02-09,16.168798209855847,73,0.0
2024-02-12,16.42140138858287,73,0.0
2024-02-13,16.131650150537396,73,0.0
2024-02-14,16.275748237333982,73,0.0
2024-02-15,16.633422824869285,73,0.0
2024-02-16,16.66026875538586,73,0.0
2024-02-19,16.551529267775432,73,0.0
2024-02-20,16.810803085919794,73,0.0
2024-02-21,16.86739779698577,73,0.0
2024-02-22,17.0102485119263,73,0.0
2024-02-23,17.031936462524982,73,0.0
2024-02-26,17.05430637816994,73,0.0
2024-02-27,16.752066301666357,73,0.0
2024-02-28,16.481728565491533,73,0.0
2024-02-29,16.75980669116997,73,0.0
2024-03-01,16.663095970490662,73,0.0
2024-03-04,16.422986069866976,73,0.0
2024-03-05,16.264362124202382,73,0.0
2024-03-06,15.974872838571557,73,0.0
2024-03-07,16.550427426944783,73,0.0
2024-03-08,16.708916623487998,73,0.0
2024-03-11,16.64056486138446,73,0.0
2024-03-12,16.445028661188253,73,0.0
2024-03-13,16.270616400341893,73,0.0
2024-03-14,16.18469978686082,73,0.0
2024-03-15,16.117793477883012,73,0.0
2024-03-18,15.855142982640738,73,0.0
2024-03-19,16.160449909508092,73,0.0
2024-03-20,16.179994105225056,73,0.0
2024-03-21,16.38100784881807,73,0.0
2024-03-22,16.228997970454284,73,0.0
2024-03-25,15.973405918607146,73,0.0
2024-03-26,15.516399543566486,73,0.0
2024-03-27,15.591194501165411,73,0.0
2024-03-28,15.988118393305381,73,0.0
2024-03-29,16.195880770373023,73,0.0
2024-04-01,16.13295610305053,73,0.0
2024-04-02,15.85055951935118,73,0.0
2024-04-03,15.783246348000604,73,0.0
2024-04-04,16.03749748325335,73,0.0
2024-04-05,16.813607434256728,73,0.0
2024-04-08,17.264386296286904,73,0.0
2024-04-09,17.2643862962869,73,0.0
2024-04-15,17.263500292583213,73,0.0
2024-04-16,17.020628368624585,73,0.0
2024-04-17,16.956693520604958,73,0.0
2024-04-18,16.88930164624762,73,0.0
2024-04-19,17.09637836289877,73,0.0
2024-04-22,17.082234969514165,73,0.0
2024-04-24,17.2778537185975,73,0.0
2024-04-25,17.249817502777255,73,0.0
2024-04-26,17.480982671369905,73,0.0
2024-04-29,17.652270369135085,73,0.0
2024-04-30,17.602459189218738,73,0.0
2024-05-02,17.901309009273277,73,0.0
2024-05-03,18.1007983546872,73,0.0
2024-05-06,18.146529255912874,73,0.0
2024-05-07,18.253152238950367,73,0.0
2024-05-08,18.178049791100566,76,0.0
2024-05-09,18.261538102092295,76,0.0
2024-05-10,18.275060838266594,76,0.0
2024-05-13,17.865443333057772,76,0.0
2024-05-14,17.9371495264792,76,0.0
2024-05-15,18.00526555309058,76,0.0
2024-05-16,18.410894040594577,76,0.0
2024-05-17,18.77964420691458,76,0.0
2024-05-20,18.94260218233864,76,0.0
2024-05-21,18.85976647906747,76,0.0
2024-05-22,18.98557495778578,76,0.0
2024-05-23,18.86684328625103,76,0.0
2024-05-24,18.665981654888707,76,0.0
2024-05-27,18.552264625698125,76,0.0
2024-05-28,18.55986740495584,76,0.0
2024-05-29,18.215391830311223,76,0.0
2024-05-30,18.182859648487927,76,0.0
2024-05-31,18.087587298462797,76,0.0
2024-06-03,18.323542959342237,76,0.0
2024-06-04,18.162517521146746,76,0.0
2024-06-05,18.028438192128544,76,0.0
2024-06-06,18.04397568034056,76,0.0
2024-06-07,17.8051614073251,76,0.0
2024-06-10,17.574566649403028,76,0.0
2024-06-11,17.591996410566786,76,0.0
2024-06-12,17.70875045227376,76,0.0
2024-06-13,18.126927060320195,76,0.0
2024-06-14,18.25736076329114,76,0.0
2024-06-20,18.623499668503683,76,0.0
2024-06-21,18.727368164113066,76,0.0
2024-06-24,18.692202816830296,76,0.0
2024-06-25,18.619690377423403,76,0.0
2024-06-26,18.271765143763947,76,0.0
2024-06-27,18.593132093395365,76,0.0
2024-06-28,18.632805879178143,76,0.0
2024-07-01,18.041252350795872,76,0.0
2024-07-02,18.315615473853946,76,0.0
2024-07-03,18.521721686115804,76,0.0
2024-07-04,18.854082916470876,76,0.0
2024-07-05,18.841826134563764,76,0.0
2024-07-08,18.88626922830749,76,0.0
2024-07-09,18.903555707252423,76,0.0
2024-07-10,18.94175116201407,76,0.0
2024-07-11,19.343231651278888,76,0.0
2024-07-12,19.460071989976402,76,0.0
2024-07-16,19.52648407247035,76,0.0
2024-07-17,19.551804138590075,76,0.0
2024-07-18,19.54249063813363,76,0.0
2024-07-19,19.565181700378986,76,0.0
2024-07-22,19.666428008652822,76,0.0
2024-07-23,19.60436626443374,76,0.0
2024-07-24,19.452684367996827,76,0.0
2024-07-25,19.341045932209227,76,0.0
2024-07-26,19.40218653689768,76,0.0
2024-07-29,19.166436830438123,76,0.0
2024-07-30,19.108922846446777,76,0.0
2024-07-31,19.048657676826505,76,0.0
2024-08-01,19.34800547755917,76,0.0
2024-08-02,18.937009880643497,76,0.0
2024-08-05,17.87554321137599,76,0.0
2024-08-06,17.869603904377396,77,0.0
2024-08-07,18.076207498595142,77,0.0
2024-08-08,18.25907533121883,77,0.0
2024-08-09,17.92527852225725,77,0.0
2024-08-12,17.720687523800652,77,0.0
2024-08-13,17.845203618296058,77,0.0
2024-08-14,17.735986918622395,77,0.0
2024-08-15,18.051725245226535,77,0.0
2024-08-16,17.858643541331958,77,0.0
2024-08-19,18.26669883393657,77,0.0
2024-08-20,18.10292818581271,77,0.0
2024-08-21,17.912808286035016,77,0.0
2024-08-22,18.000707105838206,77,0.0
2024-08-23,17.549904584153172,77,0.0
2024-08-26,17.352277715210978,77,0.0
2024-08-27,17.62005090561819,77,0.0
2024-08-28,17.637442570622838,77,0.0
2024-08-29,17.831005996357845,77,0.0
2024-09-02,18.226989782113723,77,0.0
2024-09-03,18.163738317463014,77,0.0
2024-09-04,18.193475374327406,77,0.0
2024-09-05,18.308730168231154,77,0.0
2024-09-06,18.122386932123266,77,0.0
2024-09-09,17.884186839488954,77,0.0
2024-09-10,17.711016101027717,77,0.0
2024-09-11,17.24428341585713,77,0.0
2024-09-12,17.362204167774543,77,0.0
2024-09-13,17.792955851486475,77,0.0
2024-09-16,17.687983107718704,77,0.0
2024-09-17,17.883065209697023,77,0.0
2024-09-18,17.747259214061035,77,0.0
2024-09-19,18.051273891071354,77,0.0
2024-09-20,17.992167120543236,77,0.0
2024-09-23,17.85398430870639,77,0.0
2024-09-24,17.942311746086656,77,0.0
2024-09-25,17.683222700063144,77,0.0
2024-09-26,17.52327107725229,77,0.0
2024-09-27,17.517007716955813,77,0.0
2024-09-30,17.412895701624233,77,0.0
2024-10-01,16.79226256015506,77,0.0
2024-10-02,16.21209904681984,77,0.0
2024-10-03,16.136639391143884,77,0.0
2024-10-04,16.518736550623622,77,0.0
2024-10-07,16.52224959634103,77,0.0
2024-10-08,16.46510398708471,77,0.0
2024-10-09,16.578832435975773,77,0.0
2024-10-10,16.4161993328651,77,0.0
2024-10-11,16.2578693230604,77,0.0
2024-10-14,15.866021992740379,77,0.0
2024-10-15,16.168058470969097,77,0.0
2024-10-16,16.364539974701593,77,0.0
2024-10-17,16.51768714214445,77,0.0
2024-10-18,16.224094296618805,77,0.0
2024-10-21,15.977595383962704,77,0.0
2024-10-22,16.313721416807216,77,0.0
2024-10-23,16.096386615737305,77,0.0
2024-10-24,16.389574557674045,77,0.0
2024-10-25,16.455872260411816,77,0.0
2024-10-28,16.567331525518284,77,0.0
2024-10-30,16.693928123544513,77,0.0
2024-10-31,16.55453972398583,77,0.0
2024-11-01,16.614955220111774,77,0.0
2024-11-04,16.20732385780239,77,0.0
2024-11-05,16.12614629885061,77,0.0
2024-11-06,16.588640740259656,77,0.0
2024-11-07,16.697199759131227,77,0.0
2024-11-08,17.08949738765377,77,0.0
2024-11-11,17.269609268388116,77,0.0
2024-11-12,17.166694824297355,77,0.0
2024-11-13,17.252036416674123,77,0.0
2024-11-14,17.53484972001494,77,0.0
2024-11-15,17.548049062893046,77,0.0
2024-11-18,17.607703431709684,77,0.0
2024-11-19,17.42927978974108,77,0.0
2024-11-20,17.116211578902636,77,0.0
2024-11-21,17.606539583491823,77,0.0
2024-11-22,17.90350443878519,77,0.0
2024-11-25,18.017790564973257,77,0.0
2024-11-26,18.06128821117695,77,0.0
2024-11-27,18.06194274418867,77,0.0
2024-11-28,17.984394535251965,77,0.0
2024-11-29,18.124784308507778,77,0.0
2024-12-02,18.19818608412126,77,0.0
2024-12-03,18.41533283194227,77,0.0
2024-12-04,18.531652704633732,77,0.0
2024-12-05,18.68779809993925,77,0.0
2024-12-06,18.845158396160517,77,0.0
2024-12-09,19.17049154336415,77,0.0
2024-12-10,18.869875516645187,77,0.0
2024-12-11,18.698897183178733,77,0.0
2024-12-12,18.78711575383154,77,0.0
2024-12-13,19.032136384514065,77,0.0
2024-12-16,18.956039768174417,77,0.0
2024-12-17,18.956858376277257,77,0.0
2024-12-18,18.765451067577075,77,0.0
2024-12-19,18.48077800444803,77,0.0
2024-12-20,18.40098182935451,77,0.0
2024-12-23,18.23647508678074,77,0.0
2024-12-24,18.29870768875123,77,0.0
2024-12-26,18.652562829770492,77,0.0
2024-12-27,18.802051792990238,77,0.0
2024-12-30,18.659406883400216,77,0.0
2024-12-31,18.59832215417964,77,0.0
2025-01-02,18.764012278622587,77,0.0
2025-01-03,18.945528608319265,77,0.0
2025-01-06,19.001356687786814,77,0.0
2025-01-07,18.869407953813738,77,0.0
2025-01-08,18.719767376227573,77,0.0
2025-01-09,18.929705533052697,77,0.0
2025-01-10,18.822070616904423,77,0.0
2025-01-13,18.45204620276297,77,0.0
2025-01-14,18.43079829551358,77,0.0
2025-01-15,18.393210041398206,77,0.0
2025-01-16,18.664665516529567,77,0.0
2025-01-17,18.78804078354512,77,0.0
2025-01-20,18.8786058375205,77,0.0
2025-01-21,18.75819161645197,77,0.0
2025-01-22,18.86333848680681,77,0.0
2025-01-23,18.919255772261366,77,0.0
2025-01-24,18.99159898417526,77,0.0
2025-01-27,18.757303873218532,79,0.0
2025-01-28,18.86719760739102,79,0.0
2025-01-29,18.71288839000583,79,0.0
2025-01-30,18.74209698860665,79,0.0
2025-01-31,18.608387510631825,79,0.0
2025-02-03,18.1762083534158,79,0.0
2025-02-04,18.304673150277946,79,0.0
2025-02-05,18.069449095729517,79,0.0
2025-02-06,18.232206034991638,79,0.0
2025-02-07,18.446070928581324,79,0.0
2025-02-10,18.3160158831557,79,0.0
2025-02-11,18.30474313034079,79,0.0
2025-02-12,18.081552741915058,79,0.0
2025-02-13,18.2974419496772,79,0.0
2025-02-14,18.25227923199422,79,0.0
2025-02-17,18.18257363942569,79,0.0
2025-02-18,18.26377048873449,79,0.0
2025-02-19,17.975588123553095,79,0.0
2025-02-20,18.087256137159113,79,0.0
2025-02-21,17.626852018898244,79,0.0
2025-02-24,17.621514395127353,79,0.0
2025-02-25,17.28348077341027,79,0.0
2025-02-26,17.39164563019734,79,0.0
2025-02-27,17.71225296421099,79,0.0
2025-02-28,17.65918728426888,79,0.0
2025-03-03,17.941899045549068,79,0.0
2025-03-04,17.871729395446767,79,0.0
2025-03-05,18.36105165128636,79,0.0
2025-03-06,18.884657147467326,79,0.0
2025-03-07,19.073609437070214,79,0.0
2025-03-10,19.09168163436066,79,0.0
2025-03-11,19.204263581708183,79,0.0
2025-03-12,19.42676960012471,79,0.0
2025-03-13,19.768888321134018,79,0.0
2025-03-14,20.106901014942444,79,0.0
2025-03-17,20.291019163467478,79,0.0
2025-03-18,20.31840598426652,79,0.0
2025-03-19,18.562578180798383,79,0.0
2025-03-20,18.718192677168165,79,0.0
2025-03-21,17.42906197338117,79,0.0
2025-03-24,17.794331700610346,79,0.0
2025-03-25,18.61330851607009,79,0.0
2025-03-26,18.74445046428004,79,0.0
2025-03-27,18.802125062461286,79,0.0
2025-03-28,19.044415613495353,79,0.0
2025-04-02,18.898404206969296,79,0.0
2025-04-03,18.877474623202584,79,0.0
2025-04-04,18.672731053159506,79,0.0
2025-04-07,18.78299017862783,79,0.0
2025-04-08,18.995237553125236,79,0.0
2025-04-09,18.667215169594158,79,0.0
2025-04-10,18.87914262428577,79,0.0
2025-04-11,18.978923819761434,79,0.0
2025-04-14,19.083912718174147,79,0.0
2025-04-15,18.946074115114158,79,0.0
2025-04-16,18.542024328824443,79,0.0
2025-04-17,18.852933413685765,79,0.0
2025-04-18,18.712731180415105,79,0.0
2025-04-21,18.776620579055955,79,0.0
2025-04-22,18.75329492073353,79,0.0
2025-04-24,19.05876125161811,87,0.0
2025-04-25,19.105835165694693,87,0.0
2025-04-28,18.89880551930268,87,0.0
2025-04-29,18.85212040189543,87,0.0
2025-04-30,18.594767491221006,87,0.0
2025-05-02,18.78097644025198,87,0.0
2025-05-05,18.785006646956436,87,0.0
2025-05-06,18.947016531208913,87,0.0
2025-05-07,18.739611540472062,87,0.0
2025-05-08,18.944142794861666,87,0.0
2025-05-09,19.256093943896364,87,0.0
2025-05-12,19.919468226983604,87,0.0
2025-05-13,19.872754266430068,87,0.0
2025-05-14,19.898079453896067,87,0.0
2025-05-15,19.603629942881696,87,0.0
2025-05-16,19.77022070885372,87,0.0
2025-05-20,19.45900818066834,87,0.0
2025-05-21,19.177283667707304,87,0.0
2025-05-22,19.197165001308203,87,0.0
2025-05-23,18.970863329355808,87,0.0
2025-05-26,18.911767166666245,87,0.0
2025-05-27,18.599877517672134,87,0.0
2025-05-28,18.473254698935364,87,0.0
2025-05-29,18.392834900680093,87,0.0
2025-05-30,18.053065625804873,87,0.0
