observation_id,ticker,financial_period,field,xbrl_code,first_published_value_try,latest_recovered_value_try,published_comparative_value_try,local_stored_value_try,missing_official,missing_local,local_basis_classification
TUPRS.IS:2022Q1,TUPRS.IS,2022Q1,revenue,ifrs-full_Revenue,76541226000.0,76541226000.0,19820990000.0,77645678000.0,False,False,DIFFERS_FROM_FIRST_AND_LATEST_EQUAL
TUPRS.IS:2022Q1,TUPRS.IS,2022Q1,operating_profit,ifrs-full_ProfitLossFromOperatingActivities,2756340000.0,2756340000.0,-614217000.0,4614401000.0,False,False,DIFFERS_FROM_FIRST_AND_LATEST_EQUAL
TUPRS.IS:2022Q1,TUPRS.IS,2022Q1,ebitda,,,,,4827204000.0,True,False,UNKNOWN
TUPRS.IS:2022Q1,TUPRS.IS,2022Q1,net_income,ifrs-full_ProfitLoss,936411000.0,936411000.0,-741070000.0,1145064000.0,False,False,DIFFERS_FROM_FIRST_AND_LATEST_EQUAL
TUPRS.IS:2022Q1,TUPRS.IS,2022Q1,equity,ifrs-full_Equity,15964997000.0,15964997000.0,17827517000.0,15964997000.0,False,False,MATCHES_FIRST_AND_LATEST
TUPRS.IS:2022Q1,TUPRS.IS,2022Q1,cfo,ifrs-full_CashFlowsFromUsedInOperatingActivities,2290313000.0,2290313000.0,-449584000.0,2290313000.0,False,False,MATCHES_FIRST_AND_LATEST
TUPRS.IS:2022Q1,TUPRS.IS,2022Q1,investing_cash_flow,ifrs-full_CashFlowsFromUsedInInvestingActivities,1405000.0,1405000.0,-173908000.0,,False,True,UNKNOWN
TUPRS.IS:2022Q1,TUPRS.IS,2022Q1,fcf,DERIVED_CFO_PLUS_INVESTING_CF,2291718000.0,2291718000.0,,2291718000.0,False,False,MATCHES_FIRST_AND_LATEST
TUPRS.IS:2023Q4,TUPRS.IS,2023Q4,revenue,ifrs-full_Revenue,686528507000.0,686528507000.0,916751060000.0,991202993000.0,False,False,DIFFERS_FROM_FIRST_AND_LATEST_EQUAL
TUPRS.IS:2023Q4,TUPRS.IS,2023Q4,operating_profit,ifrs-full_ProfitLossFromOperatingActivities,73627774000.0,73627774000.0,76252790000.0,130195946000.0,False,False,DIFFERS_FROM_FIRST_AND_LATEST_EQUAL
TUPRS.IS:2023Q4,TUPRS.IS,2023Q4,ebitda,,,,,138950415000.0,True,False,UNKNOWN
TUPRS.IS:2023Q4,TUPRS.IS,2023Q4,net_income,ifrs-full_ProfitLoss,53872161000.0,53872161000.0,61545237000.0,77780087000.0,False,False,DIFFERS_FROM_FIRST_AND_LATEST_EQUAL
TUPRS.IS:2023Q4,TUPRS.IS,2023Q4,equity,ifrs-full_Equity,202940767000.0,202940767000.0,179412567000.0,293003849000.0,False,False,DIFFERS_FROM_FIRST_AND_LATEST_EQUAL
TUPRS.IS:2023Q4,TUPRS.IS,2023Q4,cfo,ifrs-full_CashFlowsFromUsedInOperatingActivities,85276324000.0,85276324000.0,82493808000.0,123121104000.0,False,False,DIFFERS_FROM_FIRST_AND_LATEST_EQUAL
TUPRS.IS:2023Q4,TUPRS.IS,2023Q4,investing_cash_flow,ifrs-full_CashFlowsFromUsedInInvestingActivities,-9549350000.0,-9549350000.0,-7567821000.0,,False,True,UNKNOWN
TUPRS.IS:2023Q4,TUPRS.IS,2023Q4,fcf,DERIVED_CFO_PLUS_INVESTING_CF,75726974000.0,75726974000.0,,109333849000.0,False,False,DIFFERS_FROM_FIRST_AND_LATEST_EQUAL
TUPRS.IS:2024Q2,TUPRS.IS,2024Q2,revenue,ifrs-full_Revenue,370096723000.0,370096723000.0,357349229000.0,499811923000.0,False,False,DIFFERS_FROM_FIRST_AND_LATEST_EQUAL
TUPRS.IS:2024Q2,TUPRS.IS,2024Q2,operating_profit,ifrs-full_ProfitLossFromOperatingActivities,14893165000.0,14893165000.0,31779123000.0,24994352000.0,False,False,DIFFERS_FROM_FIRST_AND_LATEST_EQUAL
TUPRS.IS:2024Q2,TUPRS.IS,2024Q2,ebitda,,,,,31161258000.0,True,False,UNKNOWN
TUPRS.IS:2024Q2,TUPRS.IS,2024Q2,net_income,ifrs-full_ProfitLoss,5521447000.0,5521447000.0,12636572000.0,7456660000.0,False,False,DIFFERS_FROM_FIRST_AND_LATEST_EQUAL
TUPRS.IS:2024Q2,TUPRS.IS,2024Q2,equity,ifrs-full_Equity,235292313000.0,235292313000.0,253138164000.0,235292313000.0,False,False,MATCHES_FIRST_AND_LATEST
TUPRS.IS:2024Q2,TUPRS.IS,2024Q2,cfo,ifrs-full_CashFlowsFromUsedInOperatingActivities,5400059000.0,5400059000.0,19913123000.0,7292728000.0,False,False,DIFFERS_FROM_FIRST_AND_LATEST_EQUAL
TUPRS.IS:2024Q2,TUPRS.IS,2024Q2,investing_cash_flow,ifrs-full_CashFlowsFromUsedInInvestingActivities,-3845813000.0,-3845813000.0,-1352905000.0,,False,True,UNKNOWN
TUPRS.IS:2024Q2,TUPRS.IS,2024Q2,fcf,DERIVED_CFO_PLUS_INVESTING_CF,1554246000.0,1554246000.0,,2098996000.0,False,False,DIFFERS_FROM_FIRST_AND_LATEST_EQUAL
THYAO.IS:2022Q3,THYAO.IS,2022Q3,revenue,ifrs-full_Revenue,223120000000.0,223120000000.0,60518000000.0,223120000000.0,False,False,MATCHES_FIRST_AND_LATEST
THYAO.IS:2022Q3,THYAO.IS,2022Q3,operating_profit,ifrs-full_ProfitLossFromOperatingActivities,36120000000.0,36120000000.0,6828000000.0,36239000000.0,False,False,DIFFERS_FROM_FIRST_AND_LATEST_EQUAL
THYAO.IS:2022Q3,THYAO.IS,2022Q3,ebitda,,,,,58057000000.0,True,False,UNKNOWN
THYAO.IS:2022Q3,THYAO.IS,2022Q3,net_income,ifrs-full_ProfitLoss,38493000000.0,38493000000.0,6232000000.0,38493000000.0,False,False,MATCHES_FIRST_AND_LATEST
THYAO.IS:2022Q3,THYAO.IS,2022Q3,equity,ifrs-full_Equity,181539000000.0,181539000000.0,90650000000.0,181539000000.0,False,False,MATCHES_FIRST_AND_LATEST
THYAO.IS:2022Q3,THYAO.IS,2022Q3,cfo,ifrs-full_CashFlowsFromUsedInOperatingActivities,88247000000.0,88247000000.0,23222000000.0,88247000000.0,False,False,MATCHES_FIRST_AND_LATEST
THYAO.IS:2022Q3,THYAO.IS,2022Q3,investing_cash_flow,ifrs-full_CashFlowsFromUsedInInvestingActivities,-23797000000.0,-23797000000.0,-1706000000.0,,False,True,UNKNOWN
THYAO.IS:2022Q3,THYAO.IS,2022Q3,fcf,DERIVED_CFO_PLUS_INVESTING_CF,64450000000.0,64450000000.0,,64450000000.0,False,False,MATCHES_FIRST_AND_LATEST
THYAO.IS:2023Q4,THYAO.IS,2023Q4,revenue,ifrs-full_Revenue,504398000000.0,504398000000.0,311169000000.0,504398000000.0,False,False,MATCHES_FIRST_AND_LATEST
THYAO.IS:2023Q4,THYAO.IS,2023Q4,operating_profit,ifrs-full_ProfitLossFromOperatingActivities,71425000000.0,71425000000.0,48811000000.0,66923000000.0,False,False,DIFFERS_FROM_FIRST_AND_LATEST_EQUAL
THYAO.IS:2023Q4,THYAO.IS,2023Q4,ebitda,,,,,115397000000.0,True,False,UNKNOWN
THYAO.IS:2023Q4,THYAO.IS,2023Q4,net_income,ifrs-full_ProfitLoss,162998000000.0,162998000000.0,47432000000.0,162998000000.0,False,False,MATCHES_FIRST_AND_LATEST
THYAO.IS:2023Q4,THYAO.IS,2023Q4,equity,ifrs-full_Equity,457112000000.0,457112000000.0,181427000000.0,457112000000.0,False,False,MATCHES_FIRST_AND_LATEST
THYAO.IS:2023Q4,THYAO.IS,2023Q4,cfo,ifrs-full_CashFlowsFromUsedInOperatingActivities,145032000000.0,145032000000.0,117012000000.0,145032000000.0,False,False,MATCHES_FIRST_AND_LATEST
THYAO.IS:2023Q4,THYAO.IS,2023Q4,investing_cash_flow,ifrs-full_CashFlowsFromUsedInInvestingActivities,-130387000000.0,-130387000000.0,-26760000000.0,,False,True,UNKNOWN
THYAO.IS:2023Q4,THYAO.IS,2023Q4,fcf,DERIVED_CFO_PLUS_INVESTING_CF,14645000000.0,14645000000.0,,14645000000.0,False,False,MATCHES_FIRST_AND_LATEST
THYAO.IS:2024Q2,THYAO.IS,2024Q2,revenue,ifrs-full_Revenue,330113000000.0,330113000000.0,189690000000.0,330113000000.0,False,False,MATCHES_FIRST_AND_LATEST
THYAO.IS:2024Q2,THYAO.IS,2024Q2,operating_profit,ifrs-full_ProfitLossFromOperatingActivities,20307000000.0,20307000000.0,19290000000.0,15604000000.0,False,False,DIFFERS_FROM_FIRST_AND_LATEST_EQUAL
THYAO.IS:2024Q2,THYAO.IS,2024Q2,ebitda,,,,,49565000000.0,True,False,UNKNOWN
THYAO.IS:2024Q2,THYAO.IS,2024Q2,net_income,ifrs-full_ProfitLoss,37309000000.0,37309000000.0,18173000000.0,37309000000.0,False,False,MATCHES_FIRST_AND_LATEST
THYAO.IS:2024Q2,THYAO.IS,2024Q2,equity,ifrs-full_Equity,557767000000.0,557767000000.0,457112000000.0,557767000000.0,False,False,MATCHES_FIRST_AND_LATEST
THYAO.IS:2024Q2,THYAO.IS,2024Q2,cfo,ifrs-full_CashFlowsFromUsedInOperatingActivities,83856000000.0,83856000000.0,75881000000.0,83856000000.0,False,False,MATCHES_FIRST_AND_LATEST
THYAO.IS:2024Q2,THYAO.IS,2024Q2,investing_cash_flow,ifrs-full_CashFlowsFromUsedInInvestingActivities,-8535000000.0,-8535000000.0,-59967000000.0,,False,True,UNKNOWN
THYAO.IS:2024Q2,THYAO.IS,2024Q2,fcf,DERIVED_CFO_PLUS_INVESTING_CF,75321000000.0,75321000000.0,,75321000000.0,False,False,MATCHES_FIRST_AND_LATEST
BIMAS.IS:2022Q1,BIMAS.IS,2022Q1,revenue,ifrs-full_Revenue,27267254000.0,27267254000.0,15501646000.0,27313940000.0,False,False,DIFFERS_FROM_FIRST_AND_LATEST_EQUAL
BIMAS.IS:2022Q1,BIMAS.IS,2022Q1,operating_profit,ifrs-full_ProfitLossFromOperatingActivities,1802737000.0,1802737000.0,948358000.0,1748224000.0,False,False,DIFFERS_FROM_FIRST_AND_LATEST_EQUAL
BIMAS.IS:2022Q1,BIMAS.IS,2022Q1,ebitda,,,,,2304668000.0,True,False,UNKNOWN
BIMAS.IS:2022Q1,BIMAS.IS,2022Q1,net_income,ifrs-full_ProfitLoss,1344211000.0,1344211000.0,684567000.0,1344211000.0,False,False,MATCHES_FIRST_AND_LATEST
BIMAS.IS:2022Q1,BIMAS.IS,2022Q1,equity,ifrs-full_Equity,9097227000.0,9097227000.0,7809072000.0,9097227000.0,False,False,MATCHES_FIRST_AND_LATEST
BIMAS.IS:2022Q1,BIMAS.IS,2022Q1,cfo,ifrs-full_CashFlowsFromUsedInOperatingActivities,713947000.0,713947000.0,916264000.0,713947000.0,False,False,MATCHES_FIRST_AND_LATEST
BIMAS.IS:2022Q1,BIMAS.IS,2022Q1,investing_cash_flow,ifrs-full_CashFlowsFromUsedInInvestingActivities,335560000.0,335560000.0,460644000.0,,False,True,UNKNOWN
BIMAS.IS:2022Q1,BIMAS.IS,2022Q1,fcf,DERIVED_CFO_PLUS_INVESTING_CF,1049507000.0,1049507000.0,,1049507000.0,False,False,MATCHES_FIRST_AND_LATEST
BIMAS.IS:2023Q4,BIMAS.IS,2023Q4,revenue,ifrs-full_Revenue,328441924000.0,328441924000.0,279252910000.0,474200415000.0,False,False,DIFFERS_FROM_FIRST_AND_LATEST_EQUAL
BIMAS.IS:2023Q4,BIMAS.IS,2023Q4,operating_profit,ifrs-full_ProfitLossFromOperatingActivities,3960079000.0,3960079000.0,5801538000.0,4849389000.0,False,False,DIFFERS_FROM_FIRST_AND_LATEST_EQUAL
BIMAS.IS:2023Q4,BIMAS.IS,2023Q4,ebitda,,,,,19853721000.0,True,False,UNKNOWN
BIMAS.IS:2023Q4,BIMAS.IS,2023Q4,net_income,ifrs-full_ProfitLoss,15445289000.0,15445289000.0,16599432000.0,22299719000.0,False,False,DIFFERS_FROM_FIRST_AND_LATEST_EQUAL
BIMAS.IS:2023Q4,BIMAS.IS,2023Q4,equity,ifrs-full_Equity,69741735000.0,69741735000.0,58307349000.0,100692259000.0,False,False,DIFFERS_FROM_FIRST_AND_LATEST_EQUAL
BIMAS.IS:2023Q4,BIMAS.IS,2023Q4,cfo,ifrs-full_CashFlowsFromUsedInOperatingActivities,20030459000.0,20030459000.0,16722063000.0,30234533000.0,False,False,DIFFERS_FROM_FIRST_AND_LATEST_EQUAL
BIMAS.IS:2023Q4,BIMAS.IS,2023Q4,investing_cash_flow,ifrs-full_CashFlowsFromUsedInInvestingActivities,-11640803000.0,-11640803000.0,-9559311000.0,,False,True,UNKNOWN
BIMAS.IS:2023Q4,BIMAS.IS,2023Q4,fcf,DERIVED_CFO_PLUS_INVESTING_CF,8389656000.0,8389656000.0,,12713589000.0,False,False,DIFFERS_FROM_FIRST_AND_LATEST_EQUAL
BIMAS.IS:2024Q3,BIMAS.IS,2024Q3,revenue,ifrs-full_Revenue,367459491000.0,367459491000.0,330890598000.0,489801496000.0,False,False,DIFFERS_FROM_FIRST_AND_LATEST_EQUAL
BIMAS.IS:2024Q3,BIMAS.IS,2024Q3,operating_profit,ifrs-full_ProfitLossFromOperatingActivities,2469984000.0,2469984000.0,6125663000.0,3632529000.0,False,False,DIFFERS_FROM_FIRST_AND_LATEST_EQUAL
BIMAS.IS:2024Q3,BIMAS.IS,2024Q3,ebitda,,,,,19555437000.0,True,False,UNKNOWN
BIMAS.IS:2024Q3,BIMAS.IS,2024Q3,net_income,ifrs-full_ProfitLoss,13880687000.0,13880687000.0,13291367000.0,18502124000.0,False,False,DIFFERS_FROM_FIRST_AND_LATEST_EQUAL
BIMAS.IS:2024Q3,BIMAS.IS,2024Q3,equity,ifrs-full_Equity,101680706000.0,101680706000.0,94751360000.0,101680706000.0,False,False,MATCHES_FIRST_AND_LATEST
BIMAS.IS:2024Q3,BIMAS.IS,2024Q3,cfo,ifrs-full_CashFlowsFromUsedInOperatingActivities,30122872000.0,30122872000.0,27013495000.0,40151985000.0,False,False,DIFFERS_FROM_FIRST_AND_LATEST_EQUAL
BIMAS.IS:2024Q3,BIMAS.IS,2024Q3,investing_cash_flow,ifrs-full_CashFlowsFromUsedInInvestingActivities,-25107504000.0,-25107504000.0,-15622446000.0,,False,True,UNKNOWN
BIMAS.IS:2024Q3,BIMAS.IS,2024Q3,fcf,DERIVED_CFO_PLUS_INVESTING_CF,5015368000.0,5015368000.0,,6685186000.0,False,False,DIFFERS_FROM_FIRST_AND_LATEST_EQUAL
AEFES.IS:2022Q3,AEFES.IS,2022Q3,revenue,ifrs-full_Revenue,68071927000.0,68071927000.0,28333587000.0,68053082000.0,False,False,DIFFERS_FROM_FIRST_AND_LATEST_EQUAL
AEFES.IS:2022Q3,AEFES.IS,2022Q3,operating_profit,ifrs-full_ProfitLossFromOperatingActivities,10778914000.0,10778914000.0,3373888000.0,10516317000.0,False,False,DIFFERS_FROM_FIRST_AND_LATEST_EQUAL
AEFES.IS:2022Q3,AEFES.IS,2022Q3,ebitda,,,,,13459709000.0,True,False,UNKNOWN
AEFES.IS:2022Q3,AEFES.IS,2022Q3,net_income,ifrs-full_ProfitLoss,5427065000.0,5427065000.0,2425557000.0,5427065000.0,False,False,MATCHES_FIRST_AND_LATEST
AEFES.IS:2022Q3,AEFES.IS,2022Q3,equity,ifrs-full_Equity,61376976000.0,61376976000.0,39332493000.0,61376976000.0,False,False,MATCHES_FIRST_AND_LATEST
AEFES.IS:2022Q3,AEFES.IS,2022Q3,cfo,ifrs-full_CashFlowsFromUsedInOperatingActivities,11451803000.0,11451803000.0,6448420000.0,11451803000.0,False,False,MATCHES_FIRST_AND_LATEST
AEFES.IS:2022Q3,AEFES.IS,2022Q3,investing_cash_flow,ifrs-full_CashFlowsFromUsedInInvestingActivities,-3863290000.0,-3863290000.0,-3647949000.0,,False,True,UNKNOWN
AEFES.IS:2022Q3,AEFES.IS,2022Q3,fcf,DERIVED_CFO_PLUS_INVESTING_CF,7588513000.0,7588513000.0,,7588513000.0,False,False,MATCHES_FIRST_AND_LATEST
AEFES.IS:2023Q4,AEFES.IS,2023Q4,revenue,ifrs-full_Revenue,159877208000.0,159877208000.0,155060052000.0,230829114000.0,False,False,DIFFERS_FROM_FIRST_AND_LATEST_EQUAL
AEFES.IS:2023Q4,AEFES.IS,2023Q4,operating_profit,ifrs-full_ProfitLossFromOperatingActivities,19564617000.0,19564617000.0,17179576000.0,28116504000.0,False,False,DIFFERS_FROM_FIRST_AND_LATEST_EQUAL
AEFES.IS:2023Q4,AEFES.IS,2023Q4,ebitda,,,,,39048001000.0,True,False,UNKNOWN
AEFES.IS:2023Q4,AEFES.IS,2023Q4,net_income,ifrs-full_ProfitLoss,33541789000.0,33541789000.0,23003578000.0,48427296000.0,False,False,DIFFERS_FROM_FIRST_AND_LATEST_EQUAL
AEFES.IS:2023Q4,AEFES.IS,2023Q4,equity,ifrs-full_Equity,129877895000.0,129877895000.0,134725218000.0,187516402000.0,False,False,DIFFERS_FROM_FIRST_AND_LATEST_EQUAL
AEFES.IS:2023Q4,AEFES.IS,2023Q4,cfo,ifrs-full_CashFlowsFromUsedInOperatingActivities,22332110000.0,22332110000.0,14550131000.0,34409262000.0,False,False,DIFFERS_FROM_FIRST_AND_LATEST_EQUAL
AEFES.IS:2023Q4,AEFES.IS,2023Q4,investing_cash_flow,ifrs-full_CashFlowsFromUsedInInvestingActivities,-10898199000.0,-10898199000.0,-9722625000.0,,False,True,UNKNOWN
AEFES.IS:2023Q4,AEFES.IS,2023Q4,fcf,DERIVED_CFO_PLUS_INVESTING_CF,11433911000.0,11433911000.0,,18674550000.0,False,False,DIFFERS_FROM_FIRST_AND_LATEST_EQUAL
AEFES.IS:2024Q2,AEFES.IS,2024Q2,revenue,ifrs-full_Revenue,107731216000.0,107731216000.0,108651986000.0,145489930000.0,False,False,DIFFERS_FROM_FIRST_AND_LATEST_EQUAL
AEFES.IS:2024Q2,AEFES.IS,2024Q2,operating_profit,ifrs-full_ProfitLossFromOperatingActivities,13027613000.0,13027613000.0,13533278000.0,17319678000.0,False,False,DIFFERS_FROM_FIRST_AND_LATEST_EQUAL
AEFES.IS:2024Q2,AEFES.IS,2024Q2,ebitda,,,,,24230482000.0,True,False,UNKNOWN
AEFES.IS:2024Q2,AEFES.IS,2024Q2,net_income,ifrs-full_ProfitLoss,12423558000.0,12423558000.0,15027594000.0,16777891000.0,False,False,DIFFERS_FROM_FIRST_AND_LATEST_EQUAL
AEFES.IS:2024Q2,AEFES.IS,2024Q2,equity,ifrs-full_Equity,158074887000.0,158074887000.0,162003193000.0,158074887000.0,False,False,MATCHES_FIRST_AND_LATEST
AEFES.IS:2024Q2,AEFES.IS,2024Q2,cfo,ifrs-full_CashFlowsFromUsedInOperatingActivities,10340504000.0,10340504000.0,11496573000.0,15606842000.0,False,False,DIFFERS_FROM_FIRST_AND_LATEST_EQUAL
AEFES.IS:2024Q2,AEFES.IS,2024Q2,investing_cash_flow,ifrs-full_CashFlowsFromUsedInInvestingActivities,-7861039000.0,-7861039000.0,-7606465000.0,,False,True,UNKNOWN
AEFES.IS:2024Q2,AEFES.IS,2024Q2,fcf,DERIVED_CFO_PLUS_INVESTING_CF,2479465000.0,2479465000.0,,4990586000.0,False,False,DIFFERS_FROM_FIRST_AND_LATEST_EQUAL
ASELS.IS:2022Q1,ASELS.IS,2022Q1,revenue,ifrs-full_Revenue,4365256000.0,4365256000.0,3173135000.0,4365256000.0,False,False,MATCHES_FIRST_AND_LATEST
ASELS.IS:2022Q1,ASELS.IS,2022Q1,operating_profit,ifrs-full_ProfitLossFromOperatingActivities,1854249000.0,1854249000.0,1561211000.0,905740000.0,False,False,DIFFERS_FROM_FIRST_AND_LATEST_EQUAL
ASELS.IS:2022Q1,ASELS.IS,2022Q1,ebitda,,,,,1036574000.0,True,False,UNKNOWN
ASELS.IS:2022Q1,ASELS.IS,2022Q1,net_income,ifrs-full_ProfitLoss,1676941000.0,1676941000.0,1228827000.0,1676941000.0,False,False,MATCHES_FIRST_AND_LATEST
ASELS.IS:2022Q1,ASELS.IS,2022Q1,equity,ifrs-full_Equity,27541123000.0,27541123000.0,25835210000.0,27541123000.0,False,False,MATCHES_FIRST_AND_LATEST
ASELS.IS:2022Q1,ASELS.IS,2022Q1,cfo,ifrs-full_CashFlowsFromUsedInOperatingActivities,-1047339000.0,-1047339000.0,-634809000.0,-1047339000.0,False,False,MATCHES_FIRST_AND_LATEST
ASELS.IS:2022Q1,ASELS.IS,2022Q1,investing_cash_flow,ifrs-full_CashFlowsFromUsedInInvestingActivities,-1153081000.0,-1153081000.0,-484930000.0,,False,True,UNKNOWN
ASELS.IS:2022Q1,ASELS.IS,2022Q1,fcf,DERIVED_CFO_PLUS_INVESTING_CF,-2200420000.0,-2200420000.0,,-2200420000.0,False,False,MATCHES_FIRST_AND_LATEST
ASELS.IS:2023Q4,ASELS.IS,2023Q4,revenue,ifrs-full_Revenue,73592774000.0,73592774000.0,66860171000.0,106252343000.0,False,False,DIFFERS_FROM_FIRST_AND_LATEST_EQUAL
ASELS.IS:2023Q4,ASELS.IS,2023Q4,operating_profit,ifrs-full_ProfitLossFromOperatingActivities,24973743000.0,24973743000.0,17957213000.0,18228042000.0,False,False,DIFFERS_FROM_FIRST_AND_LATEST_EQUAL
ASELS.IS:2023Q4,ASELS.IS,2023Q4,ebitda,,,,,23140045000.0,True,False,UNKNOWN
ASELS.IS:2023Q4,ASELS.IS,2023Q4,net_income,ifrs-full_ProfitLoss,7374265000.0,7374265000.0,1189309000.0,10646874000.0,False,False,DIFFERS_FROM_FIRST_AND_LATEST_EQUAL
ASELS.IS:2023Q4,ASELS.IS,2023Q4,equity,ifrs-full_Equity,88380378000.0,88380378000.0,80806003000.0,127602504000.0,False,False,DIFFERS_FROM_FIRST_AND_LATEST_EQUAL
ASELS.IS:2023Q4,ASELS.IS,2023Q4,cfo,ifrs-full_CashFlowsFromUsedInOperatingActivities,8374864000.0,8374864000.0,12044475000.0,12091527000.0,False,False,DIFFERS_FROM_FIRST_AND_LATEST_EQUAL
ASELS.IS:2023Q4,ASELS.IS,2023Q4,investing_cash_flow,ifrs-full_CashFlowsFromUsedInInvestingActivities,-11681605000.0,-11681605000.0,-11854816000.0,,False,True,UNKNOWN
ASELS.IS:2023Q4,ASELS.IS,2023Q4,fcf,DERIVED_CFO_PLUS_INVESTING_CF,-3306741000.0,-3306741000.0,,-4774231000.0,False,False,DIFFERS_FROM_FIRST_AND_LATEST_EQUAL
ASELS.IS:2024Q3,ASELS.IS,2024Q3,revenue,ifrs-full_Revenue,60715973000.0,60715973000.0,53063438000.0,80930749000.0,False,False,DIFFERS_FROM_FIRST_AND_LATEST_EQUAL
ASELS.IS:2024Q3,ASELS.IS,2024Q3,operating_profit,ifrs-full_ProfitLossFromOperatingActivities,14368042000.0,14368042000.0,22777915000.0,16197701000.0,False,False,DIFFERS_FROM_FIRST_AND_LATEST_EQUAL
ASELS.IS:2024Q3,ASELS.IS,2024Q3,ebitda,,,,,19188600000.0,True,False,UNKNOWN
ASELS.IS:2024Q3,ASELS.IS,2024Q3,net_income,ifrs-full_ProfitLoss,6074699000.0,6074699000.0,4357402000.0,8097210000.0,False,False,DIFFERS_FROM_FIRST_AND_LATEST_EQUAL
ASELS.IS:2024Q3,ASELS.IS,2024Q3,equity,ifrs-full_Equity,125353862000.0,125353862000.0,120073898000.0,125353862000.0,False,False,MATCHES_FIRST_AND_LATEST
ASELS.IS:2024Q3,ASELS.IS,2024Q3,cfo,ifrs-full_CashFlowsFromUsedInOperatingActivities,903430000.0,903430000.0,3845805000.0,1204217000.0,False,False,DIFFERS_FROM_FIRST_AND_LATEST_EQUAL
ASELS.IS:2024Q3,ASELS.IS,2024Q3,investing_cash_flow,ifrs-full_CashFlowsFromUsedInInvestingActivities,-14775957000.0,-14775957000.0,-13501948000.0,,False,True,UNKNOWN
ASELS.IS:2024Q3,ASELS.IS,2024Q3,fcf,DERIVED_CFO_PLUS_INVESTING_CF,-13872527000.0,-13872527000.0,,-18491247000.0,False,False,DIFFERS_FROM_FIRST_AND_LATEST_EQUAL
LOGO.IS:2022Q3,LOGO.IS,2022Q3,revenue,ifrs-full_Revenue,1019620479.0,1019620479.0,486195920.0,1019620000.0,False,False,DIFFERS_FROM_FIRST_AND_LATEST_EQUAL
LOGO.IS:2022Q3,LOGO.IS,2022Q3,operating_profit,ifrs-full_ProfitLossFromOperatingActivities,300635303.0,300635303.0,159230402.0,308081000.0,False,False,DIFFERS_FROM_FIRST_AND_LATEST_EQUAL
LOGO.IS:2022Q3,LOGO.IS,2022Q3,ebitda,,,,,393641000.0,True,False,UNKNOWN
LOGO.IS:2022Q3,LOGO.IS,2022Q3,net_income,ifrs-full_ProfitLoss,357499950.0,357499950.0,164738175.0,357501000.0,False,False,DIFFERS_FROM_FIRST_AND_LATEST_EQUAL
LOGO.IS:2022Q3,LOGO.IS,2022Q3,equity,ifrs-full_Equity,1095361927.0,1095361927.0,833505390.0,1095361927.0,False,False,MATCHES_FIRST_AND_LATEST
LOGO.IS:2022Q3,LOGO.IS,2022Q3,cfo,ifrs-full_CashFlowsFromUsedInOperatingActivities,439289592.0,439289592.0,118374036.0,439289000.0,False,False,DIFFERS_FROM_FIRST_AND_LATEST_EQUAL
LOGO.IS:2022Q3,LOGO.IS,2022Q3,investing_cash_flow,ifrs-full_CashFlowsFromUsedInInvestingActivities,-246575283.0,-246575283.0,-67390271.0,,False,True,UNKNOWN
LOGO.IS:2022Q3,LOGO.IS,2022Q3,fcf,DERIVED_CFO_PLUS_INVESTING_CF,192714309.0,192714309.0,,192714000.0,False,False,DIFFERS_FROM_FIRST_AND_LATEST_EQUAL
LOGO.IS:2023Q4,LOGO.IS,2023Q4,revenue,ifrs-full_Revenue,2975328000.0,2975328000.0,2887365000.0,3135800000.0,False,False,DIFFERS_FROM_FIRST_AND_LATEST_EQUAL
LOGO.IS:2023Q4,LOGO.IS,2023Q4,operating_profit,ifrs-full_ProfitLossFromOperatingActivities,294316000.0,294316000.0,710231000.0,488274000.0,False,False,DIFFERS_FROM_FIRST_AND_LATEST_EQUAL
LOGO.IS:2023Q4,LOGO.IS,2023Q4,ebitda,,,,,900491000.0,True,False,UNKNOWN
LOGO.IS:2023Q4,LOGO.IS,2023Q4,net_income,ifrs-full_ProfitLoss,130053000.0,130053000.0,332669000.0,187766000.0,False,False,DIFFERS_FROM_FIRST_AND_LATEST_EQUAL
LOGO.IS:2023Q4,LOGO.IS,2023Q4,equity,ifrs-full_Equity,2302745000.0,2302745000.0,2445865000.0,3324674000.0,False,False,DIFFERS_FROM_FIRST_AND_LATEST_EQUAL
LOGO.IS:2023Q4,LOGO.IS,2023Q4,cfo,ifrs-full_CashFlowsFromUsedInOperatingActivities,132432000.0,132432000.0,175119000.0,976969000.0,False,False,DIFFERS_FROM_FIRST_AND_LATEST_EQUAL
LOGO.IS:2023Q4,LOGO.IS,2023Q4,investing_cash_flow,ifrs-full_CashFlowsFromUsedInInvestingActivities,-165444000.0,-165444000.0,-573729000.0,,False,True,UNKNOWN
LOGO.IS:2023Q4,LOGO.IS,2023Q4,fcf,DERIVED_CFO_PLUS_INVESTING_CF,-33012000.0,-33012000.0,,28735000.0,False,False,DIFFERS_FROM_FIRST_AND_LATEST_EQUAL
LOGO.IS:2024Q2,LOGO.IS,2024Q2,revenue,ifrs-full_Revenue,2276901000.0,2276901000.0,1918058000.0,2222164000.0,False,False,DIFFERS_FROM_FIRST_AND_LATEST_EQUAL
LOGO.IS:2024Q2,LOGO.IS,2024Q2,operating_profit,ifrs-full_ProfitLossFromOperatingActivities,539142000.0,539142000.0,410263000.0,660273000.0,False,False,DIFFERS_FROM_FIRST_AND_LATEST_EQUAL
LOGO.IS:2024Q2,LOGO.IS,2024Q2,ebitda,,,,,935904000.0,True,False,UNKNOWN
LOGO.IS:2024Q2,LOGO.IS,2024Q2,net_income,ifrs-full_ProfitLoss,194356000.0,194356000.0,290543000.0,262477000.0,False,False,DIFFERS_FROM_FIRST_AND_LATEST_EQUAL
LOGO.IS:2024Q2,LOGO.IS,2024Q2,equity,ifrs-full_Equity,2461655000.0,2461655000.0,2872318000.0,2461655000.0,False,False,MATCHES_FIRST_AND_LATEST
LOGO.IS:2024Q2,LOGO.IS,2024Q2,cfo,ifrs-full_CashFlowsFromUsedInOperatingActivities,49788000.0,49788000.0,-130287000.0,890740000.0,False,False,DIFFERS_FROM_FIRST_AND_LATEST_EQUAL
LOGO.IS:2024Q2,LOGO.IS,2024Q2,investing_cash_flow,ifrs-full_CashFlowsFromUsedInInvestingActivities,-11485000.0,-11485000.0,-461477000.0,,False,True,UNKNOWN
LOGO.IS:2024Q2,LOGO.IS,2024Q2,fcf,DERIVED_CFO_PLUS_INVESTING_CF,38303000.0,38303000.0,,808431000.0,False,False,DIFFERS_FROM_FIRST_AND_LATEST_EQUAL
ISCTR.IS:2022Q1,ISCTR.IS,2022Q1,revenue,,,,,14803676589.0,True,False,UNKNOWN
ISCTR.IS:2022Q1,ISCTR.IS,2022Q1,operating_profit,ifrs-full_ProfitLossFromOperatingActivities,8995831000.0,8995831000.0,747475000.0,14803676589.0,False,False,DIFFERS_FROM_FIRST_AND_LATEST_EQUAL
ISCTR.IS:2022Q1,ISCTR.IS,2022Q1,ebitda,,,,,,True,True,UNKNOWN
ISCTR.IS:2022Q1,ISCTR.IS,2022Q1,net_income,ifrs-full_ProfitLoss,8431886000.0,8431886000.0,1853700000.0,8431860704.0,False,False,DIFFERS_FROM_FIRST_AND_LATEST_EQUAL
ISCTR.IS:2022Q1,ISCTR.IS,2022Q1,equity,ifrs-full_Equity,112011422000.0,112011422000.0,-3631756000.0,108379340861.0,False,False,DIFFERS_FROM_FIRST_AND_LATEST_EQUAL
ISCTR.IS:2022Q1,ISCTR.IS,2022Q1,cfo,,,,,,True,True,UNKNOWN
ISCTR.IS:2022Q1,ISCTR.IS,2022Q1,investing_cash_flow,ifrs-full_CashFlowsFromUsedInInvestingActivities,-9764821000.0,-9764821000.0,2850401000.0,,False,True,UNKNOWN
ISCTR.IS:2022Q1,ISCTR.IS,2022Q1,fcf,,,,,,True,True,UNKNOWN
ISCTR.IS:2023Q4,ISCTR.IS,2023Q4,revenue,,,,,149492355609.0,True,False,UNKNOWN
ISCTR.IS:2023Q4,ISCTR.IS,2023Q4,operating_profit,ifrs-full_ProfitLossFromOperatingActivities,43086474000.0,43086474000.0,52158374000.0,149492355609.0,False,False,DIFFERS_FROM_FIRST_AND_LATEST_EQUAL
ISCTR.IS:2023Q4,ISCTR.IS,2023Q4,ebitda,,,,,,True,True,UNKNOWN
ISCTR.IS:2023Q4,ISCTR.IS,2023Q4,net_income,ifrs-full_ProfitLoss,72264798000.0,72264798000.0,61537880000.0,72264711282.0,False,False,DIFFERS_FROM_FIRST_AND_LATEST_EQUAL
ISCTR.IS:2023Q4,ISCTR.IS,2023Q4,equity,ifrs-full_Equity,269335765000.0,269335765000.0,-1538281000.0,267797162643.0,False,False,DIFFERS_FROM_FIRST_AND_LATEST_EQUAL
ISCTR.IS:2023Q4,ISCTR.IS,2023Q4,cfo,,,,,,True,True,UNKNOWN
ISCTR.IS:2023Q4,ISCTR.IS,2023Q4,investing_cash_flow,ifrs-full_CashFlowsFromUsedInInvestingActivities,-173244562000.0,-173244562000.0,-75342524000.0,,False,True,UNKNOWN
ISCTR.IS:2023Q4,ISCTR.IS,2023Q4,fcf,,,,,,True,True,UNKNOWN
ISCTR.IS:2024Q3,ISCTR.IS,2024Q3,revenue,,,,,248332777000.0,True,False,UNKNOWN
ISCTR.IS:2024Q3,ISCTR.IS,2024Q3,operating_profit,ifrs-full_ProfitLossFromOperatingActivities,575773000.0,575773000.0,37991934000.0,248332777000.0,False,False,DIFFERS_FROM_FIRST_AND_LATEST_EQUAL
ISCTR.IS:2024Q3,ISCTR.IS,2024Q3,ebitda,,,,,,True,True,UNKNOWN
ISCTR.IS:2024Q3,ISCTR.IS,2024Q3,net_income,ifrs-full_ProfitLoss,34684797000.0,34684797000.0,52045550000.0,34684755378.0,False,False,DIFFERS_FROM_FIRST_AND_LATEST_EQUAL
ISCTR.IS:2024Q3,ISCTR.IS,2024Q3,equity,ifrs-full_Equity,289321695000.0,289321695000.0,1231880000.0,290553226336.0,False,False,DIFFERS_FROM_FIRST_AND_LATEST_EQUAL
ISCTR.IS:2024Q3,ISCTR.IS,2024Q3,cfo,,,,,,True,True,UNKNOWN
ISCTR.IS:2024Q3,ISCTR.IS,2024Q3,investing_cash_flow,ifrs-full_CashFlowsFromUsedInInvestingActivities,-129199603000.0,-129199603000.0,-130206578000.0,,False,True,UNKNOWN
ISCTR.IS:2024Q3,ISCTR.IS,2024Q3,fcf,,,,,,True,True,UNKNOWN
AKBNK.IS:2022Q3,AKBNK.IS,2022Q3,revenue,,,,,46711235000.0,True,False,UNKNOWN
AKBNK.IS:2022Q3,AKBNK.IS,2022Q3,operating_profit,ifrs-full_ProfitLossFromOperatingActivities,48403696000.0,48403696000.0,8524848000.0,46711235000.0,False,False,DIFFERS_FROM_FIRST_AND_LATEST_EQUAL
AKBNK.IS:2022Q3,AKBNK.IS,2022Q3,ebitda,,,,,,True,True,UNKNOWN
AKBNK.IS:2022Q3,AKBNK.IS,2022Q3,net_income,ifrs-full_ProfitLoss,38223316000.0,38223316000.0,7342714000.0,38223316000.0,False,False,MATCHES_FIRST_AND_LATEST
AKBNK.IS:2022Q3,AKBNK.IS,2022Q3,equity,ifrs-full_Equity,138004482000.0,138004482000.0,-11806189000.0,126198293000.0,False,False,DIFFERS_FROM_FIRST_AND_LATEST_EQUAL
AKBNK.IS:2022Q3,AKBNK.IS,2022Q3,cfo,,,,,,True,True,UNKNOWN
AKBNK.IS:2022Q3,AKBNK.IS,2022Q3,investing_cash_flow,ifrs-full_CashFlowsFromUsedInInvestingActivities,-40122728000.0,-40122728000.0,-21915100000.0,,False,True,UNKNOWN
AKBNK.IS:2022Q3,AKBNK.IS,2022Q3,fcf,,,,,,True,True,UNKNOWN
AKBNK.IS:2023Q4,AKBNK.IS,2023Q4,revenue,,,,,124974756000.0,True,False,UNKNOWN
AKBNK.IS:2023Q4,AKBNK.IS,2023Q4,operating_profit,ifrs-full_ProfitLossFromOperatingActivities,77146484000.0,77146484000.0,76186667000.0,124974756000.0,False,False,DIFFERS_FROM_FIRST_AND_LATEST_EQUAL
AKBNK.IS:2023Q4,AKBNK.IS,2023Q4,ebitda,,,,,,True,True,UNKNOWN
AKBNK.IS:2023Q4,AKBNK.IS,2023Q4,net_income,ifrs-full_ProfitLoss,66478940000.0,66478940000.0,60024084000.0,66478940000.0,False,False,MATCHES_FIRST_AND_LATEST
AKBNK.IS:2023Q4,AKBNK.IS,2023Q4,equity,ifrs-full_Equity,223315430000.0,223315430000.0,-12120003000.0,211195427000.0,False,False,DIFFERS_FROM_FIRST_AND_LATEST_EQUAL
AKBNK.IS:2023Q4,AKBNK.IS,2023Q4,cfo,,,,,,True,True,UNKNOWN
AKBNK.IS:2023Q4,AKBNK.IS,2023Q4,investing_cash_flow,ifrs-full_CashFlowsFromUsedInInvestingActivities,-168640152000.0,-168640152000.0,-52054063000.0,,False,True,UNKNOWN
AKBNK.IS:2023Q4,AKBNK.IS,2023Q4,fcf,,,,,,True,True,UNKNOWN
AKBNK.IS:2024Q2,AKBNK.IS,2024Q2,revenue,,,,,130278691000.0,True,False,UNKNOWN
AKBNK.IS:2024Q2,AKBNK.IS,2024Q2,operating_profit,ifrs-full_ProfitLossFromOperatingActivities,23228216000.0,23228216000.0,34555103000.0,130278691000.0,False,False,DIFFERS_FROM_FIRST_AND_LATEST_EQUAL
AKBNK.IS:2024Q2,AKBNK.IS,2024Q2,ebitda,,,,,,True,True,UNKNOWN
AKBNK.IS:2024Q2,AKBNK.IS,2024Q2,net_income,ifrs-full_ProfitLoss,24108123000.0,24108123000.0,31012976000.0,24108123000.0,False,False,MATCHES_FIRST_AND_LATEST
AKBNK.IS:2024Q2,AKBNK.IS,2024Q2,equity,ifrs-full_Equity,235111715000.0,235111715000.0,-14018517000.0,221093198000.0,False,False,DIFFERS_FROM_FIRST_AND_LATEST_EQUAL
AKBNK.IS:2024Q2,AKBNK.IS,2024Q2,cfo,,,,,,True,True,UNKNOWN
AKBNK.IS:2024Q2,AKBNK.IS,2024Q2,investing_cash_flow,ifrs-full_CashFlowsFromUsedInInvestingActivities,-90313231000.0,-90313231000.0,-95235894000.0,,False,True,UNKNOWN
AKBNK.IS:2024Q2,AKBNK.IS,2024Q2,fcf,,,,,,True,True,UNKNOWN
ANSGR.IS:2022Q1,ANSGR.IS,2022Q1,revenue,,,,,1914211228.0,True,False,UNKNOWN
ANSGR.IS:2022Q1,ANSGR.IS,2022Q1,operating_profit,,,,,1914211228.0,True,False,UNKNOWN
ANSGR.IS:2022Q1,ANSGR.IS,2022Q1,ebitda,,,,,,True,True,UNKNOWN
ANSGR.IS:2022Q1,ANSGR.IS,2022Q1,net_income,ifrs-full_ProfitLoss,196686770.0,196686770.0,165636222.0,196686770.0,False,False,MATCHES_FIRST_AND_LATEST
ANSGR.IS:2022Q1,ANSGR.IS,2022Q1,equity,ifrs-full_Equity,3946069987.0,3946069987.0,3203552196.0,3946069987.0,False,False,MATCHES_FIRST_AND_LATEST
ANSGR.IS:2022Q1,ANSGR.IS,2022Q1,cfo,ifrs-full_CashFlowsFromUsedInOperatingActivities,30615613.0,30615613.0,409856837.0,,False,True,UNKNOWN
ANSGR.IS:2022Q1,ANSGR.IS,2022Q1,investing_cash_flow,ifrs-full_CashFlowsFromUsedInInvestingActivities,-474693422.0,-474693422.0,-357371878.0,,False,True,UNKNOWN
ANSGR.IS:2022Q1,ANSGR.IS,2022Q1,fcf,DERIVED_CFO_PLUS_INVESTING_CF,-444077809.0,-444077809.0,,,False,True,UNKNOWN
ANSGR.IS:2023Q4,ANSGR.IS,2023Q4,revenue,,,,,23246572202.0,True,False,UNKNOWN
ANSGR.IS:2023Q4,ANSGR.IS,2023Q4,operating_profit,,,,,23246572202.0,True,False,UNKNOWN
ANSGR.IS:2023Q4,ANSGR.IS,2023Q4,ebitda,,,,,,True,True,UNKNOWN
ANSGR.IS:2023Q4,ANSGR.IS,2023Q4,net_income,ifrs-full_ProfitLoss,5909396707.0,5909396707.0,1133201306.0,5909396707.0,False,False,MATCHES_FIRST_AND_LATEST
ANSGR.IS:2023Q4,ANSGR.IS,2023Q4,equity,ifrs-full_Equity,14203844032.0,14203844032.0,6048456902.0,14203844032.0,False,False,MATCHES_FIRST_AND_LATEST
ANSGR.IS:2023Q4,ANSGR.IS,2023Q4,cfo,ifrs-full_CashFlowsFromUsedInOperatingActivities,2787153931.0,2787153931.0,2318280318.0,,False,True,UNKNOWN
ANSGR.IS:2023Q4,ANSGR.IS,2023Q4,investing_cash_flow,ifrs-full_CashFlowsFromUsedInInvestingActivities,-2057061126.0,-2057061126.0,2586368985.0,,False,True,UNKNOWN
ANSGR.IS:2023Q4,ANSGR.IS,2023Q4,fcf,DERIVED_CFO_PLUS_INVESTING_CF,730092805.0,730092805.0,,,False,True,UNKNOWN
ANSGR.IS:2024Q3,ANSGR.IS,2024Q3,revenue,,,,,29538533392.0,True,False,UNKNOWN
ANSGR.IS:2024Q3,ANSGR.IS,2024Q3,operating_profit,,,,,29538533392.0,True,False,UNKNOWN
ANSGR.IS:2024Q3,ANSGR.IS,2024Q3,ebitda,,,,,,True,True,UNKNOWN
ANSGR.IS:2024Q3,ANSGR.IS,2024Q3,net_income,ifrs-full_ProfitLoss,7879164434.0,7879164434.0,5423053452.0,7879164434.0,False,False,MATCHES_FIRST_AND_LATEST
ANSGR.IS:2024Q3,ANSGR.IS,2024Q3,equity,ifrs-full_Equity,27675396621.0,27675396621.0,14203844032.0,27675396621.0,False,False,MATCHES_FIRST_AND_LATEST
ANSGR.IS:2024Q3,ANSGR.IS,2024Q3,cfo,ifrs-full_CashFlowsFromUsedInOperatingActivities,6068481795.0,6068481795.0,1778999428.0,,False,True,UNKNOWN
ANSGR.IS:2024Q3,ANSGR.IS,2024Q3,investing_cash_flow,ifrs-full_CashFlowsFromUsedInInvestingActivities,-3223622633.0,-3223622633.0,-2604058145.0,,False,True,UNKNOWN
ANSGR.IS:2024Q3,ANSGR.IS,2024Q3,fcf,DERIVED_CFO_PLUS_INVESTING_CF,2844859162.0,2844859162.0,,,False,True,UNKNOWN
TURSG.IS:2022Q3,TURSG.IS,2022Q3,revenue,,,,,4701809229.0,True,False,UNKNOWN
TURSG.IS:2022Q3,TURSG.IS,2022Q3,operating_profit,,,,,4701809229.0,True,False,UNKNOWN
TURSG.IS:2022Q3,TURSG.IS,2022Q3,ebitda,,,,,,True,True,UNKNOWN
TURSG.IS:2022Q3,TURSG.IS,2022Q3,net_income,ifrs-full_ProfitLoss,517588747.0,517588747.0,783936943.0,517588747.0,False,False,MATCHES_FIRST_AND_LATEST
TURSG.IS:2022Q3,TURSG.IS,2022Q3,equity,ifrs-full_Equity,4362053239.0,4362053239.0,4220065907.0,4362053239.0,False,False,MATCHES_FIRST_AND_LATEST
TURSG.IS:2022Q3,TURSG.IS,2022Q3,cfo,ifrs-full_CashFlowsFromUsedInOperatingActivities,2017064103.0,2017064103.0,104205683.0,,False,True,UNKNOWN
TURSG.IS:2022Q3,TURSG.IS,2022Q3,investing_cash_flow,ifrs-full_CashFlowsFromUsedInInvestingActivities,-2252294421.0,-2252294421.0,-120913444.0,,False,True,UNKNOWN
TURSG.IS:2022Q3,TURSG.IS,2022Q3,fcf,DERIVED_CFO_PLUS_INVESTING_CF,-235230318.0,-235230318.0,,,False,True,UNKNOWN
TURSG.IS:2023Q4,TURSG.IS,2023Q4,revenue,,,,,20257540273.0,True,False,UNKNOWN
TURSG.IS:2023Q4,TURSG.IS,2023Q4,operating_profit,,,,,20257540273.0,True,False,UNKNOWN
TURSG.IS:2023Q4,TURSG.IS,2023Q4,ebitda,,,,,,True,True,UNKNOWN
TURSG.IS:2023Q4,TURSG.IS,2023Q4,net_income,ifrs-full_ProfitLoss,6155335809.0,6155335809.0,941403358.0,6155335809.0,False,False,MATCHES_FIRST_AND_LATEST
TURSG.IS:2023Q4,TURSG.IS,2023Q4,equity,ifrs-full_Equity,15425582306.0,15425582306.0,6420726465.0,15425582306.0,False,False,MATCHES_FIRST_AND_LATEST
TURSG.IS:2023Q4,TURSG.IS,2023Q4,cfo,ifrs-full_CashFlowsFromUsedInOperatingActivities,7060073871.0,7060073871.0,4037699946.0,,False,True,UNKNOWN
TURSG.IS:2023Q4,TURSG.IS,2023Q4,investing_cash_flow,ifrs-full_CashFlowsFromUsedInInvestingActivities,-1947796734.0,-1947796734.0,-3432106941.0,,False,True,UNKNOWN
TURSG.IS:2023Q4,TURSG.IS,2023Q4,fcf,DERIVED_CFO_PLUS_INVESTING_CF,5112277137.0,5112277137.0,,,False,True,UNKNOWN
TURSG.IS:2024Q2,TURSG.IS,2024Q2,revenue,,,,,19554356663.0,True,False,UNKNOWN
TURSG.IS:2024Q2,TURSG.IS,2024Q2,operating_profit,,,,,19554356663.0,True,False,UNKNOWN
TURSG.IS:2024Q2,TURSG.IS,2024Q2,ebitda,,,,,,True,True,UNKNOWN
TURSG.IS:2024Q2,TURSG.IS,2024Q2,net_income,ifrs-full_ProfitLoss,6569089716.0,6569089716.0,2869900152.0,6569089716.0,False,False,MATCHES_FIRST_AND_LATEST
TURSG.IS:2024Q2,TURSG.IS,2024Q2,equity,ifrs-full_Equity,21025768036.0,21025768036.0,15425582306.0,21025768036.0,False,False,MATCHES_FIRST_AND_LATEST
TURSG.IS:2024Q2,TURSG.IS,2024Q2,cfo,ifrs-full_CashFlowsFromUsedInOperatingActivities,-2584940211.0,-2584940211.0,-575792458.0,,False,True,UNKNOWN
TURSG.IS:2024Q2,TURSG.IS,2024Q2,investing_cash_flow,ifrs-full_CashFlowsFromUsedInInvestingActivities,2562595622.0,2562595622.0,868321858.0,,False,True,UNKNOWN
TURSG.IS:2024Q2,TURSG.IS,2024Q2,fcf,DERIVED_CFO_PLUS_INVESTING_CF,-22344589.0,-22344589.0,,,False,True,UNKNOWN
