signal_date,symbol,ex_ante_beta,beta_observations
2019-01-04,AEFES.IS,0.42447190747078745,252
2019-01-04,AGHOL.IS,0.6737473719948668,252
2019-01-04,AKBNK.IS,1.497742657865978,252
2019-01-04,ALARK.IS,1.039358910319506,252
2019-01-04,ANSGR.IS,0.0658242964642916,252
2019-01-04,ARCLK.IS,0.8595052511769378,252
2019-01-04,BIMAS.IS,0.3660286442682262,252
2019-01-04,BIZIM.IS,1.014731005714034,252
2019-01-04,BRSAN.IS,0.9649819919571548,252
2019-01-04,BSOKE.IS,0.6516488855275616,252
2019-01-04,CCOLA.IS,0.7061121769873299,252
2019-01-04,CIMSA.IS,0.513437858261841,252
2019-01-04,CLEBI.IS,0.7860828757805329,252
2019-01-04,DOAS.IS,0.7573706106498452,252
2019-01-04,DOHOL.IS,0.7086424180198645,252
2019-01-04,ECILC.IS,0.9852730327534261,252
2019-01-04,EKGYO.IS,0.8985520571869613,252
2019-01-04,ENKAI.IS,0.43505893680114593,252
2019-01-04,EREGL.IS,0.9812342151109545,252
2019-01-04,FROTO.IS,0.7558123437948346,252
2019-01-04,GARAN.IS,1.660025331408043,252
2019-01-04,GENTS.IS,0.6381873550808577,252
2019-01-04,GUBRF.IS,0.9245237357870919,252
2019-01-04,HALKB.IS,1.4274477895405886,252
2019-01-04,HEKTS.IS,0.9742180131709606,252
2019-01-04,ISCTR.IS,1.3509653600395586,252
2019-01-04,ISGYO.IS,0.7060389878022343,252
2019-01-04,KCHOL.IS,0.7802786382640504,252
2019-01-04,KORDS.IS,0.7372241587766448,252
2019-01-04,KRDMD.IS,1.3863382536118982,252
2019-01-04,LOGO.IS,0.7659295353046205,252
2019-01-04,MAVI.IS,0.9838690560830217,252
2019-01-04,MGROS.IS,1.270177616324543,252
2019-01-04,ODAS.IS,1.2422031277202945,252
2019-01-04,OTKAR.IS,1.0240363351564272,252
2019-01-04,OYAKC.IS,0.4629816719560083,252
2019-01-04,PETKM.IS,0.9720292921369204,252
2019-01-04,PGSUS.IS,1.4148807699801784,252
2019-01-04,SAHOL.IS,1.0315647858951846,252
2019-01-04,SASA.IS,1.1209580056139472,252
2019-01-04,SELEC.IS,0.4579961526795294,252
2019-01-04,SISE.IS,0.7378173284194756,252
2019-01-04,SKBNK.IS,1.1467566441262254,252
2019-01-04,TAVHL.IS,0.6099324123509,252
2019-01-04,THYAO.IS,1.4393378502272443,252
2019-01-04,TKFEN.IS,0.48482458457445265,252
2019-01-04,TOASO.IS,0.6754002828059318,252
2019-01-04,TRGYO.IS,0.6480022564973402,252
2019-01-04,TSKB.IS,1.104552086443481,252
2019-01-04,TTKOM.IS,1.1090525468674677,252
2019-01-04,TTRAK.IS,0.7297165192229681,252
2019-01-04,TUPRS.IS,0.5048250992711892,252
2019-01-04,TURSG.IS,0.9903011822313421,252
2019-01-04,ULKER.IS,0.6981072286720825,252
2019-01-04,VAKBN.IS,1.483206076453154,252
2019-01-04,VESTL.IS,1.1483024525098269,252
2019-01-04,YKBNK.IS,1.3078245393984156,252
2019-03-29,AEFES.IS,0.5583005998977771,252
2019-03-29,AGHOL.IS,0.7043608358075053,252
2019-03-29,AKBNK.IS,1.54019687021888,252
2019-03-29,ALARK.IS,1.062436715007086,252
2019-03-29,ANSGR.IS,0.09581052021800769,252
2019-03-29,ARCLK.IS,0.8721842322625328,252
2019-03-29,ASELS.IS,1.081351904296007,240
2019-03-29,BIMAS.IS,0.3654273734458328,252
2019-03-29,BIZIM.IS,0.9492163649745967,252
2019-03-29,BRSAN.IS,0.9237050670899436,252
2019-03-29,BSOKE.IS,0.6858744552081193,252
2019-03-29,CCOLA.IS,0.7372608055106059,252
2019-03-29,CIMSA.IS,0.5922795184992151,252
2019-03-29,CLEBI.IS,0.7556564913437037,252
2019-03-29,DOAS.IS,0.8258339845998822,252
2019-03-29,DOHOL.IS,0.7465496059125906,252
2019-03-29,ECILC.IS,1.0016180647902158,252
2019-03-29,EKGYO.IS,0.8986502807311382,252
2019-03-29,ENKAI.IS,0.4507501393344781,252
2019-03-29,EREGL.IS,0.9912871684097933,252
2019-03-29,FROTO.IS,0.788842420350902,252
2019-03-29,GARAN.IS,1.6321452877613591,252
2019-03-29,GENTS.IS,0.5954403916478777,252
2019-03-29,GUBRF.IS,0.8696257646087048,252
2019-03-29,HALKB.IS,1.4736576761738813,252
2019-03-29,HEKTS.IS,0.8751830317811629,252
2019-03-29,ISCTR.IS,1.3731880258046103,252
2019-03-29,ISGYO.IS,0.741197880446492,252
2019-03-29,KCHOL.IS,0.8424663969367339,252
2019-03-29,KORDS.IS,0.6273327844974108,252
2019-03-29,KRDMD.IS,1.4091188353965292,252
2019-03-29,LOGO.IS,0.7297954652074528,252
2019-03-29,MAVI.IS,1.032772384177905,252
2019-03-29,MGROS.IS,1.2753952555592456,252
2019-03-29,ODAS.IS,1.2516594285921223,252
2019-03-29,OTKAR.IS,1.025883351799375,252
2019-03-29,OYAKC.IS,0.4592948687032326,252
2019-03-29,PETKM.IS,0.931528166258176,252
2019-03-29,PGSUS.IS,1.4060445075953802,252
2019-03-29,SAHOL.IS,1.1037100348402085,252
2019-03-29,SASA.IS,1.036263174016366,252
2019-03-29,SELEC.IS,0.3957717390749657,252
2019-03-29,SISE.IS,0.7673367893901513,252
2019-03-29,SKBNK.IS,1.1492555017680413,252
2019-03-29,TAVHL.IS,0.5802803278763877,252
2019-03-29,TCELL.IS,0.9562192200557047,250
2019-03-29,THYAO.IS,1.3144341252517413,252
2019-03-29,TKFEN.IS,0.5531630763413691,252
2019-03-29,TOASO.IS,0.7780048982882068,252
2019-03-29,TRGYO.IS,0.7368591437222728,252
2019-03-29,TSKB.IS,1.1501492534470943,252
2019-03-29,TTKOM.IS,1.2216228933684792,252
2019-03-29,TTRAK.IS,0.7475913788554837,252
2019-03-29,TUPRS.IS,0.6040178907894678,252
2019-03-29,TURSG.IS,0.9741302546614586,252
2019-03-29,ULKER.IS,0.7461545802880173,252
2019-03-29,VAKBN.IS,1.5599649195576748,252
2019-03-29,VESTL.IS,1.08789889299627,252
2019-03-29,YKBNK.IS,1.3781594356956164,252
2019-06-28,AEFES.IS,0.6396948611157901,252
2019-06-28,AGHOL.IS,0.774537488783422,252
2019-06-28,AKBNK.IS,1.584475872163597,252
2019-06-28,ALARK.IS,1.010759271138618,252
2019-06-28,ANSGR.IS,0.060514921437753166,252
2019-06-28,ARCLK.IS,0.8893135371009752,252
2019-06-28,ASELS.IS,1.0752931067673204,252
2019-06-28,BIMAS.IS,0.4130957432265115,252
2019-06-28,BIZIM.IS,0.8679407162602958,252
2019-06-28,BRSAN.IS,0.9200440961336475,252
2019-06-28,BSOKE.IS,0.6284975959117958,252
2019-06-28,CCOLA.IS,0.7702445447909765,252
2019-06-28,CIMSA.IS,0.647040570033889,252
2019-06-28,CLEBI.IS,0.5739091184432309,252
2019-06-28,DOAS.IS,0.8834929990816568,252
2019-06-28,DOHOL.IS,0.6382555464775467,252
2019-06-28,ECILC.IS,1.0350946763769682,252
2019-06-28,EKGYO.IS,0.9161307037992716,252
2019-06-28,ENKAI.IS,0.36241870976023366,252
2019-06-28,EREGL.IS,0.8940997434028354,252
2019-06-28,FROTO.IS,0.7838723111909776,252
2019-06-28,GARAN.IS,1.6703120474751987,252
2019-06-28,GENTS.IS,0.664181033115087,252
2019-06-28,GUBRF.IS,0.8691851405201977,252
2019-06-28,HALKB.IS,1.3604710420683215,252
2019-06-28,HEKTS.IS,0.8544699978363143,252
2019-06-28,ISCTR.IS,1.3946471458005434,252
2019-06-28,ISGYO.IS,0.7473560988781056,252
2019-06-28,KCHOL.IS,0.7998105281663641,252
2019-06-28,KORDS.IS,0.4858869786491888,252
2019-06-28,KRDMD.IS,1.3597535513190904,252
2019-06-28,LOGO.IS,0.7487646465677897,252
2019-06-28,MAVI.IS,1.0462988292345252,252
2019-06-28,MGROS.IS,1.2652840647424406,252
2019-06-28,ODAS.IS,1.1617170869148357,252
2019-06-28,OTKAR.IS,0.9648344400287242,252
2019-06-28,OYAKC.IS,0.5091217677429711,252
2019-06-28,PETKM.IS,0.837243054902187,252
2019-06-28,PGSUS.IS,1.3206793375511998,252
2019-06-28,SAHOL.IS,1.2142107999863954,252
2019-06-28,SASA.IS,0.9266784829186683,252
2019-06-28,SELEC.IS,0.42902280655448743,252
2019-06-28,SISE.IS,0.7721739055373601,252
2019-06-28,SKBNK.IS,1.1418218267536147,252
2019-06-28,SOKM.IS,0.6234107167133268,252
2019-06-28,TAVHL.IS,0.5851742976116273,252
2019-06-28,TCELL.IS,0.9518326817242554,252
2019-06-28,THYAO.IS,1.2211668945652037,252
2019-06-28,TKFEN.IS,0.5435262798346092,252
2019-06-28,TOASO.IS,0.8404075760989911,252
2019-06-28,TRGYO.IS,0.7109237275794971,252
2019-06-28,TSKB.IS,1.1449368812182776,252
2019-06-28,TTKOM.IS,1.312496132486964,252
2019-06-28,TTRAK.IS,0.7371918223961856,252
2019-06-28,TUPRS.IS,0.5086430874517742,252
2019-06-28,TURSG.IS,1.0305529539068652,252
2019-06-28,ULKER.IS,0.732382051330169,252
2019-06-28,VAKBN.IS,1.6475338546049474,252
2019-06-28,VESTL.IS,0.9856468434522531,252
2019-06-28,YKBNK.IS,1.3181496619716393,252
2019-09-27,AEFES.IS,0.677559939139102,252
2019-09-27,AGHOL.IS,0.9317736083236077,252
2019-09-27,AKBNK.IS,1.5342285252240575,252
2019-09-27,ALARK.IS,0.8430973372801538,252
2019-09-27,ANSGR.IS,0.10246248579663242,252
2019-09-27,ARCLK.IS,0.7716987301803206,252
2019-09-27,ASELS.IS,1.1431086067894454,252
2019-09-27,BIMAS.IS,0.41748333398221055,252
2019-09-27,BIZIM.IS,0.6968035732818941,252
2019-09-27,BRSAN.IS,0.7991243708918846,252
2019-09-27,BSOKE.IS,0.678814368459817,252
2019-09-27,CCOLA.IS,0.7722755072110584,252
2019-09-27,CIMSA.IS,0.7157375157164532,252
2019-09-27,CLEBI.IS,0.3647624196263185,252
2019-09-27,DOAS.IS,0.847073010290559,252
2019-09-27,DOHOL.IS,0.7257483280660666,252
2019-09-27,ECILC.IS,0.8700329743982346,252
2019-09-27,EKGYO.IS,0.9099511565666201,252
2019-09-27,ENKAI.IS,0.32667417910511964,252
2019-09-27,EREGL.IS,0.9756427661410102,252
2019-09-27,FROTO.IS,0.7771404338345672,252
2019-09-27,GARAN.IS,1.5912383165421988,252
2019-09-27,GENTS.IS,0.7730662394239716,252
2019-09-27,GUBRF.IS,0.7835078922919737,252
2019-09-27,HALKB.IS,1.2868317101877245,252
2019-09-27,HEKTS.IS,0.6770496125644637,252
2019-09-27,ISCTR.IS,1.3958958709902742,252
2019-09-27,ISGYO.IS,0.629615187126651,252
2019-09-27,KCHOL.IS,0.8716315249061292,252
2019-09-27,KORDS.IS,0.436557008456984,252
2019-09-27,KRDMD.IS,1.3237115048574943,252
2019-09-27,LOGO.IS,0.6147058159295355,252
2019-09-27,MAVI.IS,0.9286125535947858,252
2019-09-27,MGROS.IS,1.0856000859420576,252
2019-09-27,ODAS.IS,1.0242129320563536,252
2019-09-27,OTKAR.IS,0.8781380610560051,252
2019-09-27,OYAKC.IS,0.6344311749346206,252
2019-09-27,PETKM.IS,0.872212193439988,252
2019-09-27,PGSUS.IS,0.9589944876729377,252
2019-09-27,SAHOL.IS,1.2888387473726146,252
2019-09-27,SASA.IS,1.024033342619484,252
2019-09-27,SELEC.IS,0.47011417901898606,252
2019-09-27,SISE.IS,0.9445433057015371,252
2019-09-27,SKBNK.IS,1.1382863799265863,252
2019-09-27,SOKM.IS,0.530719199221941,252
2019-09-27,TAVHL.IS,0.619249139319993,252
2019-09-27,TCELL.IS,0.8489286225353738,252
2019-09-27,THYAO.IS,1.1938927990045243,252
2019-09-27,TKFEN.IS,0.6420505636403255,252
2019-09-27,TOASO.IS,0.8672259070265287,252
2019-09-27,TRGYO.IS,0.6726838748052605,252
2019-09-27,TSKB.IS,0.9750813839424874,252
2019-09-27,TTKOM.IS,1.1890050353765078,252
2019-09-27,TTRAK.IS,0.6538040658490187,252
2019-09-27,TUPRS.IS,0.6917320735004113,252
2019-09-27,TURSG.IS,0.9802063052206321,252
2019-09-27,ULKER.IS,0.6874289938751935,252
2019-09-27,VAKBN.IS,1.6855357163521298,252
2019-09-27,VESTL.IS,0.8687172497584384,252
2019-09-27,YKBNK.IS,1.2729410584340923,252
2019-12-23,AEFES.IS,0.8406145960310116,252
2019-12-23,AGHOL.IS,1.0121054896961572,252
2019-12-23,AKBNK.IS,1.4680836024070594,252
2019-12-23,ALARK.IS,0.6620172623440775,252
2019-12-23,ANSGR.IS,0.2097204712255766,252
2019-12-23,ARCLK.IS,0.823218670279998,252
2019-12-23,ASELS.IS,1.155088281196809,252
2019-12-23,BIMAS.IS,0.5057849872225664,252
2019-12-23,BIZIM.IS,0.7441384332533446,252
2019-12-23,BRSAN.IS,0.8845553888176018,252
2019-12-23,BSOKE.IS,0.6662008553673385,252
2019-12-23,CCOLA.IS,0.8816702650337779,252
2019-12-23,CIMSA.IS,0.7384761480735405,252
2019-12-23,CLEBI.IS,0.37956515905319127,252
2019-12-23,DOAS.IS,1.0122280423832695,252
2019-12-23,DOHOL.IS,0.6133140941266287,252
2019-12-23,ECILC.IS,0.8720274763853604,252
2019-12-23,EKGYO.IS,1.01270781643651,252
2019-12-23,ENKAI.IS,0.29042672539444914,252
2019-12-23,EREGL.IS,0.8734914361598892,252
2019-12-23,FROTO.IS,0.7295434917708544,252
2019-12-23,GARAN.IS,1.5525619093881975,252
2019-12-23,GENTS.IS,0.6829536402507739,252
2019-12-23,GUBRF.IS,0.7797342017021403,252
2019-12-23,HALKB.IS,1.2351494894577735,252
2019-12-23,HEKTS.IS,0.5568029053278201,252
2019-12-23,ISCTR.IS,1.3811540800816473,252
2019-12-23,ISGYO.IS,0.6684708680145977,252
2019-12-23,KCHOL.IS,0.9099669560917082,252
2019-12-23,KORDS.IS,0.4871443219317984,252
2019-12-23,KRDMD.IS,1.162307301757691,252
2019-12-23,LOGO.IS,0.6269721712914254,252
2019-12-23,MAVI.IS,0.7945965909927875,252
2019-12-23,MGROS.IS,1.086692828161697,252
2019-12-23,ODAS.IS,0.8705763581719501,252
2019-12-23,OTKAR.IS,0.8237343172371816,252
2019-12-23,OYAKC.IS,0.47081344912834716,252
2019-12-23,PETKM.IS,0.7889644765777197,252
2019-12-23,PGSUS.IS,0.8020878169734634,252
2019-12-23,SAHOL.IS,1.2543488520027088,252
2019-12-23,SASA.IS,0.8642853190972618,252
2019-12-23,SELEC.IS,0.4643289118668709,252
2019-12-23,SISE.IS,0.9843470803592046,252
2019-12-23,SKBNK.IS,1.1251017490526223,252
2019-12-23,SOKM.IS,0.6459456118015535,252
2019-12-23,TAVHL.IS,0.5214701072635971,252
2019-12-23,TCELL.IS,0.9036760610711603,252
2019-12-23,THYAO.IS,1.155746851126729,252
2019-12-23,TKFEN.IS,0.8635138920642326,252
2019-12-23,TOASO.IS,0.8591718350901433,252
2019-12-23,TRGYO.IS,0.8305437798246548,252
2019-12-23,TSKB.IS,0.9894415312536999,252
2019-12-23,TTKOM.IS,1.210008581221149,252
2019-12-23,TTRAK.IS,0.6923390277875944,252
2019-12-23,TUPRS.IS,0.6981314069082454,252
2019-12-23,TURSG.IS,0.8587643086890133,252
2019-12-23,ULKER.IS,0.7222059037216108,252
2019-12-23,VAKBN.IS,1.5979674626072726,252
2019-12-23,VESTL.IS,0.7482022836061396,252
2019-12-23,YKBNK.IS,1.305170411164591,252
2020-03-18,AEFES.IS,0.8929503503618392,250
2020-03-18,AGHOL.IS,1.1460268508902889,252
2020-03-18,AKBNK.IS,1.2790873813344341,250
2020-03-18,ALARK.IS,0.7627557256883127,250
2020-03-18,ANSGR.IS,0.29101569326240095,250
2020-03-18,ARCLK.IS,0.8776885850688879,250
2020-03-18,ASELS.IS,1.1393206899234372,250
2020-03-18,BIMAS.IS,0.500468537357058,250
2020-03-18,BIZIM.IS,0.933835648627531,250
2020-03-18,BRSAN.IS,1.221100435123316,250
2020-03-18,BSOKE.IS,0.9940615738411147,250
2020-03-18,CCOLA.IS,0.8169043865093158,250
2020-03-18,CIMSA.IS,0.858389158656049,250
2020-03-18,CLEBI.IS,0.7209196246938097,250
2020-03-18,DOAS.IS,1.1437334625321178,250
2020-03-18,DOHOL.IS,0.7590125931121716,250
2020-03-18,ECILC.IS,0.9253206562050109,250
2020-03-18,EKGYO.IS,1.0372841817495808,250
2020-03-18,ENKAI.IS,0.4331409175763366,250
2020-03-18,EREGL.IS,0.8229268624866426,250
2020-03-18,FROTO.IS,0.7276318967668595,252
2020-03-18,GARAN.IS,1.4268757804098513,250
2020-03-18,GENTS.IS,0.9157460081079607,250
2020-03-18,GUBRF.IS,1.0248185437296198,250
2020-03-18,HALKB.IS,1.1864801247244992,250
2020-03-18,HEKTS.IS,0.8005024930523746,250
2020-03-18,ISCTR.IS,1.2005918426824729,250
2020-03-18,ISGYO.IS,0.9449961693788677,250
2020-03-18,KCHOL.IS,0.8753798613975315,250
2020-03-18,KORDS.IS,0.7118295068016885,250
2020-03-18,KRDMD.IS,1.17392582982541,250
2020-03-18,LOGO.IS,0.7526496541675842,250
2020-03-18,MAVI.IS,0.9037330583319939,252
2020-03-18,MGROS.IS,1.0607198040554413,250
2020-03-18,ODAS.IS,1.2510105610596551,250
2020-03-18,OTKAR.IS,0.8665312601525907,250
2020-03-18,OYAKC.IS,0.5803892978729502,250
2020-03-18,PETKM.IS,0.8634645147592189,250
2020-03-18,PGSUS.IS,1.049728599230879,250
2020-03-18,SAHOL.IS,1.1748968240785855,250
2020-03-18,SASA.IS,1.0414184905843982,250
2020-03-18,SELEC.IS,0.7121620204742621,250
2020-03-18,SISE.IS,0.9558689977640042,250
2020-03-18,SKBNK.IS,1.2145147660937852,250
2020-03-18,SOKM.IS,0.7954576281216779,250
2020-03-18,TAVHL.IS,0.6753818511156151,250
2020-03-18,TCELL.IS,0.8472773166723431,250
2020-03-18,THYAO.IS,1.2516902489041384,250
2020-03-18,TKFEN.IS,0.9416002158434169,252
2020-03-18,TOASO.IS,0.9163152341416092,250
2020-03-18,TRGYO.IS,1.1825067892759151,252
2020-03-18,TSKB.IS,1.1062185981571182,250
2020-03-18,TTKOM.IS,1.24657385859102,252
2020-03-18,TTRAK.IS,0.7777015278709827,250
2020-03-18,TUPRS.IS,0.7298986017397877,250
2020-03-18,TURSG.IS,1.112119784378111,250
2020-03-18,ULKER.IS,0.8678280904988043,250
2020-03-18,VAKBN.IS,1.4821319354229407,250
2020-03-18,VESTL.IS,0.9077284824132595,250
2020-03-18,YKBNK.IS,1.207352557888714,250
2020-06-17,AEFES.IS,0.8981439925327371,250
2020-06-17,AGHOL.IS,1.1503675462117093,252
2020-06-17,AKBNK.IS,1.2242543239492518,250
2020-06-17,ALARK.IS,0.7761571882500141,250
2020-06-17,ANSGR.IS,0.36357124864668156,250
2020-06-17,ARCLK.IS,0.9200133155426025,250
2020-06-17,ASELS.IS,1.2089428522913017,250
2020-06-17,BIMAS.IS,0.39596543160696596,250
2020-06-17,BIZIM.IS,0.9208156344747801,250
2020-06-17,BRSAN.IS,1.363989480199601,250
2020-06-17,BSOKE.IS,1.0987792459789802,250
2020-06-17,CCOLA.IS,0.7964337789375044,250
2020-06-17,CIMSA.IS,0.9490814762418799,250
2020-06-17,CLEBI.IS,1.0475792307740923,250
2020-06-17,DOAS.IS,1.3631895862314318,250
2020-06-17,DOHOL.IS,0.7745674391054882,250
2020-06-17,ECILC.IS,0.9189839959077448,250
2020-06-17,EKGYO.IS,1.1307847553097379,250
2020-06-17,ENKAI.IS,0.5175234841822269,250
2020-06-17,EREGL.IS,0.8026757951564877,250
2020-06-17,FROTO.IS,0.767723985444581,252
2020-06-17,GARAN.IS,1.3883922654761236,250
2020-06-17,GENTS.IS,1.0579574638608442,250
2020-06-17,GUBRF.IS,1.0074686449670804,250
2020-06-17,HALKB.IS,1.1931000670771448,250
2020-06-17,HEKTS.IS,0.8176664469479991,250
2020-06-17,ISCTR.IS,1.144975290754516,250
2020-06-17,ISGYO.IS,1.0846787095871804,250
2020-06-17,KCHOL.IS,0.9280590416204031,250
2020-06-17,KORDS.IS,0.9409857326329837,250
2020-06-17,KRDMD.IS,1.1512704263152997,250
2020-06-17,LOGO.IS,0.9372338997129608,250
2020-06-17,MAVI.IS,0.9995477359432137,252
2020-06-17,MGROS.IS,0.906271105801856,250
2020-06-17,ODAS.IS,1.3542677028629453,250
2020-06-17,OTKAR.IS,0.8865237323889396,250
2020-06-17,OYAKC.IS,0.512454909976212,244
2020-06-17,PETKM.IS,0.8813011595270165,250
2020-06-17,PGSUS.IS,1.2121306549689796,250
2020-06-17,SAHOL.IS,1.0792806371079904,250
2020-06-17,SASA.IS,1.067385989487517,250
2020-06-17,SELEC.IS,0.8963025919907379,250
2020-06-17,SISE.IS,0.9179396293294555,250
2020-06-17,SKBNK.IS,1.3156212879162155,250
2020-06-17,SOKM.IS,0.6978520165026927,250
2020-06-17,TAVHL.IS,1.009406716684173,250
2020-06-17,TCELL.IS,0.7332263141079725,250
2020-06-17,THYAO.IS,1.3122215082120823,250
2020-06-17,TKFEN.IS,1.0502290131354517,252
2020-06-17,TOASO.IS,1.0017995518017586,250
2020-06-17,TRGYO.IS,1.3434276249075052,252
2020-06-17,TSKB.IS,1.0749606887335403,250
2020-06-17,TTKOM.IS,1.230173501695919,252
2020-06-17,TTRAK.IS,0.8772602555453513,250
2020-06-17,TUPRS.IS,0.8600930441279219,250
2020-06-17,TURSG.IS,1.1994081769638658,250
2020-06-17,ULKER.IS,0.7935658119149377,250
2020-06-17,VAKBN.IS,1.3851984405710147,250
2020-06-17,VESTL.IS,0.9855781746838871,250
2020-06-17,YKBNK.IS,1.2515451273724107,250
2020-09-14,AEFES.IS,0.9216052718216108,250
2020-09-14,AGHOL.IS,1.1168444896044456,252
2020-09-14,AKBNK.IS,1.1653193325652293,250
2020-09-14,ALARK.IS,0.9101846022305532,250
2020-09-14,ANSGR.IS,0.4123204369040405,250
2020-09-14,ARCLK.IS,0.9737243454996022,250
2020-09-14,ASELS.IS,1.1917036916422636,250
2020-09-14,BIMAS.IS,0.4782437228168246,250
2020-09-14,BIZIM.IS,1.0474256380382942,250
2020-09-14,BRSAN.IS,1.432953704343139,250
2020-09-14,BSOKE.IS,1.3354107450713235,250
2020-09-14,CCOLA.IS,0.7978198981029779,250
2020-09-14,CIMSA.IS,1.0802740631537322,250
2020-09-14,CLEBI.IS,1.1625255437428492,250
2020-09-14,DOAS.IS,1.407604298298309,250
2020-09-14,DOHOL.IS,0.8504951599065298,250
2020-09-14,ECILC.IS,0.8957246694489276,250
2020-09-14,EKGYO.IS,1.2353141971605812,250
2020-09-14,ENKAI.IS,0.6416497911373301,250
2020-09-14,EREGL.IS,0.7279394130108302,250
2020-09-14,FROTO.IS,0.832183299643532,252
2020-09-14,GARAN.IS,1.3149099056525408,250
2020-09-14,GENTS.IS,1.1907291626791034,250
2020-09-14,GUBRF.IS,0.9909591914162375,250
2020-09-14,HALKB.IS,1.1219136488155437,250
2020-09-14,HEKTS.IS,0.8878996220433081,250
2020-09-14,ISCTR.IS,1.0690255250674472,250
2020-09-14,ISGYO.IS,1.241784833239717,250
2020-09-14,KCHOL.IS,0.9212134753543533,250
2020-09-14,KORDS.IS,1.0280396103783223,250
2020-09-14,KRDMD.IS,1.2128258102187948,250
2020-09-14,LOGO.IS,0.9517802307526569,250
2020-09-14,MAVI.IS,1.0481762701498878,252
2020-09-14,MGROS.IS,0.8856897647453105,250
2020-09-14,ODAS.IS,1.51499995585487,250
2020-09-14,OTKAR.IS,0.8051033040195115,250
2020-09-14,OYAKC.IS,0.7775004286889251,244
2020-09-14,PETKM.IS,1.0251429660702585,250
2020-09-14,PGSUS.IS,1.351065576510646,250
2020-09-14,SAHOL.IS,0.9831151371128856,250
2020-09-14,SASA.IS,1.160900797588597,250
2020-09-14,SELEC.IS,0.8568699082888457,250
2020-09-14,SISE.IS,1.0104679234786866,250
2020-09-14,SKBNK.IS,1.3864371118805603,250
2020-09-14,SOKM.IS,0.8209189171678675,250
2020-09-14,TAVHL.IS,1.0044727232620008,250
2020-09-14,TCELL.IS,0.7008074146328173,250
2020-09-14,THYAO.IS,1.2420861082161505,250
2020-09-14,TKFEN.IS,1.1043599314349724,252
2020-09-14,TOASO.IS,1.0406454734218102,250
2020-09-14,TRGYO.IS,1.4686541478441366,252
2020-09-14,TSKB.IS,1.1400533116868,250
2020-09-14,TTKOM.IS,1.2026647198842828,252
2020-09-14,TTRAK.IS,0.9259914399738557,250
2020-09-14,TUPRS.IS,0.9168142387837789,250
2020-09-14,TURSG.IS,1.3210055984650328,248
2020-09-14,ULKER.IS,0.8166330430646365,250
2020-09-14,VAKBN.IS,1.282337818416882,250
2020-09-14,VESTL.IS,0.9959547325435503,250
2020-09-14,YKBNK.IS,1.152748595438877,250
2020-12-08,AEFES.IS,0.9218648642102533,250
2020-12-08,AGHOL.IS,1.1268057359534631,252
2020-12-08,AKBNK.IS,1.1888110291652163,250
2020-12-08,ALARK.IS,1.0331367958370092,250
2020-12-08,ANSGR.IS,0.47694305729729153,250
2020-12-08,ARCLK.IS,0.9485427343983465,250
2020-12-08,ASELS.IS,1.136414109895096,250
2020-12-08,BIMAS.IS,0.4356923855219708,250
2020-12-08,BIZIM.IS,0.8280026041912072,250
2020-12-08,BRSAN.IS,1.3319512504648798,250
2020-12-08,BSOKE.IS,1.4182387308631152,250
2020-12-08,CCOLA.IS,0.834998631218855,250
2020-12-08,CIMSA.IS,1.1700683368559257,250
2020-12-08,CLEBI.IS,1.31425428032061,250
2020-12-08,DOAS.IS,1.5283867103367657,250
2020-12-08,DOHOL.IS,0.9214344653983828,250
2020-12-08,ECILC.IS,0.7269129851059387,250
2020-12-08,EKGYO.IS,1.1238472924135412,250
2020-12-08,ENKAI.IS,0.6265277838982908,250
2020-12-08,EREGL.IS,0.7522036078716948,250
2020-12-08,FROTO.IS,0.8536299936811635,252
2020-12-08,GARAN.IS,1.3381766601575247,250
2020-12-08,GENTS.IS,1.264882098429425,250
2020-12-08,GUBRF.IS,1.0333097684465713,250
2020-12-08,HALKB.IS,1.0781620989523073,250
2020-12-08,HEKTS.IS,0.940896826121972,250
2020-12-08,ISCTR.IS,1.1434572081302492,250
2020-12-08,ISGYO.IS,1.2579650899461576,250
2020-12-08,KCHOL.IS,1.0333753049998113,250
2020-12-08,KORDS.IS,1.0320819594368733,250
2020-12-08,KRDMD.IS,1.269753402415069,250
2020-12-08,LOGO.IS,0.8888854856179025,250
2020-12-08,MAVI.IS,1.140735759308094,252
2020-12-08,MGROS.IS,0.6652733521987549,250
2020-12-08,ODAS.IS,1.5094184414154888,250
2020-12-08,OTKAR.IS,0.8675720054313397,250
2020-12-08,OYAKC.IS,0.8622419028620449,244
2020-12-08,PETKM.IS,1.0699922892236693,250
2020-12-08,PGSUS.IS,1.4652049565885672,250
2020-12-08,SAHOL.IS,1.0356838551663712,250
2020-12-08,SASA.IS,1.176019164418502,250
2020-12-08,SELEC.IS,0.7347581917038678,250
2020-12-08,SISE.IS,1.0033514960549024,250
2020-12-08,SKBNK.IS,1.3415092762859664,250
2020-12-08,SOKM.IS,0.6510309649649552,250
2020-12-08,TAVHL.IS,1.1730636543667854,250
2020-12-08,TCELL.IS,0.7307712729193523,250
2020-12-08,THYAO.IS,1.2474309452206251,250
2020-12-08,TKFEN.IS,1.0933750538000762,252
2020-12-08,TOASO.IS,1.0347474141012794,250
2020-12-08,TRGYO.IS,1.4278453178164545,252
2020-12-08,TSKB.IS,1.013313863872997,248
2020-12-08,TTKOM.IS,1.2506823917670906,252
2020-12-08,TTRAK.IS,0.898448766343021,250
2020-12-08,TUPRS.IS,0.9314633734813021,250
2020-12-08,TURSG.IS,1.2816196666237516,248
2020-12-08,ULKER.IS,0.8128998994066302,250
2020-12-08,VAKBN.IS,1.2847921422311854,250
2020-12-08,VESTL.IS,0.9316803765941823,250
2020-12-08,YKBNK.IS,1.2747629238017086,250
2021-03-04,AEFES.IS,0.9632085006702477,250
2021-03-04,AGHOL.IS,1.218937424646859,252
2021-03-04,AKBNK.IS,1.169568620492187,250
2021-03-04,ALARK.IS,1.091409127194791,250
2021-03-04,ANSGR.IS,0.4486534765658232,250
2021-03-04,ARCLK.IS,0.9773271842818081,250
2021-03-04,ASELS.IS,1.1336070100207678,250
2021-03-04,BIMAS.IS,0.4583601949714088,250
2021-03-04,BIZIM.IS,0.810805553057406,250
2021-03-04,BRSAN.IS,1.2943743126443314,250
2021-03-04,BSOKE.IS,1.166462361972111,250
2021-03-04,CCOLA.IS,0.9175151026263196,250
2021-03-04,CIMSA.IS,1.2455215012306404,250
2021-03-04,CLEBI.IS,1.39277440884226,250
2021-03-04,DOAS.IS,1.4899476633840338,250
2021-03-04,DOHOL.IS,0.9514846435826736,250
2021-03-04,ECILC.IS,0.7652206187411619,250
2021-03-04,EKGYO.IS,1.1285225053033747,250
2021-03-04,ENKAI.IS,0.6951042432942853,250
2021-03-04,EREGL.IS,0.7702445793498698,250
2021-03-04,FROTO.IS,1.0016549463575075,252
2021-03-04,GARAN.IS,1.310993418506034,250
2021-03-04,GENTS.IS,1.2122568735101253,250
2021-03-04,GUBRF.IS,1.054010670148215,250
2021-03-04,HALKB.IS,1.0031242274916032,250
2021-03-04,HEKTS.IS,1.0400889137121905,250
2021-03-04,ISCTR.IS,1.1091763341066292,250
2021-03-04,ISGYO.IS,1.230094301665327,250
2021-03-04,KCHOL.IS,1.0797616742906648,250
2021-03-04,KORDS.IS,1.0523513695582878,250
2021-03-04,KRDMD.IS,1.2647941186628948,250
2021-03-04,LOGO.IS,0.9823194323846782,250
2021-03-04,MAVI.IS,1.1830046112875037,252
2021-03-04,MGROS.IS,0.6739361946900705,250
2021-03-04,ODAS.IS,1.3171515816801365,250
2021-03-04,OTKAR.IS,1.0314348902997088,250
2021-03-04,OYAKC.IS,0.8879489011573224,244
2021-03-04,PETKM.IS,1.0001846644573014,250
2021-03-04,PGSUS.IS,1.3625140407918088,250
2021-03-04,SAHOL.IS,0.9652132884019742,250
2021-03-04,SASA.IS,1.140167827611577,250
2021-03-04,SELEC.IS,0.6672062467346546,250
2021-03-04,SISE.IS,1.0268776041275283,250
2021-03-04,SKBNK.IS,1.2586504210863907,250
2021-03-04,SOKM.IS,0.6337752549925012,250
2021-03-04,TAVHL.IS,1.172402959673558,250
2021-03-04,TCELL.IS,0.7141512759130495,250
2021-03-04,THYAO.IS,1.1430859699339933,250
2021-03-04,TKFEN.IS,1.0431110004379531,252
2021-03-04,TOASO.IS,1.1204295627849574,250
2021-03-04,TRGYO.IS,1.3964831537587734,252
2021-03-04,TSKB.IS,0.9323831062731492,248
2021-03-04,TTKOM.IS,1.2047486523736624,252
2021-03-04,TTRAK.IS,0.8964246614353657,250
2021-03-04,TUPRS.IS,0.9608862848308304,250
2021-03-04,TURSG.IS,1.2395232100364777,248
2021-03-04,ULKER.IS,0.7778733425210139,250
2021-03-04,VAKBN.IS,1.2279064437587952,250
2021-03-04,VESTL.IS,0.878650666089697,250
2021-03-04,YKBNK.IS,1.293174760693301,250
2021-06-03,AEFES.IS,0.8600564723133083,252
2021-06-03,AGHOL.IS,1.1879433971687274,252
2021-06-03,AKBNK.IS,1.184701914858023,252
2021-06-03,ALARK.IS,1.1106593606783814,252
2021-06-03,ANSGR.IS,0.586804593412306,252
2021-06-03,ARCLK.IS,0.9362747366950273,252
2021-06-03,ASELS.IS,0.9780330421657951,252
2021-06-03,BIMAS.IS,0.5746077495446568,252
2021-06-03,BIZIM.IS,0.8371635163966896,252
2021-06-03,BRSAN.IS,1.323741691048964,252
2021-06-03,BSOKE.IS,1.0657059051039637,252
2021-06-03,CCOLA.IS,0.9508223421171077,252
2021-06-03,CIMSA.IS,1.2707321717444604,252
2021-06-03,CLEBI.IS,1.1859782630725486,252
2021-06-03,DOAS.IS,1.4680013722021281,252
2021-06-03,DOHOL.IS,0.9533535114866364,252
2021-06-03,ECILC.IS,0.7305924284092133,252
2021-06-03,EKGYO.IS,1.1871264075939845,252
2021-06-03,ENKAI.IS,0.6530025091825559,252
2021-06-03,EREGL.IS,0.888254946169461,252
2021-06-03,FROTO.IS,1.0437358088469328,252
2021-06-03,GARAN.IS,1.2644816753415045,252
2021-06-03,GENTS.IS,1.317213253879024,252
2021-06-03,GUBRF.IS,1.0845163421015276,252
2021-06-03,HALKB.IS,0.958484999758566,252
2021-06-03,HEKTS.IS,1.0300923284155936,252
2021-06-03,ISCTR.IS,1.1477058144214694,252
2021-06-03,ISGYO.IS,1.2241501586233183,252
2021-06-03,KCHOL.IS,1.15369702288641,252
2021-06-03,KORDS.IS,1.06173310181936,252
2021-06-03,KRDMD.IS,1.3069032253187596,252
2021-06-03,LOGO.IS,0.9074811089901853,252
2021-06-03,MAVI.IS,1.1598732410154926,252
2021-06-03,MGROS.IS,0.7864869995801381,252
2021-06-03,ODAS.IS,1.206516472959014,252
2021-06-03,OTKAR.IS,1.027948595788603,252
2021-06-03,OYAKC.IS,1.2533194986817002,247
2021-06-03,PETKM.IS,1.0519108856465778,252
2021-06-03,PGSUS.IS,1.136341296688828,252
2021-06-03,SAHOL.IS,1.028313503497199,252
2021-06-03,SASA.IS,1.129154225416194,252
2021-06-03,SELEC.IS,0.6443197320510952,252
2021-06-03,SISE.IS,1.0615998772245028,252
2021-06-03,SKBNK.IS,1.2050098144778014,252
2021-06-03,SOKM.IS,0.7022869646259458,252
2021-06-03,TAVHL.IS,1.1031907611000207,252
2021-06-03,TCELL.IS,0.8340079211341406,252
2021-06-03,THYAO.IS,1.0322315751675726,252
2021-06-03,TKFEN.IS,1.0591651005195462,252
2021-06-03,TOASO.IS,0.9431419698835423,252
2021-06-03,TRGYO.IS,1.2308460026939507,252
2021-06-03,TSKB.IS,0.9403968906997655,250
2021-06-03,TTKOM.IS,1.0966321769065754,252
2021-06-03,TTRAK.IS,0.8943700909158814,252
2021-06-03,TUPRS.IS,0.9746478881184033,252
2021-06-03,TURSG.IS,1.1318747865934722,250
2021-06-03,ULKER.IS,0.8759449504801432,252
2021-06-03,VAKBN.IS,1.1530658958611566,252
2021-06-03,VESTL.IS,0.7798271100192969,252
2021-06-03,YKBNK.IS,1.2266399259510377,252
2021-09-03,AEFES.IS,0.8466632628854645,252
2021-09-03,AGHOL.IS,1.185850686178646,252
2021-09-03,AKBNK.IS,1.1915056262837316,252
2021-09-03,ALARK.IS,1.075896338583645,252
2021-09-03,ANSGR.IS,0.5964026693997421,252
2021-09-03,ARCLK.IS,0.9114965413231698,252
2021-09-03,ASELS.IS,0.9354143032190482,252
2021-09-03,BIMAS.IS,0.5194806358673032,252
2021-09-03,BIZIM.IS,0.6435447178380505,252
2021-09-03,BRSAN.IS,1.3127593203370296,252
2021-09-03,BSOKE.IS,0.8902459613706436,252
2021-09-03,CCOLA.IS,0.8676423600656689,252
2021-09-03,CIMSA.IS,1.2187928298423323,252
2021-09-03,CLEBI.IS,1.2873825997023103,252
2021-09-03,DOAS.IS,1.4287459989761595,252
2021-09-03,DOHOL.IS,0.9107054663938409,252
2021-09-03,ECILC.IS,0.690332026751256,252
2021-09-03,EKGYO.IS,1.086651794836951,252
2021-09-03,ENKAI.IS,0.5726209873231682,252
2021-09-03,EREGL.IS,1.0221290845791684,252
2021-09-03,FROTO.IS,1.1316011415443181,252
2021-09-03,GARAN.IS,1.26533878201184,252
2021-09-03,GENTS.IS,1.2242806205174512,252
2021-09-03,GUBRF.IS,1.2070896575835213,252
2021-09-03,HALKB.IS,0.9144294382960538,252
2021-09-03,HEKTS.IS,1.1084780470499496,252
2021-09-03,ISCTR.IS,1.1682539558380347,252
2021-09-03,ISGYO.IS,1.111120221162296,252
2021-09-03,KCHOL.IS,1.2243189244985495,252
2021-09-03,KORDS.IS,1.0790312600108711,252
2021-09-03,KRDMD.IS,1.2739378951983191,252
2021-09-03,LOGO.IS,0.8894588728636658,252
2021-09-03,MAVI.IS,1.0981229382421132,252
2021-09-03,MGROS.IS,0.752684787762017,252
2021-09-03,ODAS.IS,0.9457856936343446,252
2021-09-03,OTKAR.IS,1.2256249352522681,252
2021-09-03,OYAKC.IS,1.0888923328222784,252
2021-09-03,PETKM.IS,0.9406332593090229,252
2021-09-03,PGSUS.IS,1.187191066286279,252
2021-09-03,SAHOL.IS,1.092621229885669,252
2021-09-03,SASA.IS,1.1086206314647349,252
2021-09-03,SELEC.IS,0.6551283189960199,252
2021-09-03,SISE.IS,0.947019877960363,252
2021-09-03,SKBNK.IS,1.0771037428663874,252
2021-09-03,SOKM.IS,0.497408472976321,252
2021-09-03,TAVHL.IS,1.2145400540507643,252
2021-09-03,TCELL.IS,0.8434109942167564,252
2021-09-03,THYAO.IS,1.1102088875855414,252
2021-09-03,TKFEN.IS,0.9981496050299293,252
2021-09-03,TOASO.IS,0.905985005088423,252
2021-09-03,TRGYO.IS,1.066379018138232,252
2021-09-03,TSKB.IS,0.9025342163302075,250
2021-09-03,TTKOM.IS,1.0444507993899355,252
2021-09-03,TTRAK.IS,0.9152521122030735,252
2021-09-03,TUPRS.IS,0.989424950671906,252
2021-09-03,TURSG.IS,1.0653717931964453,250
2021-09-03,ULKER.IS,0.8022792405664179,252
2021-09-03,VAKBN.IS,1.1080587503111103,252
2021-09-03,VESTL.IS,0.7183751601814887,252
2021-09-03,YKBNK.IS,1.3171355810172165,252
2021-11-29,AEFES.IS,0.842642266401281,252
2021-11-29,AGHOL.IS,1.122544191322238,252
2021-11-29,AKBNK.IS,1.1152337746418428,252
2021-11-29,ALARK.IS,1.0973421538207733,252
2021-11-29,ANSGR.IS,0.561889066670002,252
2021-11-29,ARCLK.IS,0.9718614612799893,252
2021-11-29,ASELS.IS,0.9902514957172105,252
2021-11-29,BIMAS.IS,0.6116016514073472,252
2021-11-29,BIZIM.IS,0.8071597501396693,252
2021-11-29,BRSAN.IS,1.341794147876755,252
2021-11-29,BSOKE.IS,0.6807333336134953,252
2021-11-29,CCOLA.IS,0.7766119995821369,252
2021-11-29,CIMSA.IS,1.0751992191156086,252
2021-11-29,CLEBI.IS,1.280750435419146,252
2021-11-29,DOAS.IS,1.1198534936567286,252
2021-11-29,DOHOL.IS,0.991922716956069,252
2021-11-29,ECILC.IS,0.9083325822079296,252
2021-11-29,EKGYO.IS,1.0606148633069978,252
2021-11-29,ENKAI.IS,0.7554005427840303,252
2021-11-29,EREGL.IS,1.1462482851402176,252
2021-11-29,FROTO.IS,1.2742047649872306,252
2021-11-29,GARAN.IS,1.1499819594126657,252
2021-11-29,GENTS.IS,1.2052153903640122,252
2021-11-29,GUBRF.IS,1.2230014428096052,252
2021-11-29,HALKB.IS,0.9491884184772442,252
2021-11-29,HEKTS.IS,1.0770607083890935,252
2021-11-29,ISCTR.IS,1.0903810291524338,252
2021-11-29,ISGYO.IS,1.0332260122178147,252
2021-11-29,KCHOL.IS,1.1962954897699998,252
2021-11-29,KONTR.IS,0.9032099800429063,252
2021-11-29,KORDS.IS,1.0798394581794297,252
2021-11-29,KRDMD.IS,1.2569983853735303,252
2021-11-29,LOGO.IS,0.8841131028719982,252
2021-11-29,MAVI.IS,0.8381158670650938,252
2021-11-29,MGROS.IS,0.847831359667175,252
2021-11-29,ODAS.IS,0.8722244665705855,252
2021-11-29,OTKAR.IS,1.286348260282251,252
2021-11-29,OYAKC.IS,0.9929539823090545,252
2021-11-29,PETKM.IS,0.826204185096085,252
2021-11-29,PGSUS.IS,1.1627457572437043,252
2021-11-29,SAHOL.IS,1.023168632030688,252
2021-11-29,SASA.IS,1.2007948828567925,252
2021-11-29,SELEC.IS,0.8240543166122141,252
2021-11-29,SISE.IS,0.9641783258758524,252
2021-11-29,SKBNK.IS,1.0400524216056786,252
2021-11-29,SOKM.IS,0.5877264519550043,252
2021-11-29,TAVHL.IS,1.1597381158675786,252
2021-11-29,TCELL.IS,0.838870837735955,252
2021-11-29,THYAO.IS,1.0623482513810503,252
2021-11-29,TKFEN.IS,0.9647800358635936,252
2021-11-29,TOASO.IS,1.004781320147807,252
2021-11-29,TRGYO.IS,0.9681420711861269,252
2021-11-29,TSKB.IS,1.1496297957424733,252
2021-11-29,TTKOM.IS,0.9281081510685065,252
2021-11-29,TTRAK.IS,1.0006115961978483,252
2021-11-29,TUPRS.IS,0.9056801445766897,252
2021-11-29,TURSG.IS,0.9871574874489274,252
2021-11-29,ULKER.IS,0.7005335803385875,252
2021-11-29,VAKBN.IS,1.0475686757390836,252
2021-11-29,VESTL.IS,0.806007017840864,252
2021-11-29,YKBNK.IS,1.2070015388478097,252
2022-02-21,AEFES.IS,0.7257892134428384,252
2022-02-21,AGHOL.IS,0.9302931793970545,252
2022-02-21,AKBNK.IS,0.8584346891106686,252
2022-02-21,ALARK.IS,0.7875235480801558,252
2022-02-21,ANSGR.IS,0.5220896390388,252
2022-02-21,ARCLK.IS,1.0039015033131355,252
2022-02-21,ASELS.IS,1.147978445510982,252
2022-02-21,BIMAS.IS,0.8184051846517356,252
2022-02-21,BIZIM.IS,0.7915579842105245,252
2022-02-21,BRSAN.IS,0.9885883345526253,252
2022-02-21,BSOKE.IS,0.638011684802301,252
2022-02-21,CCOLA.IS,0.7575498823924994,252
2022-02-21,CIMSA.IS,0.9669246734139718,252
2022-02-21,CLEBI.IS,1.0834008189644304,252
2022-02-21,DOAS.IS,0.8978061596570065,252
2022-02-21,DOHOL.IS,1.0027418638791787,252
2022-02-21,ECILC.IS,0.8812047926441489,252
2022-02-21,EKGYO.IS,1.0537584138362814,252
2022-02-21,ENKAI.IS,0.7737675548742585,252
2022-02-21,EREGL.IS,1.2285374414007482,252
2022-02-21,FROTO.IS,1.232623677475422,252
2022-02-21,GARAN.IS,0.7360116823082743,252
2022-02-21,GENTS.IS,0.7655674230354953,252
2022-02-21,GUBRF.IS,1.1037689808147393,252
2022-02-21,HALKB.IS,0.8744226439777839,252
2022-02-21,HEKTS.IS,0.9596937026872087,252
2022-02-21,ISCTR.IS,0.9592646759560544,252
2022-02-21,ISGYO.IS,0.8266766615052542,252
2022-02-21,KCHOL.IS,1.223079465852305,252
2022-02-21,KONTR.IS,0.6594903953398493,252
2022-02-21,KORDS.IS,1.158238377687692,252
2022-02-21,KRDMD.IS,1.2684101506404504,252
2022-02-21,LOGO.IS,0.7985845342041575,252
2022-02-21,MAVI.IS,0.7166133645050758,252
2022-02-21,MGROS.IS,0.9197572000424948,252
2022-02-21,ODAS.IS,0.7213813254723367,252
2022-02-21,OTKAR.IS,0.9315505349404614,252
2022-02-21,OYAKC.IS,0.8390982607971684,252
2022-02-21,PETKM.IS,1.073887697693041,252
2022-02-21,PGSUS.IS,1.108991868520062,252
2022-02-21,SAHOL.IS,1.0760253628181284,252
2022-02-21,SASA.IS,1.1848770220853522,252
2022-02-21,SELEC.IS,0.789002643030238,252
2022-02-21,SISE.IS,1.1289183697650615,252
2022-02-21,SKBNK.IS,0.8701973533642096,252
2022-02-21,SOKM.IS,0.8413994323216636,252
2022-02-21,TAVHL.IS,1.1148677767803707,252
2022-02-21,TCELL.IS,0.9694046105733342,252
2022-02-21,THYAO.IS,1.1844500173614818,252
2022-02-21,TKFEN.IS,1.1831904589543072,252
2022-02-21,TOASO.IS,1.1058696952170792,252
2022-02-21,TRGYO.IS,0.8531497378402597,252
2022-02-21,TSKB.IS,1.0141026523547254,252
2022-02-21,TTKOM.IS,0.967029508329091,252
2022-02-21,TTRAK.IS,1.0242423349698564,252
2022-02-21,TUPRS.IS,1.131000483227769,252
2022-02-21,TURSG.IS,0.6955917320161755,252
2022-02-21,ULKER.IS,0.7342388898786317,252
2022-02-21,VAKBN.IS,0.8099500113751071,252
2022-02-21,VESTL.IS,0.9765621674374974,252
2022-02-21,YKBNK.IS,1.0002055380711319,252
2022-05-20,AEFES.IS,0.7583730263294192,252
2022-05-20,AGHOL.IS,0.8286287758637264,252
2022-05-20,AKBNK.IS,0.8980381053263219,252
2022-05-20,ALARK.IS,0.7957584139844365,252
2022-05-20,ANSGR.IS,0.5162357397089462,252
2022-05-20,ARCLK.IS,0.883617849266912,252
2022-05-20,ASELS.IS,1.2273568213986765,252
2022-05-20,BIMAS.IS,0.8358304249576174,252
2022-05-20,BIZIM.IS,0.732060405502272,252
2022-05-20,BRSAN.IS,0.8335672166607063,252
2022-05-20,BSOKE.IS,0.5674083402080902,252
2022-05-20,CANTE.IS,0.34967209413423955,252
2022-05-20,CCOLA.IS,0.7112685971816112,252
2022-05-20,CIMSA.IS,0.9095646970700366,252
2022-05-20,CLEBI.IS,1.0869011808666011,252
2022-05-20,DOAS.IS,0.7363868629160787,252
2022-05-20,DOHOL.IS,1.0737432553014685,252
2022-05-20,ECILC.IS,0.8621502686566752,252
2022-05-20,EKGYO.IS,1.0615509159807317,252
2022-05-20,ENKAI.IS,0.80547963822708,252
2022-05-20,EREGL.IS,1.2521572486852968,252
2022-05-20,FROTO.IS,1.2217714498156143,252
2022-05-20,GARAN.IS,0.6121003448434761,252
2022-05-20,GENTS.IS,0.6259694318096538,252
2022-05-20,GUBRF.IS,1.0910803398577356,252
2022-05-20,HALKB.IS,0.9431488668152007,252
2022-05-20,HEKTS.IS,0.9518309897254166,252
2022-05-20,ISCTR.IS,0.9936844948709762,252
2022-05-20,ISGYO.IS,0.7488673844039323,252
2022-05-20,KCHOL.IS,1.2389786957072912,252
2022-05-20,KONTR.IS,0.43555300117085793,250
2022-05-20,KORDS.IS,1.1647296291429932,252
2022-05-20,KRDMD.IS,1.2795726402820433,252
2022-05-20,LOGO.IS,0.7784700011893755,252
2022-05-20,MAVI.IS,0.6902668867862439,252
2022-05-20,MGROS.IS,0.8858963227591458,252
2022-05-20,MTRKS.IS,0.6608494237347425,252
2022-05-20,ODAS.IS,0.6406280485086603,252
2022-05-20,OTKAR.IS,0.8977874954567165,252
2022-05-20,OYAKC.IS,0.8065249224013924,252
2022-05-20,PETKM.IS,1.166442660935669,252
2022-05-20,PGSUS.IS,1.111115909417798,252
2022-05-20,SAHOL.IS,1.1542965545715402,252
2022-05-20,SASA.IS,1.242144337337997,252
2022-05-20,SELEC.IS,0.6862884201681747,252
2022-05-20,SISE.IS,1.146669400203674,252
2022-05-20,SKBNK.IS,0.7965522991884068,252
2022-05-20,SOKM.IS,0.836784570302194,252
2022-05-20,TAVHL.IS,1.1109171897699717,252
2022-05-20,TCELL.IS,0.8507111632630576,252
2022-05-20,THYAO.IS,1.2094211775340515,252
2022-05-20,TKFEN.IS,1.1997741216005968,252
2022-05-20,TOASO.IS,1.1297541833962728,252
2022-05-20,TRGYO.IS,0.8662673238579682,252
2022-05-20,TSKB.IS,1.020666174859463,252
2022-05-20,TTKOM.IS,0.9971145264906763,252
2022-05-20,TTRAK.IS,1.0356721466219687,252
2022-05-20,TUPRS.IS,1.1735089725534333,252
2022-05-20,TUREX.IS,0.5620827770132749,252
2022-05-20,TURSG.IS,0.6456715567001347,252
2022-05-20,ULKER.IS,0.7661662368443828,252
2022-05-20,VAKBN.IS,0.8352658277744212,252
2022-05-20,VESTL.IS,1.0713510702723856,252
2022-05-20,YKBNK.IS,1.0375742076228625,252
2022-08-17,AEFES.IS,0.826699276555683,252
2022-08-17,AGHOL.IS,0.772638622604475,252
2022-08-17,AKBNK.IS,0.9777520886858303,252
2022-08-17,ALARK.IS,0.7666811977812535,252
2022-08-17,ANSGR.IS,0.4648234033196348,252
2022-08-17,ARCLK.IS,0.8962945226153656,252
2022-08-17,ASELS.IS,1.1970468474865918,252
2022-08-17,BIMAS.IS,0.8739798210514677,252
2022-08-17,BIZIM.IS,0.6793580345259208,252
2022-08-17,BRSAN.IS,0.7774256813091679,252
2022-08-17,BSOKE.IS,0.5206980591923106,252
2022-08-17,CANTE.IS,0.4300373720380405,252
2022-08-17,CCOLA.IS,0.7102593198725585,252
2022-08-17,CIMSA.IS,0.8780165652858474,252
2022-08-17,CLEBI.IS,0.9995108448700843,252
2022-08-17,DOAS.IS,0.6211019967003398,252
2022-08-17,DOHOL.IS,1.1677937587568157,252
2022-08-17,ECILC.IS,0.8001323121449648,252
2022-08-17,EKGYO.IS,1.020642539415666,252
2022-08-17,ENKAI.IS,0.7787932207173711,252
2022-08-17,EREGL.IS,1.1902093643309308,252
2022-08-17,FROTO.IS,1.2319800472235212,252
2022-08-17,GARAN.IS,0.6833252908427865,252
2022-08-17,GENTS.IS,0.4783060025940434,252
2022-08-17,GUBRF.IS,1.0077674986820817,252
2022-08-17,HALKB.IS,0.983027713568064,252
2022-08-17,HEKTS.IS,0.9127264110717481,252
2022-08-17,ISCTR.IS,1.0537449042167848,252
2022-08-17,ISGYO.IS,0.6100644526205417,252
2022-08-17,KCHOL.IS,1.2320179813351995,252
2022-08-17,KONTR.IS,0.44098922134760327,250
2022-08-17,KORDS.IS,1.1125124077879407,252
2022-08-17,KRDMD.IS,1.2563295732454944,252
2022-08-17,LOGO.IS,0.7577505184791061,252
2022-08-17,MAVI.IS,0.655991278670097,252
2022-08-17,MGROS.IS,0.900680465083088,252
2022-08-17,MTRKS.IS,0.6247782142820427,250
2022-08-17,ODAS.IS,0.6350228279958194,252
2022-08-17,OTKAR.IS,0.8027209930634961,252
2022-08-17,OYAKC.IS,0.7964385307967675,252
2022-08-17,PETKM.IS,1.17880711743926,252
2022-08-17,PGSUS.IS,1.1325906066213882,252
2022-08-17,SAHOL.IS,1.2016822347692786,252
2022-08-17,SASA.IS,1.1850594090523976,252
2022-08-17,SELEC.IS,0.6733676041554554,252
2022-08-17,SISE.IS,1.1853810414596002,252
2022-08-17,SKBNK.IS,0.9154087941287913,252
2022-08-17,SOKM.IS,0.9305599841636881,252
2022-08-17,TAVHL.IS,1.109098803486325,252
2022-08-17,TCELL.IS,0.8863421746372778,252
2022-08-17,THYAO.IS,1.2477052272114766,252
2022-08-17,TKFEN.IS,1.1199543284916418,252
2022-08-17,TOASO.IS,1.1357895729085759,252
2022-08-17,TRGYO.IS,0.8581641640932731,252
2022-08-17,TSKB.IS,1.0501978245221908,252
2022-08-17,TTKOM.IS,1.0052771349873195,252
2022-08-17,TTRAK.IS,0.9542336670356778,252
2022-08-17,TUPRS.IS,1.1600971553115633,252
2022-08-17,TUREX.IS,0.5064607119122534,252
2022-08-17,TURSG.IS,0.552882290745848,252
2022-08-17,ULKER.IS,0.7781654524162129,252
2022-08-17,VAKBN.IS,0.8846106090851978,252
2022-08-17,VESTL.IS,1.0917892579879174,252
2022-08-17,YKBNK.IS,1.1026506146954775,252
2022-11-10,AEFES.IS,0.752707832515568,252
2022-11-10,AGHOL.IS,0.7171109162257943,252
2022-11-10,AKBNK.IS,1.1742876265214752,252
2022-11-10,ALARK.IS,0.5669761569508074,252
2022-11-10,ANSGR.IS,0.4848878627389928,252
2022-11-10,ARCLK.IS,0.848989171872925,252
2022-11-10,ASELS.IS,1.1854252985184826,252
2022-11-10,BIMAS.IS,0.8591639761919849,252
2022-11-10,BIZIM.IS,0.6464570684446515,252
2022-11-10,BRSAN.IS,0.7330991784371416,252
2022-11-10,BSOKE.IS,0.538429577267288,252
2022-11-10,CANTE.IS,0.2869456807965891,252
2022-11-10,CCOLA.IS,0.6993234018900156,252
2022-11-10,CIMSA.IS,0.7871322131838838,252
2022-11-10,CLEBI.IS,0.7785950944524213,252
2022-11-10,DOAS.IS,0.6074096390820128,252
2022-11-10,DOHOL.IS,1.1639765989545352,252
2022-11-10,ECILC.IS,0.7075853916503779,252
2022-11-10,EKGYO.IS,1.147778187655683,252
2022-11-10,ENKAI.IS,0.736964386133892,252
2022-11-10,EREGL.IS,1.1964622645684966,252
2022-11-10,FROTO.IS,1.0949171051482574,252
2022-11-10,GARAN.IS,0.8298220395983265,252
2022-11-10,GENTS.IS,0.3573681170576379,252
2022-11-10,GESAN.IS,0.5378071105888205,252
2022-11-10,GUBRF.IS,0.913466173763446,252
2022-11-10,HALKB.IS,1.1886686366149533,252
2022-11-10,HEKTS.IS,0.8016020576035947,252
2022-11-10,ISCTR.IS,1.2496942707823513,252
2022-11-10,ISGYO.IS,0.6194943185566832,252
2022-11-10,KCHOL.IS,1.2585068868372553,252
2022-11-10,KONTR.IS,0.4508251893749766,250
2022-11-10,KORDS.IS,0.9727333816661543,252
2022-11-10,KRDMD.IS,1.2299582091790187,252
2022-11-10,LOGO.IS,0.7166048756880679,252
2022-11-10,MAVI.IS,0.5963098074799866,252
2022-11-10,MGROS.IS,0.8932627332262978,252
2022-11-10,MTRKS.IS,0.4669973820082993,250
2022-11-10,ODAS.IS,0.6560277616630834,252
2022-11-10,OTKAR.IS,0.6583024024854746,252
2022-11-10,OYAKC.IS,0.7747553173907962,252
2022-11-10,PETKM.IS,1.1142304192607981,252
2022-11-10,PGSUS.IS,1.086066079977604,252
2022-11-10,SAHOL.IS,1.2422345379128732,252
2022-11-10,SASA.IS,1.0890848979484982,252
2022-11-10,SELEC.IS,0.5334727755777565,252
2022-11-10,SISE.IS,1.1776329061671402,252
2022-11-10,SKBNK.IS,0.9642516491687827,252
2022-11-10,SOKM.IS,0.8669878771323014,252
2022-11-10,TAVHL.IS,1.0636622778838187,252
2022-11-10,TCELL.IS,1.0071984398553426,252
2022-11-10,THYAO.IS,1.2133255973692092,252
2022-11-10,TKFEN.IS,0.9662492971629335,252
2022-11-10,TOASO.IS,1.0567858430780372,252
2022-11-10,TRGYO.IS,0.9009733995987126,252
2022-11-10,TSKB.IS,1.06240495042271,252
2022-11-10,TTKOM.IS,1.0690202522058685,252
2022-11-10,TTRAK.IS,0.8263706509121175,252
2022-11-10,TUPRS.IS,1.130576049060264,252
2022-11-10,TUREX.IS,0.4348116896396475,252
2022-11-10,TURSG.IS,0.5508067453525993,252
2022-11-10,ULKER.IS,0.6690786681551038,252
2022-11-10,VAKBN.IS,1.0412720079642215,252
2022-11-10,VESTL.IS,0.9612971559810903,252
2022-11-10,YKBNK.IS,1.2232672893775853,250
2023-02-02,AEFES.IS,0.7516072328822594,252
2023-02-02,AGHOL.IS,0.73837546861996,252
2023-02-02,AKBNK.IS,1.2785929823981033,252
2023-02-02,ALARK.IS,0.664364803531141,252
2023-02-02,ANSGR.IS,0.5228612164907979,252
2023-02-02,ARCLK.IS,0.8371173189319573,252
2023-02-02,ASELS.IS,1.0516534640009199,252
2023-02-02,BIMAS.IS,0.7567161707110523,252
2023-02-02,BIZIM.IS,0.7109657109712635,252
2023-02-02,BRSAN.IS,0.6584375307415743,252
2023-02-02,BSOKE.IS,0.4771733308767138,252
2023-02-02,CANTE.IS,0.5058290331632807,252
2023-02-02,CCOLA.IS,0.6792349931054399,252
2023-02-02,CIMSA.IS,0.7353795280366288,252
2023-02-02,CLEBI.IS,0.6936971088145806,252
2023-02-02,DOAS.IS,0.5917771223885709,252
2023-02-02,DOHOL.IS,1.1386474542333958,252
2023-02-02,ECILC.IS,0.738328026501981,252
2023-02-02,EKGYO.IS,1.1363070034103986,252
2023-02-02,ENKAI.IS,0.7227799006396735,252
2023-02-02,EREGL.IS,0.9848541244134256,252
2023-02-02,FROTO.IS,0.9033507782343209,252
2023-02-02,GARAN.IS,1.005241011195003,252
2023-02-02,GENTS.IS,0.5254263643433253,252
2023-02-02,GESAN.IS,0.8453800266685361,252
2023-02-02,GUBRF.IS,0.8899236815027406,252
2023-02-02,HALKB.IS,1.3702695826088118,252
2023-02-02,HEKTS.IS,0.9292372544177608,252
2023-02-02,ISCTR.IS,1.3385791333253376,252
2023-02-02,ISGYO.IS,0.7765834027475932,252
2023-02-02,KCHOL.IS,1.05216928954587,252
2023-02-02,KONTR.IS,0.8409295804787214,250
2023-02-02,KORDS.IS,0.91198922911184,252
2023-02-02,KRDMD.IS,1.1168383859817683,252
2023-02-02,LOGO.IS,0.6492830822162462,252
2023-02-02,MAVI.IS,0.6461724112014839,252
2023-02-02,MGROS.IS,0.7838266507903172,252
2023-02-02,MIATK.IS,0.6539618818557644,250
2023-02-02,MTRKS.IS,0.534554156164306,250
2023-02-02,ODAS.IS,0.751246705456075,252
2023-02-02,OTKAR.IS,0.6704233318458314,252
2023-02-02,OYAKC.IS,0.8542029292630449,252
2023-02-02,PETKM.IS,1.0590903963087128,252
2023-02-02,PGSUS.IS,0.8658809761692093,252
2023-02-02,SAHOL.IS,1.0964428928174854,252
2023-02-02,SASA.IS,1.0005071149049711,252
2023-02-02,SELEC.IS,0.5447840518102254,252
2023-02-02,SISE.IS,1.006739850606739,252
2023-02-02,SKBNK.IS,1.088869204334385,252
2023-02-02,SOKM.IS,0.7749905330162264,252
2023-02-02,TAVHL.IS,0.9424463132535857,252
2023-02-02,TCELL.IS,0.9289888193536174,252
2023-02-02,THYAO.IS,1.0292730332953797,252
2023-02-02,TKFEN.IS,0.8732362398328711,252
2023-02-02,TOASO.IS,0.9540458972733208,252
2023-02-02,TRGYO.IS,0.8937274996770658,252
2023-02-02,TSKB.IS,1.193664483022156,252
2023-02-02,TTKOM.IS,1.122354082699353,252
2023-02-02,TTRAK.IS,0.7290433773085655,252
2023-02-02,TUPRS.IS,0.939378233829598,252
2023-02-02,TUREX.IS,0.5232449993169804,252
2023-02-02,TURSG.IS,0.70994489935458,252
2023-02-02,ULKER.IS,0.697759002803927,252
2023-02-02,VAKBN.IS,1.1999543741652066,252
2023-02-02,VESTL.IS,0.9385913829154826,252
2023-02-02,YKBNK.IS,1.306516399081174,250
2023-05-05,AEFES.IS,0.7748339317549616,252
2023-05-05,AGHOL.IS,0.8129167684946961,252
2023-05-05,AKBNK.IS,1.3188605366680564,252
2023-05-05,ALARK.IS,0.8327312714940106,252
2023-05-05,ANSGR.IS,0.5342487458646713,252
2023-05-05,ARCLK.IS,1.0222369944512653,252
2023-05-05,ASELS.IS,1.145228159229539,252
2023-05-05,BIMAS.IS,0.7627108212365301,252
2023-05-05,BIZIM.IS,0.8797960083911076,252
2023-05-05,BRSAN.IS,0.7199133251909716,252
2023-05-05,BSOKE.IS,0.5980245731777079,252
2023-05-05,CANTE.IS,0.4756209568713141,252
2023-05-05,CCOLA.IS,0.7201947562607619,252
2023-05-05,CIMSA.IS,0.7813628977982175,252
2023-05-05,CLEBI.IS,0.7521744882010525,252
2023-05-05,DOAS.IS,0.7378354471045736,252
2023-05-05,DOHOL.IS,1.184230424463359,252
2023-05-05,ECILC.IS,0.9386503478948119,252
2023-05-05,EKGYO.IS,1.2606844132916035,252
2023-05-05,ENKAI.IS,0.8447034380876364,252
2023-05-05,EREGL.IS,0.9981919227246466,252
2023-05-05,FROTO.IS,0.9270788858368028,252
2023-05-05,GARAN.IS,1.1241105270938152,252
2023-05-05,GENTS.IS,0.639806934977296,252
2023-05-05,GESAN.IS,1.1116389174391497,252
2023-05-05,GUBRF.IS,0.9588448820932166,252
2023-05-05,HALKB.IS,1.3221881052904647,252
2023-05-05,HEKTS.IS,1.1305397640777939,252
2023-05-05,ISCTR.IS,1.3291061703265308,252
2023-05-05,ISGYO.IS,0.9399329971254825,252
2023-05-05,KCHOL.IS,1.0887760487050242,252
2023-05-05,KONTR.IS,1.047435461082721,252
2023-05-05,KORDS.IS,0.9471202415106166,252
2023-05-05,KRDMD.IS,1.1789480256589528,252
2023-05-05,LOGO.IS,0.6240983955748908,252
2023-05-05,MAVI.IS,0.7379734608542018,252
2023-05-05,MGROS.IS,0.8063326967033974,252
2023-05-05,MIATK.IS,0.6025586536174536,248
2023-05-05,MTRKS.IS,0.4940745867597373,248
2023-05-05,ODAS.IS,0.9735963118405001,252
2023-05-05,OTKAR.IS,0.724593960077944,252
2023-05-05,OYAKC.IS,0.7897679112299595,252
2023-05-05,PETKM.IS,1.1568905919361132,252
2023-05-05,PGSUS.IS,0.9792481450574129,252
2023-05-05,SAHOL.IS,1.0866035647038377,252
2023-05-05,SASA.IS,1.0543077021784362,252
2023-05-05,SELEC.IS,0.6621278365996559,252
2023-05-05,SISE.IS,1.1125913360050739,252
2023-05-05,SKBNK.IS,1.16760362403821,252
2023-05-05,SOKM.IS,0.8423019969686206,252
2023-05-05,TAVHL.IS,1.032318990521175,252
2023-05-05,TCELL.IS,1.1184950180601414,252
2023-05-05,THYAO.IS,1.1138806885439438,252
2023-05-05,TKFEN.IS,1.0170249047688225,252
2023-05-05,TOASO.IS,0.9710797133172795,252
2023-05-05,TRGYO.IS,0.902172921529701,252
2023-05-05,TSKB.IS,1.2350934945012557,252
2023-05-05,TTKOM.IS,1.1666683228764863,252
2023-05-05,TTRAK.IS,0.7441253874218503,252
2023-05-05,TUPRS.IS,1.014002323880669,252
2023-05-05,TUREX.IS,0.594120071566197,250
2023-05-05,TURSG.IS,0.6937806867415015,252
2023-05-05,ULKER.IS,0.8254378076246608,252
2023-05-05,VAKBN.IS,1.235021558540098,252
2023-05-05,VESTL.IS,1.0521526339175225,252
2023-05-05,YKBNK.IS,1.306021598196182,250
2023-08-03,AEFES.IS,0.7031013987114683,252
2023-08-03,AGHOL.IS,0.827253945544771,252
2023-08-03,AKBNK.IS,1.2497692073257018,252
2023-08-03,ALARK.IS,0.8459136314235771,252
2023-08-03,ANSGR.IS,0.5502547039560005,252
2023-08-03,ARCLK.IS,1.0769284889108472,252
2023-08-03,ASELS.IS,1.1388000541895624,252
2023-08-03,BIMAS.IS,0.7879615135283194,252
2023-08-03,BIZIM.IS,0.8470114220643431,252
2023-08-03,BRSAN.IS,0.6421521716743943,252
2023-08-03,BSOKE.IS,0.6167915412695488,252
2023-08-03,CANTE.IS,0.39536748678108496,252
2023-08-03,CCOLA.IS,0.7059286116291668,252
2023-08-03,CIMSA.IS,0.7911864092137946,252
2023-08-03,CLEBI.IS,0.7681235895654693,252
2023-08-03,DOAS.IS,0.8155870600457908,252
2023-08-03,DOHOL.IS,1.2132588540447906,252
2023-08-03,ECILC.IS,0.9616887727967196,252
2023-08-03,EKGYO.IS,1.1951997709772795,252
2023-08-03,ENKAI.IS,0.9121766157713844,252
2023-08-03,EREGL.IS,0.9462058597400275,252
2023-08-03,FROTO.IS,0.9272924036567798,252
2023-08-03,GARAN.IS,1.125440724463153,252
2023-08-03,GENTS.IS,0.624861124016953,252
2023-08-03,GESAN.IS,1.0502558687376273,252
2023-08-03,GUBRF.IS,0.844761754269675,252
2023-08-03,HALKB.IS,1.2335867591863539,252
2023-08-03,HEKTS.IS,1.1078289243979453,252
2023-08-03,ISCTR.IS,1.2535408885563613,252
2023-08-03,ISGYO.IS,1.0724278137041594,252
2023-08-03,KCAER.IS,0.7160703710666431,250
2023-08-03,KCHOL.IS,1.1350981463399321,252
2023-08-03,KONTR.IS,1.0599067200344208,252
2023-08-03,KORDS.IS,0.9120485425361253,252
2023-08-03,KRDMD.IS,1.1507839043727826,252
2023-08-03,LOGO.IS,0.6621018445198298,252
2023-08-03,MAVI.IS,0.824153528128525,252
2023-08-03,MGROS.IS,0.8323073920380885,252
2023-08-03,MIATK.IS,0.5763739212279281,250
2023-08-03,MTRKS.IS,0.48114107511944393,250
2023-08-03,ODAS.IS,0.9719607945062992,252
2023-08-03,OTKAR.IS,0.7770283972595554,252
2023-08-03,OYAKC.IS,0.8142037302083601,252
2023-08-03,PETKM.IS,1.089549516425087,252
2023-08-03,PGSUS.IS,1.0041330051850494,252
2023-08-03,SAHOL.IS,1.0917140009808153,252
2023-08-03,SASA.IS,0.9987182228548819,252
2023-08-03,SELEC.IS,0.695984244916385,252
2023-08-03,SISE.IS,1.1520410903939176,252
2023-08-03,SKBNK.IS,1.131493221540941,252
2023-08-03,SOKM.IS,0.8114690180979676,252
2023-08-03,TAVHL.IS,1.0238516294138547,252
2023-08-03,TCELL.IS,1.1108607938355368,252
2023-08-03,THYAO.IS,1.097836350126354,252
2023-08-03,TKFEN.IS,1.0723754144675812,252
2023-08-03,TOASO.IS,0.9750626985508504,252
2023-08-03,TRGYO.IS,0.8467533726674217,252
2023-08-03,TSKB.IS,1.246317021219331,252
2023-08-03,TTKOM.IS,1.171907779747395,252
2023-08-03,TTRAK.IS,0.7903689390217427,252
2023-08-03,TUPRS.IS,1.0386425410302502,252
2023-08-03,TUREX.IS,0.6446204177521664,250
2023-08-03,TURSG.IS,0.6984407102391726,252
2023-08-03,ULKER.IS,0.842560937838019,252
2023-08-03,VAKBN.IS,1.1940481925335702,252
2023-08-03,VESTL.IS,1.0225790272130362,252
2023-08-03,YKBNK.IS,1.211047506886511,250
2023-10-27,AEFES.IS,0.8086177811857806,252
2023-10-27,AGHOL.IS,0.992734691502885,252
2023-10-27,AKBNK.IS,1.0566365206473116,252
2023-10-27,ALARK.IS,1.0405245947031323,252
2023-10-27,ANSGR.IS,0.6823909724963451,252
2023-10-27,ARCLK.IS,1.115673929516046,252
2023-10-27,ASELS.IS,1.0830225107194749,252
2023-10-27,BIMAS.IS,0.7741701532902758,252
2023-10-27,BIZIM.IS,0.8925242254603049,252
2023-10-27,BRSAN.IS,0.7369857020707282,252
2023-10-27,BSOKE.IS,0.4953536557458607,252
2023-10-27,CANTE.IS,0.6044918622659579,252
2023-10-27,CCOLA.IS,0.7006098099580378,252
2023-10-27,CIMSA.IS,0.9291937399048125,252
2023-10-27,CLEBI.IS,0.9344339079579753,252
2023-10-27,DOAS.IS,0.8891928388550507,252
2023-10-27,DOHOL.IS,1.2088309542010385,252
2023-10-27,ECILC.IS,1.1021804834065643,252
2023-10-27,EKGYO.IS,1.130982415291756,252
2023-10-27,ENKAI.IS,0.9873274680750194,252
2023-10-27,EREGL.IS,0.9682694220102512,252
2023-10-27,FROTO.IS,0.9164874552636909,252
2023-10-27,GARAN.IS,1.0027043670268776,252
2023-10-27,GENTS.IS,0.7204724698353487,252
2023-10-27,GESAN.IS,1.2293054337362004,252
2023-10-27,GUBRF.IS,0.8333647839051562,252
2023-10-27,HALKB.IS,1.049986088199341,252
2023-10-27,HEKTS.IS,1.1358564445529566,252
2023-10-27,ISCTR.IS,1.0639232086558428,252
2023-10-27,ISGYO.IS,1.1926233721138195,252
2023-10-27,KCAER.IS,0.9252600180424976,250
2023-10-27,KCHOL.IS,1.033789278534532,252
2023-10-27,KONTR.IS,1.2645121225866203,252
2023-10-27,KORDS.IS,0.9964491595883372,252
2023-10-27,KRDMD.IS,1.1995023241211147,252
2023-10-27,LOGO.IS,0.7574239493052134,252
2023-10-27,MAVI.IS,0.9413062391125702,252
2023-10-27,MGROS.IS,0.8420762047108358,252
2023-10-27,MIATK.IS,0.814829739600532,250
2023-10-27,MTRKS.IS,0.6571311406585358,250
2023-10-27,ODAS.IS,1.0018221668257297,252
2023-10-27,OTKAR.IS,0.9521728017014666,252
2023-10-27,OYAKC.IS,0.9264488179374384,252
2023-10-27,PETKM.IS,1.142614838569233,252
2023-10-27,PGSUS.IS,1.0141092199021202,252
2023-10-27,SAHOL.IS,1.016923905662966,252
2023-10-27,SASA.IS,1.0227964331705088,252
2023-10-27,SELEC.IS,0.9096729705395112,252
2023-10-27,SISE.IS,1.103880585859648,252
2023-10-27,SKBNK.IS,1.0281566579206363,252
2023-10-27,SOKM.IS,0.8302550708259203,252
2023-10-27,TAVHL.IS,1.0923197862204668,252
2023-10-27,TCELL.IS,1.0519454481574657,252
2023-10-27,THYAO.IS,1.1116183885061077,252
2023-10-27,TKFEN.IS,1.1786659257834848,252
2023-10-27,TOASO.IS,1.01354130815287,252
2023-10-27,TRGYO.IS,0.8243546242887163,252
2023-10-27,TSKB.IS,1.1967328698034643,252
2023-10-27,TTKOM.IS,1.1292200032015178,252
2023-10-27,TTRAK.IS,0.8927824211363489,252
2023-10-27,TUPRS.IS,1.0949720192252843,252
2023-10-27,TUREX.IS,0.7803632568775164,250
2023-10-27,TURSG.IS,0.7144759664931644,252
2023-10-27,ULKER.IS,0.9864331700472467,252
2023-10-27,VAKBN.IS,1.0658373992374648,252
2023-10-27,VESTL.IS,1.1150249501344232,252
2023-10-27,YKBNK.IS,1.029704941426029,252
2024-01-23,AEFES.IS,0.823692001899745,252
2024-01-23,AGHOL.IS,1.0574655051784774,252
2024-01-23,AKBNK.IS,1.0929762886975254,252
2024-01-23,ALARK.IS,1.1640330709899913,252
2024-01-23,ALFAS.IS,0.9357367513147118,250
2024-01-23,ANSGR.IS,0.731192683869448,252
2024-01-23,ARCLK.IS,1.116569189898984,252
2024-01-23,ASELS.IS,1.1386433361729922,252
2024-01-23,BIMAS.IS,0.8302999321944081,252
2024-01-23,BIZIM.IS,0.9852283028532781,252
2024-01-23,BRSAN.IS,0.8677703468414171,252
2024-01-23,BSOKE.IS,0.68524073979572,252
2024-01-23,CANTE.IS,0.6681516127788479,252
2024-01-23,CCOLA.IS,0.6947412263410555,252
2024-01-23,CIMSA.IS,1.0179910085962296,252
2024-01-23,CLEBI.IS,1.0114640741631422,252
2024-01-23,DOAS.IS,0.9779966804037148,252
2024-01-23,DOHOL.IS,1.2591173215237759,252
2024-01-23,ECILC.IS,1.2016038987689583,252
2024-01-23,EKGYO.IS,1.1822307940150165,252
2024-01-23,ENKAI.IS,0.9744047005192206,252
2024-01-23,EREGL.IS,0.9915251955005678,252
2024-01-23,FROTO.IS,0.9786510258239979,252
2024-01-23,GARAN.IS,1.0498702916325395,252
2024-01-23,GENTS.IS,0.7273440662530457,252
2024-01-23,GESAN.IS,1.2005948157131054,252
2024-01-23,GUBRF.IS,0.9777186234873189,252
2024-01-23,HALKB.IS,0.9436634211809088,252
2024-01-23,HEKTS.IS,1.0826782092966623,252
2024-01-23,ISCTR.IS,1.0741379698107403,252
2024-01-23,ISGYO.IS,1.2330833816376137,252
2024-01-23,KCAER.IS,1.03706817185843,250
2024-01-23,KCHOL.IS,1.1063033263541102,252
2024-01-23,KONTR.IS,1.2292174247707863,252
2024-01-23,KORDS.IS,1.0276460424603102,252
2024-01-23,KRDMD.IS,1.2906950152182826,252
2024-01-23,LOGO.IS,0.8749139396156604,252
2024-01-23,MAVI.IS,0.990408026742012,252
2024-01-23,MGROS.IS,0.8960112924163348,252
2024-01-23,MIATK.IS,0.786734461603563,250
2024-01-23,MTRKS.IS,0.7420527369752421,250
2024-01-23,ODAS.IS,1.1872521832392766,252
2024-01-23,ONCSM.IS,0.9492396577070762,250
2024-01-23,OTKAR.IS,1.0183647951460466,252
2024-01-23,OYAKC.IS,0.9769821137512423,252
2024-01-23,PETKM.IS,1.2145087056536852,252
2024-01-23,PGSUS.IS,1.143737334575274,252
2024-01-23,PLTUR.IS,0.8539091949206525,250
2024-01-23,SAHOL.IS,1.081704171278165,252
2024-01-23,SASA.IS,1.0145995702579487,252
2024-01-23,SDTTR.IS,0.7897138487423232,250
2024-01-23,SELEC.IS,0.9235656271080961,252
2024-01-23,SISE.IS,1.1457556297304616,252
2024-01-23,SKBNK.IS,1.044350587877598,252
2024-01-23,SOKM.IS,0.9092038182167841,252
2024-01-23,TAVHL.IS,1.1599386967939267,252
2024-01-23,TCELL.IS,1.0940032846636105,252
2024-01-23,TERA.IS,0.7416570223106239,252
2024-01-23,THYAO.IS,1.2003407922304383,252
2024-01-23,TKFEN.IS,1.2595855188158505,252
2024-01-23,TOASO.IS,1.059044833194891,252
2024-01-23,TRGYO.IS,0.9184693548655307,252
2024-01-23,TSKB.IS,1.2144194721197774,252
2024-01-23,TTKOM.IS,1.1384162940057592,252
2024-01-23,TTRAK.IS,0.9520313608979123,252
2024-01-23,TUPRS.IS,1.1256828862653463,252
2024-01-23,TUREX.IS,0.8634797140455469,250
2024-01-23,TURSG.IS,0.7081519114113751,252
2024-01-23,ULKER.IS,1.1032975630020405,252
2024-01-23,VAKBN.IS,1.0728827501939049,252
2024-01-23,VESTL.IS,1.2063468658494356,252
2024-01-23,YKBNK.IS,0.991666630636727,252
2024-04-19,AEFES.IS,0.7854793493911271,250
2024-04-19,AGHOL.IS,1.0072607166027596,250
2024-04-19,AKBNK.IS,1.016813221047984,250
2024-04-19,ALARK.IS,1.0947733115239628,250
2024-04-19,ALFAS.IS,0.9370634710320576,250
2024-04-19,ANSGR.IS,0.7228729260710431,250
2024-04-19,ARCLK.IS,1.00598899987142,250
2024-04-19,ASELS.IS,1.0406142453350182,250
2024-04-19,ASTOR.IS,0.9718166609663765,250
2024-04-19,BIMAS.IS,0.8274757152183562,250
2024-04-19,BIZIM.IS,0.8558689260814076,250
2024-04-19,BRSAN.IS,0.8649927404220115,250
2024-04-19,BSOKE.IS,0.4671509127534911,250
2024-04-19,CANTE.IS,0.623338714882202,250
2024-04-19,CCOLA.IS,0.6334286862743709,250
2024-04-19,CIMSA.IS,1.100688372842543,250
2024-04-19,CLEBI.IS,0.9699775293311607,250
2024-04-19,CVKMD.IS,0.8761061606859919,250
2024-04-19,DOAS.IS,0.9006230168800934,250
2024-04-19,DOHOL.IS,1.2290416270609326,250
2024-04-19,ECILC.IS,1.0815677568605202,250
2024-04-19,EKGYO.IS,1.0371032560042868,250
2024-04-19,ENKAI.IS,0.9031226122531926,250
2024-04-19,EREGL.IS,0.9115797961883434,250
2024-04-19,FROTO.IS,0.9216871822773041,250
2024-04-19,GARAN.IS,0.9777445658790002,250
2024-04-19,GENTS.IS,0.567421555187832,250
2024-04-19,GESAN.IS,1.1356791539736921,250
2024-04-19,GOKNR.IS,0.9193696280072504,250
2024-04-19,GUBRF.IS,0.8119777130552722,250
2024-04-19,HALKB.IS,0.8883161607508491,250
2024-04-19,HEKTS.IS,0.938423933604329,250
2024-04-19,ISCTR.IS,1.00640598837371,250
2024-04-19,ISGYO.IS,1.179295013747874,250
2024-04-19,KCAER.IS,0.9398089058684185,250
2024-04-19,KCHOL.IS,1.021852605993777,250
2024-04-19,KONTR.IS,1.1887096961846328,250
2024-04-19,KORDS.IS,0.9537226294258829,250
2024-04-19,KRDMD.IS,1.2541195208118816,250
2024-04-19,LOGO.IS,0.9228068589591745,250
2024-04-19,MAVI.IS,0.9521889316570248,250
2024-04-19,MGROS.IS,0.8499182350111506,250
2024-04-19,MIATK.IS,0.9424800946961233,250
2024-04-19,MTRKS.IS,0.6768012918609904,250
2024-04-19,ODAS.IS,1.0979517629008406,250
2024-04-19,ONCSM.IS,0.9544962724917264,250
2024-04-19,OTKAR.IS,0.9862464513971362,250
2024-04-19,OYAKC.IS,1.0697269886187422,250
2024-04-19,PETKM.IS,1.1325180688347598,250
2024-04-19,PGSUS.IS,1.0897994912920237,250
2024-04-19,PLTUR.IS,0.8612224727386255,250
2024-04-19,SAHOL.IS,1.0271274365719762,250
2024-04-19,SASA.IS,0.9624121533675737,250
2024-04-19,SDTTR.IS,0.9233138913016042,250
2024-04-19,SELEC.IS,0.9274555629686472,250
2024-04-19,SISE.IS,1.040046972344382,250
2024-04-19,SKBNK.IS,0.9717111725739215,250
2024-04-19,SOKM.IS,0.8244419264028546,250
2024-04-19,TAVHL.IS,1.088763493077717,250
2024-04-19,TCELL.IS,1.0287476977051173,250
2024-04-19,TERA.IS,0.6822358591395402,250
2024-04-19,THYAO.IS,1.0940300870494204,250
2024-04-19,TKFEN.IS,1.1971436552102404,250
2024-04-19,TOASO.IS,1.0041818032344114,250
2024-04-19,TRGYO.IS,0.8859690503043911,250
2024-04-19,TSKB.IS,1.1203531253587204,250
2024-04-19,TTKOM.IS,1.1282063551110262,250
2024-04-19,TTRAK.IS,0.9284526833805243,250
2024-04-19,TUPRS.IS,1.045819626208521,250
2024-04-19,TUREX.IS,0.8856036194591094,250
2024-04-19,TURSG.IS,0.6404242716449764,250
2024-04-19,ULKER.IS,1.077094902881276,250
2024-04-19,VAKBN.IS,0.9909168973990115,250
2024-04-19,VESTL.IS,1.1009022930391175,250
2024-04-19,YKBNK.IS,0.9217503288912591,250
2024-07-22,AEFES.IS,0.8521502481241592,250
2024-07-22,AGHOL.IS,1.077613877183971,250
2024-07-22,AKBNK.IS,1.0829162315584735,250
2024-07-22,ALARK.IS,1.0913427083207832,250
2024-07-22,ALFAS.IS,1.1703764725252939,250
2024-07-22,ANSGR.IS,0.8337140557341877,250
2024-07-22,ARCLK.IS,0.8715989381429299,250
2024-07-22,ASELS.IS,0.9681099771737499,250
2024-07-22,ASTOR.IS,1.0685038880074464,250
2024-07-22,BIMAS.IS,0.8313253928308737,250
2024-07-22,BIZIM.IS,0.87182155306218,250
2024-07-22,BRSAN.IS,1.009388100340165,250
2024-07-22,BSOKE.IS,0.2628107606125302,250
2024-07-22,CANTE.IS,1.0308832788084716,250
2024-07-22,CCOLA.IS,0.6697947056506758,250
2024-07-22,CIMSA.IS,1.1813455875396557,250
2024-07-22,CLEBI.IS,0.9906156469867293,250
2024-07-22,CVKMD.IS,1.0154898577509757,250
2024-07-22,CWENE.IS,1.233921903638838,250
2024-07-22,DOAS.IS,0.9030213481685829,250
2024-07-22,DOHOL.IS,1.1315684330506295,250
2024-07-22,ECILC.IS,1.1251442167470984,250
2024-07-22,EKGYO.IS,1.0708026568678939,250
2024-07-22,ENKAI.IS,0.8100749766702899,250
2024-07-22,EREGL.IS,1.00763870767679,250
2024-07-22,EUPWR.IS,1.2608514591715727,250
2024-07-22,FROTO.IS,0.8445605215187513,250
2024-07-22,GARAN.IS,1.0208890479571806,250
2024-07-22,GENTS.IS,0.6070548883348584,250
2024-07-22,GESAN.IS,1.2077493475408505,250
2024-07-22,GOKNR.IS,0.852562241820907,250
2024-07-22,GUBRF.IS,0.9778195586607503,250
2024-07-22,HALKB.IS,0.9419812002398638,250
2024-07-22,HEKTS.IS,0.8434838016151687,250
2024-07-22,ISCTR.IS,1.0763522988766705,250
2024-07-22,ISGYO.IS,1.181478545278369,250
2024-07-22,KCAER.IS,0.9931425328547895,250
2024-07-22,KCHOL.IS,0.9674521922106987,250
2024-07-22,KONTR.IS,1.3326686230798273,250
2024-07-22,KORDS.IS,0.9915143602296353,250
2024-07-22,KRDMD.IS,1.2861106259585178,250
2024-07-22,LOGO.IS,0.9611524880519564,250
2024-07-22,MAVI.IS,0.893112873144663,250
2024-07-22,MGROS.IS,0.817564025097816,250
2024-07-22,MIATK.IS,1.1436638715849805,250
2024-07-22,MTRKS.IS,0.7564502074604169,250
2024-07-22,ODAS.IS,1.1976826374067109,250
2024-07-22,ONCSM.IS,0.9904056482415465,250
2024-07-22,OTKAR.IS,0.9445660471842949,250
2024-07-22,OYAKC.IS,1.0897432966287266,250
2024-07-22,PETKM.IS,1.2191334740529896,250
2024-07-22,PGSUS.IS,1.0938532193513943,250
2024-07-22,PLTUR.IS,0.7575036200862102,250
2024-07-22,SAHOL.IS,1.038291904845623,250
2024-07-22,SASA.IS,0.9942025657747549,250
2024-07-22,SDTTR.IS,0.9827718589579552,250
2024-07-22,SELEC.IS,0.8781542942359953,250
2024-07-22,SISE.IS,0.9074322205877549,250
2024-07-22,SKBNK.IS,1.0338181417264745,250
2024-07-22,SOKM.IS,0.8411193234010228,250
2024-07-22,TAVHL.IS,1.0170117425186902,250
2024-07-22,TCELL.IS,0.9836806802665593,250
2024-07-22,TERA.IS,0.5900454745765411,250
2024-07-22,THYAO.IS,1.0834220208886054,250
2024-07-22,TKFEN.IS,1.171049964294984,250
2024-07-22,TOASO.IS,0.9156796000422812,250
2024-07-22,TRGYO.IS,0.9479551583852496,250
2024-07-22,TSKB.IS,1.16601242939267,250
2024-07-22,TTKOM.IS,1.044919474142756,250
2024-07-22,TTRAK.IS,0.9397491360478492,250
2024-07-22,TUPRS.IS,1.0026551856108246,250
2024-07-22,TUREX.IS,0.8221113713164252,250
2024-07-22,TURSG.IS,0.6399847258801235,250
2024-07-22,ULKER.IS,1.1241754952900609,250
2024-07-22,VAKBN.IS,1.0089867476205865,250
2024-07-22,VESTL.IS,1.0923656125058943,250
2024-07-22,YKBNK.IS,0.9534388539807261,250
2024-10-15,AEFES.IS,0.7531690457451673,250
2024-10-15,AGHOL.IS,0.9212240260294973,250
2024-10-15,AKBNK.IS,1.2614548935445933,250
2024-10-15,ALARK.IS,0.9687630345326995,250
2024-10-15,ALFAS.IS,1.0468794552225857,250
2024-10-15,ANSGR.IS,0.8135892562615099,250
2024-10-15,ARCLK.IS,0.8509518783257831,250
2024-10-15,ASELS.IS,1.0451473599389591,250
2024-10-15,ASTOR.IS,0.914534525063752,250
2024-10-15,BIMAS.IS,0.8125596948902211,250
2024-10-15,BIZIM.IS,0.7721897170290826,250
2024-10-15,BRSAN.IS,1.075955376781273,250
2024-10-15,BSOKE.IS,0.22851976619563458,250
2024-10-15,CANTE.IS,0.902816063550219,250
2024-10-15,CCOLA.IS,0.6938379360775283,241
2024-10-15,CIMSA.IS,1.1136358160158568,250
2024-10-15,CLEBI.IS,0.9428219654610805,250
2024-10-15,CVKMD.IS,0.7671154401079214,250
2024-10-15,CWENE.IS,1.1683501023159404,250
2024-10-15,DOAS.IS,0.8191604926697647,250
2024-10-15,DOHOL.IS,1.1270863695753959,250
2024-10-15,ECILC.IS,1.1093046078831366,250
2024-10-15,EKGYO.IS,1.1431842736989015,250
2024-10-15,ENKAI.IS,0.7762331907776598,250
2024-10-15,EREGL.IS,0.9569969695389651,250
2024-10-15,EUPWR.IS,1.1061561579930441,250
2024-10-15,FROTO.IS,0.8788049501550845,250
2024-10-15,GARAN.IS,1.141347298936821,250
2024-10-15,GENTS.IS,0.6301384805125145,250
2024-10-15,GESAN.IS,1.1288587827283074,250
2024-10-15,GOKNR.IS,0.8340709044563243,250
2024-10-15,GUBRF.IS,1.1291187416663129,250
2024-10-15,HALKB.IS,1.0663867077371534,250
2024-10-15,HEKTS.IS,0.9750687789807315,242
2024-10-15,ISCTR.IS,1.2382463747672836,250
2024-10-15,ISGYO.IS,1.1114861845674375,250
2024-10-15,KCAER.IS,0.964253126248411,250
2024-10-15,KCHOL.IS,1.0408346329144864,250
2024-10-15,KONTR.IS,1.2502553539807189,250
2024-10-15,KORDS.IS,1.021603157748494,250
2024-10-15,KRDMD.IS,1.2047212684804731,250
2024-10-15,LOGO.IS,0.9297066153631827,250
2024-10-15,MAVI.IS,0.8602082312001019,250
2024-10-15,MGROS.IS,0.7075859105646909,250
2024-10-15,MIATK.IS,1.2118208551065082,250
2024-10-15,MTRKS.IS,0.7342894809058425,250
2024-10-15,ODAS.IS,1.1523856473131235,250
2024-10-15,ONCSM.IS,0.8025608178158845,250
2024-10-15,OTKAR.IS,0.9859032822606767,247
2024-10-15,OYAKC.IS,0.9998292805119277,250
2024-10-15,PETKM.IS,1.2111579519722726,250
2024-10-15,PGSUS.IS,1.1048303425335753,250
2024-10-15,PLTUR.IS,0.6905694643346257,250
2024-10-15,SAHOL.IS,1.1011475172921987,250
2024-10-15,SASA.IS,1.1652743527672156,250
2024-10-15,SDTTR.IS,0.8384277070917507,250
2024-10-15,SELEC.IS,0.815001188122865,250
2024-10-15,SISE.IS,0.8882013230332887,250
2024-10-15,SKBNK.IS,1.1578569585154945,250
2024-10-15,SOKM.IS,0.8164792563359707,250
2024-10-15,TAVHL.IS,0.9876560249849836,250
2024-10-15,TCELL.IS,0.8755349335378981,250
2024-10-15,TERA.IS,0.5946336807364334,250
2024-10-15,THYAO.IS,0.9712130867675276,250
2024-10-15,TKFEN.IS,1.1180632398103498,250
2024-10-15,TOASO.IS,0.9652921358206694,250
2024-10-15,TRGYO.IS,0.8939468049095185,250
2024-10-15,TSKB.IS,1.244075989858502,250
2024-10-15,TTKOM.IS,1.1020783189974757,250
2024-10-15,TTRAK.IS,0.8398225230666893,250
2024-10-15,TUPRS.IS,0.8407590153300143,250
2024-10-15,TUREX.IS,0.8110024635825948,250
2024-10-15,TURSG.IS,0.7132246299253694,250
2024-10-15,ULKER.IS,1.1141980756687389,250
2024-10-15,VAKBN.IS,1.0740590693381147,250
2024-10-15,VESTL.IS,1.1319510957185415,250
2024-10-15,YKBNK.IS,1.1493743636177949,250
2025-01-10,AEFES.IS,0.882418191227983,250
2025-01-10,AGHOL.IS,0.9165336135530363,250
2025-01-10,AGROT.IS,0.7965114092122821,250
2025-01-10,AKBNK.IS,1.5601597044921545,250
2025-01-10,ALARK.IS,0.9312793876761962,250
2025-01-10,ALFAS.IS,0.8786661360509787,250
2025-01-10,ANSGR.IS,0.6928484529061425,250
2025-01-10,ARCLK.IS,0.9219104709747606,250
2025-01-10,ASELS.IS,0.9047763025876323,250
2025-01-10,ASTOR.IS,0.8938468360192627,250
2025-01-10,BIMAS.IS,0.9005907055475797,250
2025-01-10,BIZIM.IS,0.6983897357130674,250
2025-01-10,BRSAN.IS,1.012764831213233,250
2025-01-10,BSOKE.IS,-0.08695923830981668,243
2025-01-10,CANTE.IS,0.7610111691744071,250
2025-01-10,CCOLA.IS,0.7105949053498274,241
2025-01-10,CIMSA.IS,0.9996248209003205,250
2025-01-10,CLEBI.IS,0.879941407393413,250
2025-01-10,CVKMD.IS,0.5772250679912946,250
2025-01-10,CWENE.IS,0.9908559836086235,250
2025-01-10,DOAS.IS,0.7291782692592856,250
2025-01-10,DOHOL.IS,1.0825848719819928,250
2025-01-10,ECILC.IS,1.0359881719936728,250
2025-01-10,EKGYO.IS,1.1826982640794712,250
2025-01-10,ENKAI.IS,0.8934945542997809,250
2025-01-10,EREGL.IS,0.8689463987901078,250
2025-01-10,EUPWR.IS,0.9119692220646326,250
2025-01-10,FROTO.IS,0.8893822990163093,250
2025-01-10,GARAN.IS,1.1767919139701897,250
2025-01-10,GENTS.IS,0.5562288471268371,250
2025-01-10,GESAN.IS,1.086369972113542,250
2025-01-10,GOKNR.IS,0.6262412695984809,250
2025-01-10,GUBRF.IS,0.8049057178706327,250
2025-01-10,HALKB.IS,1.0743317214154697,250
2025-01-10,HEKTS.IS,1.0413521083354231,242
2025-01-10,ISCTR.IS,1.3103755754887147,250
2025-01-10,ISGYO.IS,1.063045901147283,250
2025-01-10,KCAER.IS,0.7943754767879816,250
2025-01-10,KCHOL.IS,1.1175443361176267,250
2025-01-10,KONTR.IS,1.198143683797978,250
2025-01-10,KORDS.IS,1.0116729226187022,250
2025-01-10,KRDMD.IS,1.1594410867841747,250
2025-01-10,LOGO.IS,0.7925234204435734,250
2025-01-10,MAVI.IS,0.8616287624621818,250
2025-01-10,MGROS.IS,0.7557131480095131,250
2025-01-10,MIATK.IS,1.2507329671261904,250
2025-01-10,MTRKS.IS,0.585157178123443,250
2025-01-10,ODAS.IS,1.1028522322612624,250
2025-01-10,ONCSM.IS,0.5410157077492282,250
2025-01-10,OTKAR.IS,0.81079364835418,247
2025-01-10,OYAKC.IS,0.8559951226033028,250
2025-01-10,PETKM.IS,1.1252764054949467,250
2025-01-10,PGSUS.IS,1.0026942116252493,250
2025-01-10,PLTUR.IS,0.34010961842417686,250
2025-01-10,SAHOL.IS,1.3108743932735072,250
2025-01-10,SASA.IS,1.1905420880222608,250
2025-01-10,SDTTR.IS,0.6019731713941977,250
2025-01-10,SELEC.IS,0.7317624674843051,250
2025-01-10,SISE.IS,0.9554853699552814,250
2025-01-10,SKBNK.IS,1.0659943421809912,250
2025-01-10,SOKM.IS,0.8487581274874926,250
2025-01-10,TABGD.IS,0.7841320021126748,250
2025-01-10,TAVHL.IS,0.8270102696710313,250
2025-01-10,TCELL.IS,0.7829884976139169,250
2025-01-10,TERA.IS,0.34929778152782837,250
2025-01-10,THYAO.IS,0.9317068225618941,250
2025-01-10,TKFEN.IS,0.8648327200347828,250
2025-01-10,TOASO.IS,0.9678076361879869,250
2025-01-10,TRGYO.IS,0.8494118641543049,250
2025-01-10,TSKB.IS,1.0893432073553044,250
2025-01-10,TTKOM.IS,1.0372209008033928,250
2025-01-10,TTRAK.IS,0.7075481069914615,250
2025-01-10,TUPRS.IS,0.7852679978870093,250
2025-01-10,TUREX.IS,0.5042562436189953,250
2025-01-10,TURSG.IS,0.6017505005869815,250
2025-01-10,ULKER.IS,1.0299694526354586,250
2025-01-10,VAKBN.IS,1.0414644584868737,250
2025-01-10,VESTL.IS,1.0991464631087817,250
2025-01-10,YKBNK.IS,1.4327867087501691,250
2025-04-08,AEFES.IS,0.9035845132551731,250
2025-04-08,AGHOL.IS,1.0288712072625537,250
2025-04-08,AGROT.IS,0.8770536614410981,250
2025-04-08,AKBNK.IS,1.3888270318447629,250
2025-04-08,ALARK.IS,0.9237144615075803,250
2025-04-08,ALFAS.IS,0.8338465341501512,250
2025-04-08,ALVES.IS,1.1081683547774697,252
2025-04-08,ANSGR.IS,0.7680482185346814,250
2025-04-08,ARCLK.IS,0.878149655116079,250
2025-04-08,ASELS.IS,0.9275396968016251,250
2025-04-08,ASTOR.IS,1.0168160676825966,250
2025-04-08,BIMAS.IS,1.0382376704706848,250
2025-04-08,BINHO.IS,1.0801974975166195,250
2025-04-08,BIZIM.IS,0.7928201587978225,250
2025-04-08,BRSAN.IS,0.9951226376377549,250
2025-04-08,BSOKE.IS,0.17662761420778358,243
2025-04-08,CANTE.IS,0.78370293614606,250
2025-04-08,CCOLA.IS,0.8119795182740569,241
2025-04-08,CIMSA.IS,0.9905830962131439,250
2025-04-08,CLEBI.IS,0.7584757219538503,250
2025-04-08,CVKMD.IS,0.757744903862847,250
2025-04-08,CWENE.IS,1.0024919073231349,250
2025-04-08,DOAS.IS,0.8317398786627113,250
2025-04-08,DOHOL.IS,1.0362458616547856,250
2025-04-08,ECILC.IS,0.989957953157924,250
2025-04-08,EKGYO.IS,1.2327666136109703,250
2025-04-08,ENKAI.IS,0.8525049159392256,250
2025-04-08,EREGL.IS,1.0482280645622986,250
2025-04-08,EUPWR.IS,0.924753590897899,250
2025-04-08,FORTE.IS,0.6556565538770176,250
2025-04-08,FROTO.IS,0.7995488586080837,250
2025-04-08,GARAN.IS,1.1537968569443866,250
2025-04-08,GENTS.IS,0.5761912608318879,250
2025-04-08,GESAN.IS,1.0244871398442117,250
2025-04-08,GOKNR.IS,0.6967892480247836,250
2025-04-08,GUBRF.IS,0.8495047456365912,250
2025-04-08,HALKB.IS,1.1696704840685095,250
2025-04-08,HEKTS.IS,1.0999796160591406,242
2025-04-08,INVES.IS,0.4271186156988355,250
2025-04-08,ISCTR.IS,1.2246359946970318,250
2025-04-08,ISGYO.IS,1.0171930203632642,250
2025-04-08,KCAER.IS,0.9691112841462474,250
2025-04-08,KCHOL.IS,1.139937299152718,250
2025-04-08,KONTR.IS,1.1997738935871711,250
2025-04-08,KORDS.IS,0.9655253942748319,250
2025-04-08,KRDMD.IS,1.1913074142470463,250
2025-04-08,LOGO.IS,0.7070460852606214,250
2025-04-08,MAVI.IS,0.9381999636496458,250
2025-04-08,MGROS.IS,0.8797770742149468,250
2025-04-08,MIATK.IS,1.1619745066285612,250
2025-04-08,MTRKS.IS,0.8001958726497683,250
2025-04-08,ODAS.IS,1.123962743421317,250
2025-04-08,ONCSM.IS,0.6083418201400455,250
2025-04-08,OTKAR.IS,0.8435949213401425,247
2025-04-08,OYAKC.IS,0.7052144317662201,250
2025-04-08,PASEU.IS,0.5295723613176448,250
2025-04-08,PETKM.IS,0.9903814271605828,250
2025-04-08,PGSUS.IS,1.0184340597443544,250
2025-04-08,PLTUR.IS,0.5195300407287978,250
2025-04-08,REEDR.IS,0.960410761719708,250
2025-04-08,SAHOL.IS,1.3152304622487185,250
2025-04-08,SASA.IS,1.1231124154113004,250
2025-04-08,SDTTR.IS,0.6126242715204997,250
2025-04-08,SELEC.IS,0.6571527085434388,250
2025-04-08,SISE.IS,1.002654133588418,250
2025-04-08,SKBNK.IS,0.946843858591665,250
2025-04-08,SOKM.IS,0.9626260770767165,250
2025-04-08,SURGY.IS,0.42630374579449454,250
2025-04-08,TABGD.IS,0.7588247650079575,250
2025-04-08,TAVHL.IS,0.8227830996369475,250
2025-04-08,TCELL.IS,0.8898563604465805,250
2025-04-08,TERA.IS,0.5676537100694854,250
2025-04-08,THYAO.IS,0.9001901098970525,250
2025-04-08,TKFEN.IS,0.5847396075450558,250
2025-04-08,TOASO.IS,0.9722109886027172,250
2025-04-08,TRGYO.IS,0.8034328978750304,250
2025-04-08,TSKB.IS,1.1153368135050774,250
2025-04-08,TTKOM.IS,1.0972139298413721,250
2025-04-08,TTRAK.IS,0.5611329782928256,250
2025-04-08,TUPRS.IS,0.7631965600779093,250
2025-04-08,TUREX.IS,0.35821011074070946,250
2025-04-08,TURSG.IS,0.7731492782064875,250
2025-04-08,ULKER.IS,1.0293344472121397,250
2025-04-08,VAKBN.IS,1.0713222597750431,250
2025-04-08,VESTL.IS,1.0486811813690915,250
2025-04-08,YKBNK.IS,1.3274442323523308,250
