symbol,date,raw_return,adjustment_ratio,ratio_change,dividend,stock_split,classification
TOASO.IS,2018-03-21,-0.04310951753513936,0.522334679253759,0.059924931008094706,1.6,0.0,PROVIDER_EVENT_EVIDENCE
TTRAK.IS,2018-03-21,-0.041881450782015994,0.6490540105165205,0.07809581271488053,2.997995,0.0,PROVIDER_EVENT_EVIDENCE
OTKAR.IS,2018-03-22,-0.004258960111555576,0.8084547106250989,0.025476674060756155,0.583334,0.0,PROVIDER_EVENT_EVIDENCE
ARCLK.IS,2018-03-26,-0.014046473563849471,0.8848832012855843,0.036031569708990574,0.64375,0.0,PROVIDER_EVENT_EVIDENCE
TSKB.IS,2018-03-26,-0.031249945672827684,0.9360856990499926,0.02564113827827641,0.034286,0.0,PROVIDER_EVENT_EVIDENCE
ISGYO.IS,2018-03-27,-0.030075571929039868,0.9958486944437819,0.05976128854587626,0.07148,0.0,PROVIDER_EVENT_EVIDENCE
AKBNK.IS,2018-03-28,-0.03703694803849178,0.7780725431329759,0.042918438868631004,0.342978,0.0,PROVIDER_EVENT_EVIDENCE
ANSGR.IS,2018-03-28,-0.024154567115350467,0.7427582126349102,0.029850716673961886,0.03,0.0,PROVIDER_EVENT_EVIDENCE
TAVHL.IS,2018-03-28,-0.049167319781073915,0.8508659347050442,0.046412757996264764,1.118614,0.0,PROVIDER_EVENT_EVIDENCE
CIMSA.IS,2018-03-29,-0.028943629089702827,0.8742342520929878,0.03753784996852505,0.071429,0.0,PROVIDER_EVENT_EVIDENCE
TUPRS.IS,2018-03-29,-0.09173549095566746,0.5735874853144783,0.12666079257185614,1.943286,0.0,PROVIDER_EVENT_EVIDENCE
FROTO.IS,2018-04-02,-0.012086996001176686,0.6025120527784826,0.038145977161556655,0.228,0.0,PROVIDER_EVENT_EVIDENCE
KCHOL.IS,2018-04-02,-0.029286123252663776,0.7883825443671355,0.021533855851657124,0.3455,0.0,PROVIDER_EVENT_EVIDENCE
KORDS.IS,2018-04-02,-0.04962850365131699,0.9150466991351311,0.04455901922029559,0.018097,0.0,PROVIDER_EVENT_EVIDENCE
ISCTR.IS,2018-04-03,-0.04366192571839678,0.8010955198591443,0.04333250039860137,0.05308,0.0,PROVIDER_EVENT_EVIDENCE
SAHOL.IS,2018-04-03,-0.02003808145471009,0.7435505339647331,0.02946968618923007,0.3,0.0,PROVIDER_EVENT_EVIDENCE
TKFEN.IS,2018-04-04,-0.009912541112261253,0.7732247222943001,0.038038721048061275,0.62846,0.0,PROVIDER_EVENT_EVIDENCE
SELEC.IS,2018-04-11,-0.059945510636716604,0.8812258087209921,0.02801117099643169,0.1,0.0,PROVIDER_EVENT_EVIDENCE
ENKAI.IS,2018-04-17,-0.045627342481374566,0.7258068482823974,0.023346207289126397,0.092,0.0,PROVIDER_EVENT_EVIDENCE
GARAN.IS,2018-04-24,-0.033864557159334785,0.7895815404829348,0.04329780453676735,0.41667,0.0,PROVIDER_EVENT_EVIDENCE
CLEBI.IS,2018-04-26,-0.1052368470469961,0.7298108907477328,0.08525036301703759,3.15,0.0,PROVIDER_EVENT_EVIDENCE
HALKB.IS,2018-04-30,-0.04418605785875285,0.9756107663097736,0.03589938902489398,0.298036,0.0,PROVIDER_EVENT_EVIDENCE
VAKBN.IS,2018-04-30,-0.04319999694824217,0.9858757325689905,0.008064582085574035,0.05,0.0,PROVIDER_EVENT_EVIDENCE
PETKM.IS,2018-05-03,-0.06925208250804826,1.0,0.052478098501018255,0.213068,0.0,PROVIDER_EVENT_EVIDENCE
ISGYO.IS,2018-05-04,0.006246421246403289,0.995848663699476,-7.791884581997977e-09,0.0,1.049248,PROVIDER_EVENT_EVIDENCE
BRSAN.IS,2018-05-15,-0.08212563769480985,0.8013299640856291,0.06317415471192134,0.615,0.0,PROVIDER_EVENT_EVIDENCE
SASA.IS,2018-05-15,0.02029479270765644,0.9625012547542414,4.611899306894429e-08,0.0,1.466667,PROVIDER_EVENT_EVIDENCE
ECILC.IS,2018-05-22,-0.03926697894508013,0.7482349229810559,0.0552486490195323,0.2,0.0,PROVIDER_EVENT_EVIDENCE
ENKAI.IS,2018-05-24,0.003013681927515055,0.725806902175538,-2.2397595889067645e-08,0.0,1.086956,PROVIDER_EVENT_EVIDENCE
CCOLA.IS,2018-05-25,-0.010236995268110394,0.9502315969678038,0.0019311945038655853,0.071545,0.0,PROVIDER_EVENT_EVIDENCE
DOAS.IS,2018-05-25,-0.06527415273629833,0.42977930031204864,0.09272487511735061,0.65,0.0,PROVIDER_EVENT_EVIDENCE
AEFES.IS,2018-05-29,-0.0207852725964921,0.7341729747470294,0.016527440536470595,0.04224,0.0,PROVIDER_EVENT_EVIDENCE
EREGL.IS,2018-05-29,-0.03964399552822406,0.6138862293042829,0.07291654213769583,0.42,0.0,PROVIDER_EVENT_EVIDENCE
MAVI.IS,2018-05-29,0.002521066185480425,0.8460594625913465,0.011088910504059246,0.032628,0.0,PROVIDER_EVENT_EVIDENCE
EKGYO.IS,2018-05-31,-0.10729614085238026,0.840345170510555,0.0814675149156936,0.17552,0.0,PROVIDER_EVENT_EVIDENCE
GENTS.IS,2018-05-31,-0.0454547496364458,0.8601132452669134,0.03696946766527076,0.01159,0.0,PROVIDER_EVENT_EVIDENCE
SISE.IS,2018-05-31,-0.05727923777069188,0.8480231267226119,0.032867718356410114,0.133333,0.0,PROVIDER_EVENT_EVIDENCE
AGHOL.IS,2018-06-04,0.003574680840818578,0.9365987053425611,0.004608004473145799,0.010265,0.0,PROVIDER_EVENT_EVIDENCE
TSKB.IS,2018-06-04,0.013662444329027634,0.9360857672647674,-8.567521136981782e-10,0.0,1.1666670000000001,PROVIDER_EVENT_EVIDENCE
BIMAS.IS,2018-06-06,-0.019548918071546018,0.7683892404937389,0.016819752523783205,0.275,0.0,PROVIDER_EVENT_EVIDENCE
TCELL.IS,2018-06-18,-0.03789832845776564,0.7281356290502343,0.025426114096066987,0.28788,0.0,PROVIDER_EVENT_EVIDENCE
ASELS.IS,2018-06-19,0.03571422663096557,0.9631721971322871,0.0012636015664218014,0.006184,0.0,PROVIDER_EVENT_EVIDENCE
ALARK.IS,2018-06-27,-0.02857141108553496,0.8602209411624375,0.06308431555159544,0.138704,0.0,PROVIDER_EVENT_EVIDENCE
TRGYO.IS,2018-06-29,-0.028673808171997717,0.8461326571512728,0.018248055736955093,0.05,0.0,PROVIDER_EVENT_EVIDENCE
OYAKC.IS,2018-07-02,-0.08816722230096674,0.8140255808112803,0.1143098516455463,0.113368,0.0,PROVIDER_EVENT_EVIDENCE
PETKM.IS,2018-07-04,0.011728464646096226,1.0,0.0,0.0,1.1,PROVIDER_EVENT_EVIDENCE
GENTS.IS,2018-07-05,-0.003077352920924259,0.8601132410968277,-7.67170817983498e-08,0.0,1.08,PROVIDER_EVENT_EVIDENCE
HALKB.IS,2018-08-15,-0.05073648707127487,1.0,0.024998950091132066,0.149018,0.0,PROVIDER_EVENT_EVIDENCE
VAKBN.IS,2018-08-16,-0.05084747703301684,1.0,0.014326633862365101,0.05,0.0,PROVIDER_EVENT_EVIDENCE
ASELS.IS,2018-09-13,0.010819192261411814,0.9640937243125853,0.0009564768368135468,0.006184,0.0,PROVIDER_EVENT_EVIDENCE
ALARK.IS,2018-09-14,0.005302194569041019,0.8602209952644893,3.1796246036108755e-07,0.0,1.9465960000000002,PROVIDER_EVENT_EVIDENCE
TCELL.IS,2018-09-17,-0.0008912859753865687,0.7473099110581727,0.026333324313039475,0.28788,0.0,PROVIDER_EVENT_EVIDENCE
BIMAS.IS,2018-11-07,-0.0075471506178753645,0.7761998866517605,0.010164897909561876,0.2,0.0,PROVIDER_EVENT_EVIDENCE
FROTO.IS,2018-11-20,-0.05936914707808072,0.629368314933721,0.044573780920763806,0.23,0.0,PROVIDER_EVENT_EVIDENCE
ENKAI.IS,2018-12-12,-0.019823802565707593,0.7322585058541035,0.008888854107387045,0.033333,0.0,PROVIDER_EVENT_EVIDENCE
ASELS.IS,2018-12-13,-0.0008045236231950526,0.9650540561334849,0.0009961604392854095,0.006184,0.0,PROVIDER_EVENT_EVIDENCE
TCELL.IS,2018-12-17,-0.0243704452078487,0.7652049113352886,0.023945853035553855,0.287878,0.0,PROVIDER_EVENT_EVIDENCE
ULKER.IS,2018-12-19,0.013972058674512011,0.8347960720131752,0.017417991384317988,0.257309,0.0,PROVIDER_EVENT_EVIDENCE
TOASO.IS,2019-03-19,-0.07358496779010093,0.5696242484230383,0.09053487792004455,1.76,0.0,PROVIDER_EVENT_EVIDENCE
TAVHL.IS,2019-03-20,-0.10651343471317465,0.9247541957580958,0.08683878975980219,2.0854,0.0,PROVIDER_EVENT_EVIDENCE
KORDS.IS,2019-03-25,-0.01296328995424978,0.945694302905323,0.033492902830277504,0.018422,0.0,PROVIDER_EVENT_EVIDENCE
OTKAR.IS,2019-03-25,-0.029064545126811003,0.831100614250143,0.02801131494008402,0.6,0.0,PROVIDER_EVENT_EVIDENCE
ANSGR.IS,2019-03-26,-0.04047609694690235,0.7798961796589798,0.05000000557776918,0.05,0.0,PROVIDER_EVENT_EVIDENCE
TUPRS.IS,2019-03-28,-0.07552648985881993,0.6444960916884191,0.12362292297560828,2.164286,0.0,PROVIDER_EVENT_EVIDENCE
FROTO.IS,2019-04-01,-0.02559793241158148,0.6631813950546525,0.05372528606386129,0.243,0.0,PROVIDER_EVENT_EVIDENCE
KCHOL.IS,2019-04-01,-0.0006207466482285318,0.8083530495127553,0.02533086281114949,0.398,0.0,PROVIDER_EVENT_EVIDENCE
TKFEN.IS,2019-04-02,-0.03483044177411743,0.81582021653751,0.05508799652138263,1.13926,0.0,PROVIDER_EVENT_EVIDENCE
SAHOL.IS,2019-04-03,-0.025641061693801315,0.7732925386591025,0.04000002160534266,0.3,0.0,PROVIDER_EVENT_EVIDENCE
CLEBI.IS,2019-04-16,-0.0406320101164972,0.7930651496438419,0.08667216156104174,5.3,0.0,PROVIDER_EVENT_EVIDENCE
ENKAI.IS,2019-04-17,0.0,0.7546745719286152,0.030612261476977265,0.125,0.0,PROVIDER_EVENT_EVIDENCE
SELEC.IS,2019-04-19,0.010152274434545472,0.9041744217600682,0.02604163876699861,0.1,0.0,PROVIDER_EVENT_EVIDENCE
DOHOL.IS,2019-04-22,-0.06034477177329478,0.8680413356558364,0.09433959145993054,0.1,0.0,PROVIDER_EVENT_EVIDENCE
ALARK.IS,2019-04-24,-0.07070708287004268,0.9126442097672318,0.06094159923752329,0.1706,0.0,PROVIDER_EVENT_EVIDENCE
OYAKC.IS,2019-04-30,-0.1065093616385916,0.9541284114138313,0.17211106629963346,0.12726,0.0,PROVIDER_EVENT_EVIDENCE
SASA.IS,2019-04-30,0.00904875211450129,0.9625012535244801,5.513190171058113e-08,0.0,1.371901,PROVIDER_EVENT_EVIDENCE
EREGL.IS,2019-05-08,-0.1625560844955437,0.7262420985942241,0.18302389561453314,0.69,0.0,PROVIDER_EVENT_EVIDENCE
BRSAN.IS,2019-05-16,-0.0793060583256362,0.8919631373421327,0.11310344813821582,0.82,0.0,PROVIDER_EVENT_EVIDENCE
ECILC.IS,2019-05-20,-0.14074078064069429,0.8417643591960977,0.12499995151975041,0.3,0.0,PROVIDER_EVENT_EVIDENCE
ANSGR.IS,2019-05-27,-0.02020200074126499,0.8213800011060656,0.053191622670626604,0.05,0.0,PROVIDER_EVENT_EVIDENCE
AEFES.IS,2019-05-31,-0.02501277437989724,0.7536706007605303,0.026557287228394122,0.05068,0.0,PROVIDER_EVENT_EVIDENCE
BRSAN.IS,2019-05-31,0.0013174903614814326,1.0,0.12112254643703357,0.82,0.0,PROVIDER_EVENT_EVIDENCE
CCOLA.IS,2019-05-31,-0.02947518705317509,0.9539098386411313,0.003870918790532585,0.107273,0.0,PROVIDER_EVENT_EVIDENCE
EKGYO.IS,2019-05-31,0.0,0.8653395905437657,0.029743092202965338,0.03235,0.0,PROVIDER_EVENT_EVIDENCE
GENTS.IS,2019-05-31,-0.01298534619441083,0.9087070265680078,0.05649695731695248,0.014603,0.0,PROVIDER_EVENT_EVIDENCE
SISE.IS,2019-05-31,-0.02996260668114914,0.8772274072383699,0.03443802807585872,0.177777,0.0,PROVIDER_EVENT_EVIDENCE
AGHOL.IS,2019-06-12,-0.027108444009365074,0.9463519434743739,0.010413438350046933,0.010265,0.0,PROVIDER_EVENT_EVIDENCE
BIMAS.IS,2019-06-12,-0.005696163901799833,0.7881725643680968,0.01542443854866371,0.3,0.0,PROVIDER_EVENT_EVIDENCE
SASA.IS,2019-06-17,-0.04315617220452006,1.0,0.038959662252739724,0.005011,0.0,PROVIDER_EVENT_EVIDENCE
TCELL.IS,2019-06-18,0.017741957564260336,0.7723537823426518,0.009342524089281268,0.114772,0.0,PROVIDER_EVENT_EVIDENCE
ASELS.IS,2019-06-19,-0.023978230240362275,0.9677371603274036,0.0027802719726011116,0.012719,0.0,PROVIDER_EVENT_EVIDENCE
PETKM.IS,2019-06-19,-0.004165019976483331,1.0,0.0,0.0,1.28,PROVIDER_EVENT_EVIDENCE
KRDMD.IS,2019-06-26,-0.03478257624548575,0.8772710846058388,0.060678992932894804,0.131578,0.0,PROVIDER_EVENT_EVIDENCE
GENTS.IS,2019-07-03,-0.011946819346924542,0.9087070520402578,-2.2441513092275045e-08,0.0,1.220539,PROVIDER_EVENT_EVIDENCE
BIMAS.IS,2019-07-24,0.024864897856841317,0.7881723625031045,-1.773081170775015e-08,0.0,2.0,PROVIDER_EVENT_EVIDENCE
ASELS.IS,2019-09-18,-0.01378960463818868,0.9702581025031507,0.002604977941126352,0.012719,0.0,PROVIDER_EVENT_EVIDENCE
TCELL.IS,2019-10-31,-0.023328090596392737,0.8009466887722696,0.03702077781108715,0.45909,0.0,PROVIDER_EVENT_EVIDENCE
ENKAI.IS,2019-11-13,-0.011965922820262431,0.773177976139858,0.024518392088120455,0.116667,0.0,PROVIDER_EVENT_EVIDENCE
BIMAS.IS,2019-11-18,-0.003913050112516969,0.7985885620023181,0.013215441122147675,0.3,0.0,PROVIDER_EVENT_EVIDENCE
FROTO.IS,2019-11-19,-0.023546702813191822,0.6735446441738479,0.01562657119358124,0.10455,0.0,PROVIDER_EVENT_EVIDENCE
KRDMD.IS,2019-11-27,-0.05668020375811378,0.9266333822040274,0.05626788207456612,0.131578,0.0,PROVIDER_EVENT_EVIDENCE
BIZIM.IS,2019-12-02,0.028375729381202586,0.9514974501235602,0.01708390807032001,0.171666,0.0,PROVIDER_EVENT_EVIDENCE
DOAS.IS,2019-12-02,-0.06250006107033135,0.4586134512901703,0.06709052611807476,0.613636,0.0,PROVIDER_EVENT_EVIDENCE
HEKTS.IS,2019-12-02,0.024556399288519826,1.0,0.008241932633043403,0.003231,0.0,PROVIDER_EVENT_EVIDENCE
BIMAS.IS,2019-12-11,-0.010323224528571151,0.805822300842088,0.009057981690331118,0.2,0.0,PROVIDER_EVENT_EVIDENCE
ASELS.IS,2019-12-18,-0.013874540756298126,0.9728013484030106,0.002621105048588923,0.012719,0.0,PROVIDER_EVENT_EVIDENCE
ECILC.IS,2020-03-12,0.3187134877988249,0.841764187437805,-1.472511881317473e-07,0.0,0.0,MULTI_TICKER_OR_STALE_GAP_REVIEW
SELEC.IS,2020-03-12,0.32463290929312816,0.9041744040152038,2.2490711515388284e-09,0.0,0.0,MULTI_TICKER_OR_STALE_GAP_REVIEW
TTRAK.IS,2020-03-20,-0.02650608514593933,0.6797448413504241,0.04728536382330417,0.999331,0.0,PROVIDER_EVENT_EVIDENCE
FROTO.IS,2020-03-23,-0.04586364194249937,0.721809922561091,0.07165850675830554,0.312,0.0,PROVIDER_EVENT_EVIDENCE
OTKAR.IS,2020-03-23,-0.05903728961780441,0.8991565781391144,0.08188662619226439,1.666666,0.0,PROVIDER_EVENT_EVIDENCE
TAVHL.IS,2020-03-25,0.023657281166048483,0.9933762226658539,0.0742057083458667,1.080405,0.0,PROVIDER_EVENT_EVIDENCE
TOASO.IS,2020-03-25,-0.11258282676843678,0.6565898243187189,0.1526716699281736,2.4,0.0,PROVIDER_EVENT_EVIDENCE
ANSGR.IS,2020-03-26,-0.06404957293519664,0.8699078293815675,0.05908096760903203,0.0675,0.0,PROVIDER_EVENT_EVIDENCE
KORDS.IS,2020-03-26,0.016778222967098966,0.972901560052199,0.028769630556307435,0.013159,0.0,PROVIDER_EVENT_EVIDENCE
SAHOL.IS,2020-04-01,-0.05585107411691759,0.8087844017026713,0.04589708572003537,0.33,0.0,PROVIDER_EVENT_EVIDENCE
KCHOL.IS,2020-04-06,0.02704677465680283,0.8209249446105286,0.015552347954826518,0.2095,0.0,PROVIDER_EVENT_EVIDENCE
DOHOL.IS,2020-04-10,-0.006329107716228521,0.8895552544529793,0.02478432740720038,0.038212,0.0,PROVIDER_EVENT_EVIDENCE
ECILC.IS,2020-04-14,-0.03043475421480002,0.8553382453975058,0.016125612322394067,0.073,0.0,PROVIDER_EVENT_EVIDENCE
ENKAI.IS,2020-04-14,-0.06259093742855248,0.7939811186706088,0.026906081550531757,0.15,0.0,PROVIDER_EVENT_EVIDENCE
SELEC.IS,2020-04-17,-0.04954369109009571,0.9246690822055491,0.022666755111295123,0.17,0.0,PROVIDER_EVENT_EVIDENCE
TKFEN.IS,2020-04-27,-0.007586183219120413,0.8495893931801618,0.041392809006305153,0.57634,0.0,PROVIDER_EVENT_EVIDENCE
BIMAS.IS,2020-05-13,0.010607580866802246,0.813668642301235,0.009737198094217137,0.25,0.0,PROVIDER_EVENT_EVIDENCE
ENKAI.IS,2020-05-27,0.030618815950305134,0.7939809282609311,-9.5768342811553e-08,0.0,1.12,PROVIDER_EVENT_EVIDENCE
CCOLA.IS,2020-05-28,-0.037857788578063656,0.9557951822424013,0.001976579701882031,0.085455,0.0,PROVIDER_EVENT_EVIDENCE
SISE.IS,2020-05-29,-0.02958581662498805,0.9025452442859984,0.0288611925896074,0.142222,0.0,PROVIDER_EVENT_EVIDENCE
GENTS.IS,2020-06-17,8.090536858018638e-05,0.9087070171425142,1.092225461185592e-07,0.0,1.0620690000000002,PROVIDER_EVENT_EVIDENCE
ULKER.IS,2020-06-30,0.01847189503336666,0.8488630637695199,0.01685092302203195,0.394736,0.0,PROVIDER_EVENT_EVIDENCE
AEFES.IS,2020-07-14,-0.08186624235436657,0.8175021184508324,0.08469404801319946,0.1774,0.0,PROVIDER_EVENT_EVIDENCE
ASELS.IS,2020-07-17,-0.01690813939171476,0.9756872224869365,0.0029663969309596805,0.024488,0.0,PROVIDER_EVENT_EVIDENCE
EREGL.IS,2020-07-17,-0.028953150162719377,0.745331835452251,0.026285647494729725,0.115,0.0,PROVIDER_EVENT_EVIDENCE
EKGYO.IS,2020-07-23,-0.033333399560713795,0.8726735818333259,0.00847537727234049,0.02017,0.0,PROVIDER_EVENT_EVIDENCE
TTKOM.IS,2020-07-28,-0.06951215952226963,0.8198118024381814,0.021412204505927734,0.1719,0.0,PROVIDER_EVENT_EVIDENCE
ASELS.IS,2020-08-05,-0.016279108966600786,0.975687054141759,9.492920272080596e-08,0.0,2.0,PROVIDER_EVENT_EVIDENCE
CLEBI.IS,2020-08-31,-0.04781420964368022,0.8150560798833765,0.02772913987675185,1.975,0.0,PROVIDER_EVENT_EVIDENCE
TKFEN.IS,2020-09-24,-0.01750975722618564,0.8712997907707741,0.025554031890397733,0.384226,0.0,PROVIDER_EVENT_EVIDENCE
BIZIM.IS,2020-10-05,0.05037784540110679,0.9598273277771705,0.008754382830831409,0.137814,0.0,PROVIDER_EVENT_EVIDENCE
BIMAS.IS,2020-10-14,0.0,0.8232131073440331,0.011730184556081547,0.4,0.0,PROVIDER_EVENT_EVIDENCE
ASELS.IS,2020-10-16,-0.006604338950441768,0.9783240649922998,0.0027028587530366632,0.024488,0.0,PROVIDER_EVENT_EVIDENCE
ALARK.IS,2020-10-23,0.004815442972151196,0.924365631407023,0.012843546477006695,0.079,0.0,PROVIDER_EVENT_EVIDENCE
PETKM.IS,2020-11-20,-0.010612177215278518,1.0,0.0,0.0,1.2,PROVIDER_EVENT_EVIDENCE
TCELL.IS,2020-11-30,-0.06238068068306879,0.8202076536865955,0.024047681161602164,0.368919,0.0,PROVIDER_EVENT_EVIDENCE
ASELS.IS,2020-12-18,-0.001678829615924915,0.9810125797339078,0.0027480360035583296,0.024488,0.0,PROVIDER_EVENT_EVIDENCE
CLEBI.IS,2021-01-04,-0.07958287729345592,0.8258207831989902,0.013207390652541173,2.375,0.0,PROVIDER_EVENT_EVIDENCE
TKFEN.IS,2021-01-05,0.0865154436628286,0.8814030251954378,0.011595475361344088,0.192113,0.0,PROVIDER_EVENT_EVIDENCE
BIMAS.IS,2021-01-08,-0.009740259740259716,0.8451654152792009,0.026666678821191114,1.0,0.0,PROVIDER_EVENT_EVIDENCE
AGHOL.IS,2021-02-05,0.0033444784051375187,0.9502671559651693,0.004137111327209064,0.012319,0.0,PROVIDER_EVENT_EVIDENCE
CCOLA.IS,2021-02-18,-0.0313676298083615,0.9576083349359674,0.0018968202104305831,0.150909,0.0,PROVIDER_EVENT_EVIDENCE
TOASO.IS,2021-03-23,-0.044352454569346444,0.7205017790511271,0.09733923496901697,3.0,0.0,PROVIDER_EVENT_EVIDENCE
EREGL.IS,2021-03-24,-0.06818177032920958,0.8470930479071468,0.13653138525620712,0.925,0.0,PROVIDER_EVENT_EVIDENCE
FROTO.IS,2021-03-24,-0.010978589079186696,0.7446284706589107,0.0316132680920207,0.642,0.0,PROVIDER_EVENT_EVIDENCE
OTKAR.IS,2021-03-24,-0.001329766997064108,0.9408614226616591,0.046382219863273955,3.333334,0.0,PROVIDER_EVENT_EVIDENCE
TTRAK.IS,2021-03-25,-0.11059326461867536,0.7289384439101475,0.07237066761852362,8.49432,0.0,PROVIDER_EVENT_EVIDENCE
AKBNK.IS,2021-03-26,-0.026804147834466163,0.7978796808464103,0.025456650964905014,0.1204,0.0,PROVIDER_EVENT_EVIDENCE
ARCLK.IS,2021-03-29,-0.04027611561518307,0.9452482892180831,0.0682181209319348,2.219827,0.0,PROVIDER_EVENT_EVIDENCE
TSKB.IS,2021-03-29,-0.007194237817389371,0.9540486195952949,0.019189369930296296,0.026171,0.0,PROVIDER_EVENT_EVIDENCE
ANSGR.IS,2021-03-30,-0.110504768241526,0.9096183686450021,0.045649135927661844,0.08,0.0,PROVIDER_EVENT_EVIDENCE
TTKOM.IS,2021-04-01,0.0,0.8419580255313235,0.027013762357644522,0.178336,0.0,PROVIDER_EVENT_EVIDENCE
YKBNK.IS,2021-04-01,0.022727250560256484,0.8585225741068522,0.027649398132467473,0.059192,0.0,PROVIDER_EVENT_EVIDENCE
ISCTR.IS,2021-04-02,-0.023482915516053193,0.8255474250572196,0.030522920312503032,0.027244,0.0,PROVIDER_EVENT_EVIDENCE
GARAN.IS,2021-04-05,-0.018492192113954697,0.8066229777871978,0.02158296589105091,0.148523,0.0,PROVIDER_EVENT_EVIDENCE
SAHOL.IS,2021-04-05,-0.04112555452963318,0.840626322940615,0.03937013526132027,0.35,0.0,PROVIDER_EVENT_EVIDENCE
TURSG.IS,2021-04-09,-0.10542104334132851,0.8633348998819905,0.06828748311632116,0.02465,0.0,PROVIDER_EVENT_EVIDENCE
ENKAI.IS,2021-04-13,-0.06733169910002501,0.830985916454954,0.04660690882888452,0.333333,0.0,PROVIDER_EVENT_EVIDENCE
KCHOL.IS,2021-04-14,0.005402505685207615,0.8477166649584913,0.03263594048657259,0.585,0.0,PROVIDER_EVENT_EVIDENCE
LOGO.IS,2021-04-19,-0.04806490071738212,0.8461475810066599,0.0075473027316232955,0.3,0.0,PROVIDER_EVENT_EVIDENCE
SELEC.IS,2021-04-20,-0.05827066405577419,0.9396826720239938,0.016236847115563613,0.17,0.0,PROVIDER_EVENT_EVIDENCE
ECILC.IS,2021-04-26,-0.02201263213580984,0.8859854717985692,0.03583070360426466,0.22,0.0,PROVIDER_EVENT_EVIDENCE
DOAS.IS,2021-04-27,-0.03330919798478471,0.4824317479956767,0.05193532756732244,1.363636,0.0,PROVIDER_EVENT_EVIDENCE
SASA.IS,2021-04-27,0.053103893551274206,1.0,0.0,0.0,1.349397,PROVIDER_EVENT_EVIDENCE
DOHOL.IS,2021-04-28,-0.02380958173434755,0.9108650092227288,0.023955682656808808,0.068782,0.0,PROVIDER_EVENT_EVIDENCE
HEKTS.IS,2021-04-30,0.4411153964189316,1.0,0.0,0.0,2.021346,PROVIDER_EVENT_EVIDENCE
TCELL.IS,2021-04-30,-0.04381445136076789,0.8414490759769956,0.02589779479973764,0.391785,0.0,PROVIDER_EVENT_EVIDENCE
EKGYO.IS,2021-05-05,-0.005464475534834423,0.883145883280878,0.012000301239230016,0.0217,0.0,PROVIDER_EVENT_EVIDENCE
ALARK.IS,2021-05-11,0.016898520430290942,0.9372222178718016,0.013908512135201834,0.138,0.0,PROVIDER_EVENT_EVIDENCE
BIMAS.IS,2021-05-20,-0.040365597323471336,0.8717221456860739,0.03142192417038436,1.0,0.0,PROVIDER_EVENT_EVIDENCE
ULKER.IS,2021-05-25,-0.06854127637322183,0.8801386174565938,0.03684404273706687,0.808771,0.0,PROVIDER_EVENT_EVIDENCE
CCOLA.IS,2021-05-27,-0.010644940392786295,0.9597611246229727,0.002247953629522792,0.179091,0.0,PROVIDER_EVENT_EVIDENCE
AEFES.IS,2021-05-28,-0.06650447242688251,0.8871034193904935,0.08513889641047179,0.19348,0.0,PROVIDER_EVENT_EVIDENCE
AGHOL.IS,2021-05-31,-0.025884460385643626,0.9570486481623713,0.007136465520353852,0.016425,0.0,PROVIDER_EVENT_EVIDENCE
GENTS.IS,2021-05-31,-0.04684268263237268,0.9208856204199914,0.01340202670097157,0.014926,0.0,PROVIDER_EVENT_EVIDENCE
SISE.IS,2021-05-31,-0.022698591706821536,0.9215132805608934,0.021016022950158808,0.163227,0.0,PROVIDER_EVENT_EVIDENCE
LOGO.IS,2021-06-21,-0.027733357747395826,0.846147427694954,-9.939777056988675e-08,0.0,4.0,PROVIDER_EVENT_EVIDENCE
SOKM.IS,2021-07-01,-0.016183950944421932,0.9470095622568905,0.011199372987937384,0.130024,0.0,PROVIDER_EVENT_EVIDENCE
TTKOM.IS,2021-07-01,-0.027108408427407582,0.8651953312475521,0.02759907699773012,0.178336,0.0,PROVIDER_EVENT_EVIDENCE
MTRKS.IS,2021-07-05,-0.005625091293976037,0.9637985439620719,0.009516554916552789,0.058531,0.0,PROVIDER_EVENT_EVIDENCE
DOAS.IS,2021-07-12,-0.10727684271270477,0.5084378541718124,0.053906359944922766,1.363636,0.0,PROVIDER_EVENT_EVIDENCE
MAVI.IS,2021-07-30,-0.011111082854094345,0.8557441552624605,0.011446758115711164,0.038196,0.0,PROVIDER_EVENT_EVIDENCE
TCELL.IS,2021-07-30,-0.008381696487588686,0.8632550094719453,0.025914715567719293,0.391785,0.0,PROVIDER_EVENT_EVIDENCE
VESTL.IS,2021-07-30,-0.07382136923723692,0.8492571177446018,0.07846984044349914,2.345794,0.0,PROVIDER_EVENT_EVIDENCE
GENTS.IS,2021-08-03,-0.019695640880550425,0.9208856768094608,2.58025507626769e-08,0.0,1.300728,PROVIDER_EVENT_EVIDENCE
KONTR.IS,2021-08-27,0.005586863919830876,0.9971241437700673,0.0018575219147760613,0.005489,0.0,PROVIDER_EVENT_EVIDENCE
VESTL.IS,2021-09-30,-0.08996541231103139,0.924280432763638,0.08833988473479737,2.345794,0.0,PROVIDER_EVENT_EVIDENCE
TTKOM.IS,2021-10-01,-0.013351122521815473,0.886298016260599,0.024390661218335996,0.178336,0.0,PROVIDER_EVENT_EVIDENCE
BIZIM.IS,2021-10-08,-0.02114333970908533,0.9845536041259766,0.0257611893526839,0.320708,0.0,PROVIDER_EVENT_EVIDENCE
MTRKS.IS,2021-10-18,-0.01434856034213261,0.963798518236819,-8.397098938406344e-08,0.0,1.374359,PROVIDER_EVENT_EVIDENCE
TCELL.IS,2021-10-27,-0.01780036497899251,0.8853051995497175,0.025543038553468733,0.391785,0.0,PROVIDER_EVENT_EVIDENCE
BIMAS.IS,2021-11-17,-0.01356445435684428,0.8988152231665031,0.031079925722726998,1.0,0.0,PROVIDER_EVENT_EVIDENCE
ASELS.IS,2021-11-19,0.005364827507733816,0.9903335895802988,0.009501112552470659,0.087719,0.0,PROVIDER_EVENT_EVIDENCE
FROTO.IS,2021-11-19,-0.011086474876199959,0.757118387850719,0.016773302633365184,0.372,0.0,PROVIDER_EVENT_EVIDENCE
VESTL.IS,2021-11-30,-0.09489989251616227,1.0,0.08192274327961546,2.345794,0.0,PROVIDER_EVENT_EVIDENCE
ENKAI.IS,2022-01-05,0.014705861216088856,0.84175000907832,0.012953277371895444,0.186667,0.0,PROVIDER_EVENT_EVIDENCE
EREGL.IS,2022-03-22,-0.0683572112921772,0.9655211175663766,0.13980527935002085,2.225,0.0,PROVIDER_EVENT_EVIDENCE
TOASO.IS,2022-03-22,-0.05407083454483763,0.7827734884850779,0.08642801915353515,6.4,0.0,PROVIDER_EVENT_EVIDENCE
FROTO.IS,2022-03-24,-0.05696206084429989,0.7896020950625143,0.04290444996912779,1.3,0.0,PROVIDER_EVENT_EVIDENCE
ARCLK.IS,2022-03-28,-0.03546711529619051,0.9830006826084291,0.03993915038750728,2.219827,0.0,PROVIDER_EVENT_EVIDENCE
OTKAR.IS,2022-03-28,-0.044891697018901056,0.9863013589737996,0.04829612851459997,4.166666,0.0,PROVIDER_EVENT_EVIDENCE
TTRAK.IS,2022-03-28,-0.12656832349447644,0.7948908197000109,0.09047710242131157,11.991979,0.0,PROVIDER_EVENT_EVIDENCE
ISCTR.IS,2022-03-29,-0.008197218381869598,0.8555293266214854,0.03631752951147371,0.053872,0.0,PROVIDER_EVENT_EVIDENCE
AKBNK.IS,2022-03-30,-0.004087221959766851,0.8240378244718702,0.032784531675317474,0.233,0.0,PROVIDER_EVENT_EVIDENCE
CIMSA.IS,2022-03-31,-0.05543235424914372,0.9116438541985692,0.042791379952692,0.211508,0.0,PROVIDER_EVENT_EVIDENCE
SAHOL.IS,2022-04-01,-0.026210775183469592,0.8781543517124062,0.044643115745002904,0.75,0.0,PROVIDER_EVENT_EVIDENCE
KORDS.IS,2022-04-04,0.007847216460803441,0.9958583800004056,0.023596191170625724,0.043292,0.0,PROVIDER_EVENT_EVIDENCE
KCHOL.IS,2022-04-07,-0.011557766163078687,0.8673743023802101,0.023188873189774473,0.902,0.0,PROVIDER_EVENT_EVIDENCE
DOAS.IS,2022-04-08,-0.10618845849636116,0.5525976527996367,0.08685381025666428,5.681818,0.0,PROVIDER_EVENT_EVIDENCE
ENKAI.IS,2022-04-13,-0.04115475765251764,0.8684214901642686,0.031685627784271864,0.466667,0.0,PROVIDER_EVENT_EVIDENCE
YKBNK.IS,2022-04-13,-0.02895745627435331,0.8786021941144267,0.023388551054466244,0.118384,0.0,PROVIDER_EVENT_EVIDENCE
SELEC.IS,2022-04-18,-0.04816514664492566,0.9770310792889435,0.03974570821699985,0.5,0.0,PROVIDER_EVENT_EVIDENCE
EKGYO.IS,2022-04-25,-0.05154642300452461,0.9154541800521566,0.03658317838756742,0.1027,0.0,PROVIDER_EVENT_EVIDENCE
TKFEN.IS,2022-04-26,-0.0756521639616593,0.9088156378901351,0.031101175606065068,0.69375,0.0,PROVIDER_EVENT_EVIDENCE
CLEBI.IS,2022-04-27,-0.0308454147572359,0.8476081053728205,0.026382665638462477,6.75,0.0,PROVIDER_EVENT_EVIDENCE
TTKOM.IS,2022-04-28,-0.17269073505770416,1.0,0.1282887211411654,1.41559,0.0,PROVIDER_EVENT_EVIDENCE
TURSG.IS,2022-04-29,-0.129032783618811,0.9358663389908364,0.08401332254988225,0.026511,0.0,PROVIDER_EVENT_EVIDENCE
SASA.IS,2022-05-05,0.07374990403393444,1.0,0.0,0.0,2.0,PROVIDER_EVENT_EVIDENCE
ALARK.IS,2022-05-06,-0.008100122039413571,0.9452267397812242,0.0085408083341878,0.23,0.0,PROVIDER_EVENT_EVIDENCE
LOGO.IS,2022-05-16,-0.016736429870799485,0.8642276171281172,0.021367510576218107,0.9,0.0,PROVIDER_EVENT_EVIDENCE
MAVI.IS,2022-05-16,-0.018136634589722478,0.8557442129682138,5.4413914707396316e-08,0.0,2.0,PROVIDER_EVENT_EVIDENCE
CCOLA.IS,2022-05-18,-0.030976977590244537,0.9613993910492443,0.0017069830601712521,0.214545,0.0,PROVIDER_EVENT_EVIDENCE
AEFES.IS,2022-05-20,-0.09060844438575089,0.945060209794478,0.06533269103691675,0.18545,0.0,PROVIDER_EVENT_EVIDENCE
MTRKS.IS,2022-05-23,-0.005516508633646278,0.9701525914944805,0.006592647433941945,0.069652,0.0,PROVIDER_EVENT_EVIDENCE
ECILC.IS,2022-05-24,0.0166666501098216,0.9137795382535762,0.031370923745736246,0.292,0.0,PROVIDER_EVENT_EVIDENCE
AGHOL.IS,2022-05-25,0.001700624530959871,0.9637789278179977,0.007032338757272605,0.024637,0.0,PROVIDER_EVENT_EVIDENCE
GARAN.IS,2022-05-25,-0.024470892087272045,0.8235776222358315,0.02101921251864569,0.311269,0.0,PROVIDER_EVENT_EVIDENCE
GENTS.IS,2022-05-31,-0.03679643835448565,0.9464944956919924,0.027808949292888796,0.037374,0.0,PROVIDER_EVENT_EVIDENCE
SISE.IS,2022-05-31,-0.0037986669389725725,0.9397217816491239,0.019759296822916328,0.408068,0.0,PROVIDER_EVENT_EVIDENCE
DOHOL.IS,2022-06-02,-0.03750002384185791,0.9405151823097125,0.03255159836677568,0.126102,0.0,PROVIDER_EVENT_EVIDENCE
ENKAI.IS,2022-06-06,0.0242463239326427,0.868421500614763,-1.629526391599967e-08,0.0,1.0714285,PROVIDER_EVENT_EVIDENCE
ISCTR.IS,2022-06-14,-0.046786911267131304,0.8555293274416624,-1.9293307951251393e-08,0.0,2.2221771,PROVIDER_EVENT_EVIDENCE
BIMAS.IS,2022-06-15,-0.0005977651027578856,0.9152270214907089,0.018259223977477035,0.75,0.0,PROVIDER_EVENT_EVIDENCE
KRDMD.IS,2022-06-28,-0.045307401415650816,0.9607247019505145,0.036790546516838996,0.438596,0.0,PROVIDER_EVENT_EVIDENCE
KONTR.IS,2022-07-05,-0.009247094151535462,0.9983055655822117,0.00118480052169323,0.009878,0.0,PROVIDER_EVENT_EVIDENCE
TCELL.IS,2022-07-26,-0.03487068702416185,0.9147177290724617,0.033223265589972906,0.571715,0.0,PROVIDER_EVENT_EVIDENCE
MAVI.IS,2022-08-16,-0.017503713088302453,0.8718353970322543,0.018803784717116523,0.151576,0.0,PROVIDER_EVENT_EVIDENCE
KONTR.IS,2022-09-01,0.07985234578400902,0.9983055498897218,-8.613289848025119e-08,0.0,5.2545154,PROVIDER_EVENT_EVIDENCE
HEKTS.IS,2022-10-12,0.2932718367723963,1.0,0.0,0.0,1.4418604,PROVIDER_EVENT_EVIDENCE
DOAS.IS,2022-11-14,0.06872852233676974,0.5685840864273513,0.02892966433396138,4.090909,0.0,PROVIDER_EVENT_EVIDENCE
ASELS.IS,2022-11-16,-0.03159939855000704,0.9952142976078574,0.004928309022554034,0.100877,0.0,PROVIDER_EVENT_EVIDENCE
KRDMD.IS,2022-11-28,-0.03441290726784785,0.9900244736414356,0.030497569710528083,0.438596,0.0,PROVIDER_EVENT_EVIDENCE
DOHOL.IS,2022-11-30,0.06861498979738112,0.953994568705602,0.0143318336741447,0.111199,0.0,PROVIDER_EVENT_EVIDENCE
FROTO.IS,2022-11-30,0.0024786076544416336,0.7998753642675631,0.013010700625022853,0.57,0.0,PROVIDER_EVENT_EVIDENCE
KCAER.IS,2022-12-06,-0.03598031181453809,0.9636567861306182,-1.1386901421772677e-09,0.0,2.8161456,PROVIDER_EVENT_EVIDENCE
BIMAS.IS,2022-12-14,-0.03912714211478785,0.9256748788109185,0.011415579142258991,0.75,0.0,PROVIDER_EVENT_EVIDENCE
TTRAK.IS,2023-03-10,-0.09853660769578887,0.8492256350139676,0.06835509468340661,20.985966,0.0,PROVIDER_EVENT_EVIDENCE
TUPRS.IS,2023-03-10,-0.08575895647647669,0.6938029846707552,0.07650447842181785,6.487455,0.0,PROVIDER_EVENT_EVIDENCE
FROTO.IS,2023-03-13,-0.01154470056053103,0.8188486328900821,0.0237203956404215,1.425,0.0,PROVIDER_EVENT_EVIDENCE
YKBNK.IS,2023-03-20,-0.08622224595811634,0.9583859377193138,0.09080760739533722,0.93654,0.0,PROVIDER_EVENT_EVIDENCE
TOASO.IS,2023-03-21,-0.022950802995858943,0.8093082366651798,0.03389841013477146,6.0,0.0,PROVIDER_EVENT_EVIDENCE
KCHOL.IS,2023-03-27,-0.030437559572897066,0.8868662038666112,0.022472402010470294,1.733,0.0,PROVIDER_EVENT_EVIDENCE
KORDS.IS,2023-03-29,0.04876346046679347,1.0,0.004158827504837204,0.015423,0.0,PROVIDER_EVENT_EVIDENCE
AKBNK.IS,2023-03-30,-0.10455758152688321,0.9082922834616891,0.1022459252250707,1.73,0.0,PROVIDER_EVENT_EVIDENCE
CIMSA.IS,2023-04-03,-0.04975929546686819,0.9414760333740918,0.03272345120797904,0.423016,0.0,PROVIDER_EVENT_EVIDENCE
ISCTR.IS,2023-04-03,-0.06013883240157991,0.921081102119725,0.07662124512728763,0.369221,0.0,PROVIDER_EVENT_EVIDENCE
SAHOL.IS,2023-04-03,-0.03690603762606648,0.9187988088532218,0.04628404966902866,1.75,0.0,PROVIDER_EVENT_EVIDENCE
GESAN.IS,2023-04-04,-0.03790952465139541,1.0,0.0,0.0,4.0,PROVIDER_EVENT_EVIDENCE
TUPRS.IS,2023-04-04,0.017629389747380486,0.6938030721771381,2.1134449967874502e-07,0.0,7.0,PROVIDER_EVENT_EVIDENCE
DOAS.IS,2023-04-06,-0.07282280158017829,0.6102325192347229,0.07324950741775482,9.090909,0.0,PROVIDER_EVENT_EVIDENCE
SKBNK.IS,2023-04-10,0.0,0.9760342411208469,0.01852322209721291,0.045284,0.0,PROVIDER_EVENT_EVIDENCE
EKGYO.IS,2023-04-12,-0.038461566172910966,0.946528434753418,0.033944040323196534,0.239,0.0,PROVIDER_EVENT_EVIDENCE
ENKAI.IS,2023-04-12,-0.017489111970179105,0.8783886359364864,0.011477326584554248,0.363333,0.0,PROVIDER_EVENT_EVIDENCE
TKFEN.IS,2023-04-12,-0.04395005168366206,0.9449337001533348,0.039741834724950076,1.408895,0.0,PROVIDER_EVENT_EVIDENCE
GARAN.IS,2023-04-14,-0.07196194832884917,0.8864543644866476,0.07634576996263798,2.089613,0.0,PROVIDER_EVENT_EVIDENCE
CLEBI.IS,2023-04-17,-0.1297994674614994,0.9134055697855726,0.07762724690233913,42.4,0.0,PROVIDER_EVENT_EVIDENCE
SELEC.IS,2023-04-18,0.020710082211242264,0.9843114217122396,0.007451569242379108,0.25,0.0,PROVIDER_EVENT_EVIDENCE
ECILC.IS,2023-04-25,-0.02402746494810326,0.9246232231666169,0.011866901258858586,0.41,0.0,PROVIDER_EVENT_EVIDENCE
ASTOR.IS,2023-05-02,-0.07980651289228557,0.9731171615845113,0.010776549796115642,0.529033,0.0,PROVIDER_EVENT_EVIDENCE
ALFAS.IS,2023-05-03,-0.11005056390690782,0.9829108301397378,0.011357162559217926,0.5,0.0,PROVIDER_EVENT_EVIDENCE
CANTE.IS,2023-05-05,0.06337883938442213,1.0,0.0,0.0,2.5,PROVIDER_EVENT_EVIDENCE
DOHOL.IS,2023-05-08,0.07358258859881772,0.9624236230067402,0.008835332300898946,0.072604,0.0,PROVIDER_EVENT_EVIDENCE
MAVI.IS,2023-05-10,-0.023020258150332706,0.9079895006298745,0.041468984426872524,0.540527,0.0,PROVIDER_EVENT_EVIDENCE
TKFEN.IS,2023-05-10,-0.07183908006602824,0.99530285876423,0.05330439742461168,1.408895,0.0,PROVIDER_EVENT_EVIDENCE
MAVI.IS,2023-05-16,0.017241335211255704,0.9079895711489911,7.472671015307242e-08,0.0,2.0,PROVIDER_EVENT_EVIDENCE
OTKAR.IS,2023-05-16,0.030763387474703308,0.9863013866885159,1.7059189838519728e-08,0.0,5.0,PROVIDER_EVENT_EVIDENCE
CCOLA.IS,2023-05-22,-0.016862757065716938,0.9624109739118526,0.0010521968279177951,0.268045,0.0,PROVIDER_EVENT_EVIDENCE
AEFES.IS,2023-05-23,-0.027049847581399722,0.9623997129862931,0.018347503958560107,0.10657,0.0,PROVIDER_EVENT_EVIDENCE
SASA.IS,2023-05-23,0.0997054408369682,1.0,0.0,0.0,2.3291758000000002,PROVIDER_EVENT_EVIDENCE
AGHOL.IS,2023-05-24,0.0,0.9724123155748522,0.008957844280835126,0.082124,0.0,PROVIDER_EVENT_EVIDENCE
LOGO.IS,2023-05-24,-0.08708489214506687,0.8888260901241511,0.02846296904366996,1.5,0.0,PROVIDER_EVENT_EVIDENCE
KCAER.IS,2023-05-29,0.054252162114464486,0.9778902549588836,0.014770294931266692,0.078851,0.0,PROVIDER_EVENT_EVIDENCE
TRGYO.IS,2023-05-29,0.06272274634281527,0.8583689367484298,0.014461285736726559,0.2,0.0,PROVIDER_EVENT_EVIDENCE
MGROS.IS,2023-05-30,-0.0005737584725453715,0.9519384925384783,0.015183801015834941,2.606954,0.0,PROVIDER_EVENT_EVIDENCE
ALARK.IS,2023-05-31,0.015742175409282133,0.949926397457334,0.004972009587236981,0.33,0.0,PROVIDER_EVENT_EVIDENCE
GENTS.IS,2023-05-31,-0.0140843992782278,0.9675965773560438,0.022294995570742326,0.037037,0.0,PROVIDER_EVENT_EVIDENCE
SISE.IS,2023-05-31,-0.04224012351870432,0.955262467424792,0.01653741304558043,0.685554,0.0,PROVIDER_EVENT_EVIDENCE
ALARK.IS,2023-06-01,-0.011070110701106972,0.9598437636645872,0.010440141713925488,0.7,0.0,PROVIDER_EVENT_EVIDENCE
TTRAK.IS,2023-06-06,0.007831843869128274,0.849225616479242,-5.645381839780583e-08,0.0,1.875,PROVIDER_EVENT_EVIDENCE
BIMAS.IS,2023-06-14,-0.025981891551406733,0.9369980490142226,0.012232368206735567,1.0,0.0,PROVIDER_EVENT_EVIDENCE
DOHOL.IS,2023-06-16,-0.054470684265764846,0.98111123584895,0.019417305039315602,0.185331,0.0,PROVIDER_EVENT_EVIDENCE
SDTTR.IS,2023-06-16,0.019366179299339814,0.9875411338982275,0.003419711805219716,0.035195,0.0,PROVIDER_EVENT_EVIDENCE
GENTS.IS,2023-06-20,-0.044400634125563054,0.9675965442852353,-9.026340852535952e-08,0.0,1.3378387,PROVIDER_EVENT_EVIDENCE
KRDMD.IS,2023-06-21,-0.01643552676474569,0.9956315241409087,0.005663642315511197,0.109649,0.0,PROVIDER_EVENT_EVIDENCE
KONTR.IS,2023-07-12,-0.03331422239534676,0.9987777570084537,0.000472977557748111,0.023842,0.0,PROVIDER_EVENT_EVIDENCE
SOKM.IS,2023-08-22,0.022966521778745586,0.9562639433606319,0.009772191894868776,0.505655,0.0,PROVIDER_EVENT_EVIDENCE
DOAS.IS,2023-08-24,-0.13109756097560976,0.6321329217208059,0.03588862460212128,11.363636,0.0,PROVIDER_EVENT_EVIDENCE
ALARK.IS,2023-08-25,0.06666664024452107,0.9627611225366252,0.003039418901393587,0.35,0.0,PROVIDER_EVENT_EVIDENCE
ASELS.IS,2023-08-25,0.021081048089104826,0.9952143621640178,1.5839158939989773e-07,0.0,2.0,PROVIDER_EVENT_EVIDENCE
ALFAS.IS,2023-08-29,0.09935153498437188,0.982910736079838,-1.2465911380932226e-07,0.0,8.0,PROVIDER_EVENT_EVIDENCE
TURSG.IS,2023-09-04,-0.005978958013519664,0.9405737660641997,0.005029914332840502,0.007778,0.0,PROVIDER_EVENT_EVIDENCE
AEFES.IS,2023-09-18,-0.0459329713873059,0.9723155144824098,0.010303241423727183,0.10657,0.0,PROVIDER_EVENT_EVIDENCE
ARCLK.IS,2023-09-25,0.0031908105279998544,1.0,0.017293257586961763,2.663793,0.0,PROVIDER_EVENT_EVIDENCE
CIMSA.IS,2023-09-29,-0.021226450318158285,0.9414761095161898,1.393788258141626e-07,0.0,7.0,PROVIDER_EVENT_EVIDENCE
MTRKS.IS,2023-09-29,-0.07763257273590218,0.9757496118545532,0.005769250273274018,0.099502,0.0,PROVIDER_EVENT_EVIDENCE
TUPRS.IS,2023-09-29,-0.030487804878048808,0.7639099217060977,0.10104738220193976,15.050896,0.0,PROVIDER_EVENT_EVIDENCE
BIZIM.IS,2023-10-09,-0.04170528207935853,1.0,0.01568878389194639,0.833333,0.0,PROVIDER_EVENT_EVIDENCE
PLTUR.IS,2023-10-10,0.012539173144626492,0.910167951794508,0.004528858625319376,0.07191,0.0,PROVIDER_EVENT_EVIDENCE
SDTTR.IS,2023-10-27,-0.01884420372127804,0.9887432849070493,0.0012174051158291288,0.035195,0.0,PROVIDER_EVENT_EVIDENCE
FROTO.IS,2023-10-30,-0.04110715902290907,0.8485944333630849,0.03632628515284275,2.976,0.0,PROVIDER_EVENT_EVIDENCE
ONCSM.IS,2023-11-08,0.005970149253731405,1.0,0.002483359264634055,0.414928,0.0,PROVIDER_EVENT_EVIDENCE
ALARK.IS,2023-11-15,0.014763779749288775,0.9649456326081659,0.0022690079488425496,0.23,0.0,PROVIDER_EVENT_EVIDENCE
MIATK.IS,2023-11-20,-0.09053498418289951,1.0,0.0,0.0,13.0,PROVIDER_EVENT_EVIDENCE
ASELS.IS,2023-11-22,-0.005596175778231904,0.9970968668042325,0.0018916984416761373,0.087719,0.0,PROVIDER_EVENT_EVIDENCE
DOAS.IS,2023-11-24,-0.03389830508474578,0.6459567123918738,0.021868623567238954,5.681818,0.0,PROVIDER_EVENT_EVIDENCE
SDTTR.IS,2023-11-24,0.005591091148259064,0.989967794501268,0.0012383888256015663,0.035195,0.0,PROVIDER_EVENT_EVIDENCE
KRDMD.IS,2023-11-28,-0.012748991631906903,1.0,0.00438767984560684,0.109649,0.0,PROVIDER_EVENT_EVIDENCE
BIMAS.IS,2023-12-20,-0.004095004095004073,0.9462983984696237,0.009925823894446406,1.5,0.0,PROVIDER_EVENT_EVIDENCE
TCELL.IS,2023-12-20,-0.011926633502365225,0.9322907155012158,0.01921123257506463,1.027273,0.0,PROVIDER_EVENT_EVIDENCE
ENKAI.IS,2024-01-03,-0.036950099059078534,0.891459898808302,0.014880780400580162,0.5,0.0,PROVIDER_EVENT_EVIDENCE
MTRKS.IS,2024-01-17,0.03590908839682916,0.9757496192782812,-7.067626173196118e-08,0.0,1.5,PROVIDER_EVENT_EVIDENCE
ISCTR.IS,2024-02-27,-0.025645470899580913,0.9210811029563563,-1.7747104785748036e-08,0.0,2.4999751,PROVIDER_EVENT_EVIDENCE
MAVI.IS,2024-03-19,-0.011213800386462025,0.9079895999998371,-6.948680519869299e-09,0.0,2.0,PROVIDER_EVENT_EVIDENCE
AKBNK.IS,2024-03-26,-0.03739133088485058,0.9478011905163936,0.04349802247832235,1.9175,0.0,PROVIDER_EVENT_EVIDENCE
GARAN.IS,2024-03-29,-0.04195804195804198,0.9268873451399977,0.04561193565345523,3.11899,0.0,PROVIDER_EVENT_EVIDENCE
ISCTR.IS,2024-04-01,0.010535547141526713,0.9450651290774548,0.026039035579758174,0.289058,0.0,PROVIDER_EVENT_EVIDENCE
TTRAK.IS,2024-04-01,-0.0668016194331984,0.9070235312372898,0.06805947015998148,62.957897,0.0,PROVIDER_EVENT_EVIDENCE
OTKAR.IS,2024-04-03,0.05022831050228316,1.0,0.01388888888888884,6.0,0.0,PROVIDER_EVENT_EVIDENCE
TUPRS.IS,2024-04-03,-0.07394766652064633,0.8118443254879603,0.06274878181659105,10.379928,0.0,PROVIDER_EVENT_EVIDENCE
YKBNK.IS,2024-04-03,-0.05031016432774371,1.0,0.043420970426810035,1.20764,0.0,PROVIDER_EVENT_EVIDENCE
TOASO.IS,2024-04-04,-0.08090909090909093,0.8727833552601075,0.07843130914250751,20.0,0.0,PROVIDER_EVENT_EVIDENCE
FROTO.IS,2024-04-08,-0.04265795334328015,0.8798473624195237,0.03682903430812812,4.33,0.0,PROVIDER_EVENT_EVIDENCE
EREGL.IS,2024-04-16,-0.019361065899542007,0.9773476462932148,0.012248854227511874,0.25,0.0,PROVIDER_EVENT_EVIDENCE
SELEC.IS,2024-04-18,0.018918905172262024,0.9887653622515498,0.004524930261971649,0.25,0.0,PROVIDER_EVENT_EVIDENCE
DOAS.IS,2024-04-19,-0.15048231511254018,0.7219266927576173,0.11760858343573255,40.909092,0.0,PROVIDER_EVENT_EVIDENCE
CLEBI.IS,2024-04-24,-0.022687609075043635,0.9481547037760417,0.038043494401335476,63.0,0.0,PROVIDER_EVENT_EVIDENCE
KCHOL.IS,2024-04-24,-0.01851851851851849,0.920976458855395,0.038461583722186665,8.0,0.0,PROVIDER_EVENT_EVIDENCE
CIMSA.IS,2024-04-29,-0.019405682187133233,0.9726656417862456,0.03312841716091719,1.05754,0.0,PROVIDER_EVENT_EVIDENCE
SAHOL.IS,2024-05-02,0.004333628204324924,0.9490596750355175,0.03293528229996112,2.943,0.0,PROVIDER_EVENT_EVIDENCE
MAVI.IS,2024-05-06,-0.015544041450777257,0.9284536261307565,0.022537753234668445,1.063476,0.0,PROVIDER_EVENT_EVIDENCE
SKBNK.IS,2024-05-13,-0.04809614872274526,0.985775395443565,0.009980282825077014,0.04931,0.0,PROVIDER_EVENT_EVIDENCE
ENKAI.IS,2024-05-14,-0.06120333315097448,0.9213266125815668,0.03350315189895503,1.25,0.0,PROVIDER_EVENT_EVIDENCE
PGSUS.IS,2024-05-14,0.014313600336735233,1.0,0.0,0.0,4.8875995,PROVIDER_EVENT_EVIDENCE
CCOLA.IS,2024-05-27,-0.010132995566814462,0.9632831556401952,0.0009062171177895983,0.714782,0.0,PROVIDER_EVENT_EVIDENCE
MGROS.IS,2024-05-27,0.011827956989247213,0.9662851785625333,0.01507095512084522,6.904009,0.0,PROVIDER_EVENT_EVIDENCE
AEFES.IS,2024-05-28,-0.0072150802921261414,0.9834317564685365,0.011432804084595682,0.235,0.0,PROVIDER_EVENT_EVIDENCE
AGHOL.IS,2024-05-29,-0.010339689509548222,0.9807402197994403,0.008564127850691827,0.287434,0.0,PROVIDER_EVENT_EVIDENCE
ALARK.IS,2024-05-30,0.02339183895692587,0.9728175571986607,0.008157953199339207,0.9686,0.0,PROVIDER_EVENT_EVIDENCE
GENTS.IS,2024-05-31,-0.0331361607048386,0.9870654998163345,0.020120897083590217,0.066667,0.0,PROVIDER_EVENT_EVIDENCE
SISE.IS,2024-05-31,-0.06654136963835167,0.9683350167624681,0.01368474502164796,0.7182,0.0,PROVIDER_EVENT_EVIDENCE
ECILC.IS,2024-06-05,-0.05876952650324818,0.9451049060356326,0.022151337009792105,1.18,0.0,PROVIDER_EVENT_EVIDENCE
LOGO.IS,2024-06-12,-0.01677266627447427,0.9319468778722426,0.04851421821211854,4.0,0.0,PROVIDER_EVENT_EVIDENCE
CANTE.IS,2024-06-26,-0.028416862810775823,1.0,0.0,0.0,7.4617566,PROVIDER_EVENT_EVIDENCE
KBORU.IS,2024-06-26,-0.033232628398791486,0.9834370613098145,0.001063507855906698,0.087915,0.0,PROVIDER_EVENT_EVIDENCE
KCAER.IS,2024-07-01,-0.07678574675091909,0.9825038433135633,0.004717890145324644,0.104439,0.0,PROVIDER_EVENT_EVIDENCE
SOKM.IS,2024-07-01,-0.03489295463220721,0.982529877198717,0.02746721848076117,1.685516,0.0,PROVIDER_EVENT_EVIDENCE
DOHOL.IS,2024-07-08,-0.02378045114146099,0.9841115240191898,0.0030580872106464874,0.05,0.0,PROVIDER_EVENT_EVIDENCE
TABGD.IS,2024-07-08,0.0020986037968284688,0.9624663347973249,0.002950365760019169,0.560675,0.0,PROVIDER_EVENT_EVIDENCE
BIMAS.IS,2024-07-17,0.017933390264730953,0.9495417447698197,0.0034276861479414222,1.0,0.0,PROVIDER_EVENT_EVIDENCE
KONTR.IS,2024-07-19,0.14078169057676093,0.9987777230985496,3.4288158090589604e-08,0.0,2.25,PROVIDER_EVENT_EVIDENCE
TERA.IS,2024-07-22,-0.033070887953366546,1.0,0.0,0.0,3.0,PROVIDER_EVENT_EVIDENCE
TRGYO.IS,2024-07-22,-0.024747910045870736,0.8970119232950436,0.045019102200950956,2.35,0.0,PROVIDER_EVENT_EVIDENCE
ASTOR.IS,2024-07-31,-0.042783520885349535,0.9865472038494548,0.013801055607808532,1.320483,0.0,PROVIDER_EVENT_EVIDENCE
CCOLA.IS,2024-08-01,-0.907479044957082,0.9632831005199836,3.7302321231891256e-09,0.0,0.0,KNOWN_CONTROLLED_EARLY_ADJUSTMENT
TURSG.IS,2024-08-06,-0.015500982947071362,0.9405737366286757,1.3189110692479744e-08,0.0,4.3046918,PROVIDER_EVENT_EVIDENCE
SASA.IS,2024-08-12,0.009107503245793236,1.0,0.0,0.0,8.0,PROVIDER_EVENT_EVIDENCE
CCOLA.IS,2024-08-13,0.0030901005656576164,0.9632831942201862,1.3105510143773813e-07,0.0,11.0,PROVIDER_EVENT_EVIDENCE
SDTTR.IS,2024-08-13,-0.019776466610886168,0.9928421486584228,0.002903544621409626,0.076524,0.0,PROVIDER_EVENT_EVIDENCE
ALFAS.IS,2024-08-14,-0.012520867794568846,0.9964724853600113,0.0137974141260504,0.815217,0.0,PROVIDER_EVENT_EVIDENCE
MTRKS.IS,2024-08-27,0.004034093750761469,0.9867519098232818,0.01127575972056949,0.199005,0.0,PROVIDER_EVENT_EVIDENCE
CWENE.IS,2024-08-29,0.024378460710941185,1.0,0.003750628317475524,0.087953,0.0,PROVIDER_EVENT_EVIDENCE
TURSG.IS,2024-08-29,0.007205776960541366,0.9558800541517203,0.01627331994603809,0.05,0.0,PROVIDER_EVENT_EVIDENCE
DOAS.IS,2024-09-02,-0.02632679887762135,0.7534106995414767,0.043611055142927846,10.0,0.0,PROVIDER_EVENT_EVIDENCE
KONTR.IS,2024-09-05,0.0009989857706835803,0.9992537355481218,0.000476545493310665,0.023842,0.0,PROVIDER_EVENT_EVIDENCE
HEKTS.IS,2024-09-09,-0.6484668550335595,1.0,0.0,0.0,0.0,KNOWN_CONTROLLED_EARLY_ADJUSTMENT
PLTUR.IS,2024-09-10,-0.05455907994520581,0.9122084338586508,0.002241805523558016,0.059857,0.0,PROVIDER_EVENT_EVIDENCE
TUPRS.IS,2024-09-27,-0.06705878762637862,0.8731547304649505,0.07551979055030511,11.936917,0.0,PROVIDER_EVENT_EVIDENCE
SOKM.IS,2024-10-01,-0.01990055691889503,1.0,0.01778074243316019,0.842758,0.0,PROVIDER_EVENT_EVIDENCE
BIMAS.IS,2024-10-02,-0.03619441571871773,0.9574628838142101,0.008341951958505733,2.0,0.0,PROVIDER_EVENT_EVIDENCE
EUPWR.IS,2024-10-08,-0.03517242957805766,1.0,0.0,0.0,3.0,PROVIDER_EVENT_EVIDENCE
PASEU.IS,2024-10-09,-0.017777760823567745,1.0,0.0,0.0,4.0,PROVIDER_EVENT_EVIDENCE
GOKNR.IS,2024-10-15,0.037930997061532246,0.9705503944401738,0.013100512345506132,0.3,0.0,PROVIDER_EVENT_EVIDENCE
TTRAK.IS,2024-11-08,-0.015894039735099286,0.9406398193030787,0.03706224862257357,26.981956,0.0,PROVIDER_EVENT_EVIDENCE
MGROS.IS,2024-11-13,0.0033185840707965486,0.9724644636766124,0.006394760644524045,2.872068,0.0,PROVIDER_EVENT_EVIDENCE
FROTO.IS,2024-11-22,-0.015732532174365543,0.892350842095387,0.014210938407123841,1.425,0.0,PROVIDER_EVENT_EVIDENCE
ASELS.IS,2024-11-25,0.007299270072992803,0.9987275496773098,0.0016354772921871596,0.111842,0.0,PROVIDER_EVENT_EVIDENCE
SDTTR.IS,2024-11-25,-0.02873078728691003,0.9964390009750299,0.003622797776215325,0.076524,0.0,PROVIDER_EVENT_EVIDENCE
EREGL.IS,2024-11-27,-0.013971995400434367,0.9773476487951966,-5.503668776274395e-08,0.0,2.0,PROVIDER_EVENT_EVIDENCE
KCAER.IS,2024-11-28,-0.13674027013909285,0.9825038476987489,-6.690489473548666e-08,0.0,2.5178407000000003,PROVIDER_EVENT_EVIDENCE
MTRKS.IS,2024-11-28,0.0433794898337847,0.9867518872763933,-4.6714866974717495e-08,0.0,2.5,PROVIDER_EVENT_EVIDENCE
BSOKE.IS,2024-12-02,-0.7422039826711019,1.0,0.0,0.0,0.0,KNOWN_CONTROLLED_EARLY_ADJUSTMENT
CWENE.IS,2024-12-04,-0.031373300658085745,1.0,0.0,0.0,8.080808,PROVIDER_EVENT_EVIDENCE
OYAKC.IS,2024-12-05,0.0446815176803661,0.9541284629866871,6.630553994746435e-08,0.0,3.9,PROVIDER_EVENT_EVIDENCE
TCELL.IS,2024-12-05,-0.021242697478345396,0.9614263117652879,0.03125156577819066,2.853181,0.0,PROVIDER_EVENT_EVIDENCE
FORTE.IS,2024-12-11,-0.02832861148983923,1.0,0.0021342920344238347,0.112768,0.0,PROVIDER_EVENT_EVIDENCE
BIMAS.IS,2024-12-18,-0.022179363548698205,0.9649068316999507,0.007774569545166976,2.0,0.0,PROVIDER_EVENT_EVIDENCE
SDTTR.IS,2024-12-23,-0.009319655836084295,0.999051421500935,0.002621829559597444,0.051016,0.0,PROVIDER_EVENT_EVIDENCE
KBORU.IS,2025-01-02,-0.830653813107604,0.9834370665459484,-3.365220546669434e-08,0.0,0.0,KNOWN_CONTROLLED_EARLY_ADJUSTMENT
CVKMD.IS,2025-02-06,0.05949367482146806,1.0,0.0,0.0,33.3333,PROVIDER_EVENT_EVIDENCE
AKBNK.IS,2025-03-26,-0.03660712923322407,0.9689449707123882,0.022308253969767655,1.222,0.0,PROVIDER_EVENT_EVIDENCE
ANSGR.IS,2025-03-28,-0.06860289012319276,0.9495597757318969,0.04391005994812902,1.05,0.0,PROVIDER_EVENT_EVIDENCE
GARAN.IS,2025-03-28,-0.04142972004336176,0.9611586231296345,0.03697465895868812,4.389285,0.0,PROVIDER_EVENT_EVIDENCE
ISCTR.IS,2025-03-28,-0.01919998168945314,0.9590340881776902,0.01478083881563319,0.18207,0.0,PROVIDER_EVENT_EVIDENCE
TUPRS.IS,2025-03-28,-0.029535844151747037,0.9237254598866338,0.057917214886919144,7.784946,0.0,PROVIDER_EVENT_EVIDENCE
CIMSA.IS,2025-04-02,-0.08116505446943267,0.9847991729555697,0.012474575148262446,0.634524,0.0,PROVIDER_EVENT_EVIDENCE
SAHOL.IS,2025-04-02,-0.05116005824663539,0.984188354874853,0.03701416660355883,3.0,0.0,PROVIDER_EVENT_EVIDENCE
TTRAK.IS,2025-04-02,-0.050214329454990825,1.0,0.0631061784918483,48.467587,0.0,PROVIDER_EVENT_EVIDENCE
FROTO.IS,2025-04-03,0.033621518264191685,0.907253859668914,0.016700836511572836,1.71,0.0,PROVIDER_EVENT_EVIDENCE
TOASO.IS,2025-04-03,-0.059250929046201994,0.9355358332663174,0.07189930707385184,12.0,0.0,PROVIDER_EVENT_EVIDENCE
TUREX.IS,2025-04-03,0.07450978896197147,1.0,0.0,0.0,10.0,PROVIDER_EVENT_EVIDENCE
KCHOL.IS,2025-04-10,-0.031108249882196848,0.9639578216450669,0.04666942376754313,6.88,0.0,PROVIDER_EVENT_EVIDENCE
ENKAI.IS,2025-04-16,-0.03281247615814209,0.9510468354837585,0.03225811405084,2.0,0.0,PROVIDER_EVENT_EVIDENCE
ALARK.IS,2025-04-17,0.02875065296528989,1.0,0.027942033653133747,2.6,0.0,PROVIDER_EVENT_EVIDENCE
SELEC.IS,2025-04-17,0.03727204309682275,0.9950783406977209,0.006384701945065574,0.4,0.0,PROVIDER_EVENT_EVIDENCE
CLEBI.IS,2025-04-24,-0.0035149384885764245,1.0,0.05468025949953659,147.5,0.0,PROVIDER_EVENT_EVIDENCE
MAVI.IS,2025-04-24,0.01292302058293271,0.9284535642855322,-3.001567772109581e-08,0.0,2.0,PROVIDER_EVENT_EVIDENCE
FROTO.IS,2025-05-07,-0.005698005698005715,0.9072538446901862,-2.031984625006089e-08,0.0,10.0,PROVIDER_EVENT_EVIDENCE
ECILC.IS,2025-05-14,-0.05024115925096695,0.9795782927090123,0.03647578801620521,1.75116,0.0,PROVIDER_EVENT_EVIDENCE
GENTS.IS,2025-05-14,0.07574390791065988,0.9937862280590698,0.006808882645655601,0.06,0.0,PROVIDER_EVENT_EVIDENCE
DOAS.IS,2025-05-20,-0.14596949891067534,0.8550169808523995,0.13486181139872144,27.272726,0.0,PROVIDER_EVENT_EVIDENCE
CCOLA.IS,2025-05-26,-0.00774446300216447,0.9837037621474848,0.021199008471643133,1.0722,0.0,PROVIDER_EVENT_EVIDENCE
MAVI.IS,2025-05-26,-0.03549940570370658,0.9623866820190575,0.036547956156400385,1.17202,0.0,PROVIDER_EVENT_EVIDENCE
AEFES.IS,2025-05-27,-0.03348649314093366,0.9917275881194728,0.008435675903749829,0.1274,0.0,PROVIDER_EVENT_EVIDENCE
AGHOL.IS,2025-05-28,-0.02345215793419464,1.0,0.0196380079006524,0.513274,0.0,PROVIDER_EVENT_EVIDENCE
MGROS.IS,2025-05-28,-0.020000000000000018,0.9860802475286989,0.014001303188053482,6.904009,0.0,PROVIDER_EVENT_EVIDENCE
SISE.IS,2025-05-30,-0.035651700093015326,0.9871699015299479,0.019450807283208693,0.652909,0.0,PROVIDER_EVENT_EVIDENCE
KBORU.IS,2025-06-04,0.041739090629245856,0.9834370328149952,-5.0055942169002776e-08,0.0,6.0,PROVIDER_EVENT_EVIDENCE
TRGYO.IS,2025-06-04,-0.029482047396352073,0.9499999686806472,0.05907172375262393,3.5,0.0,PROVIDER_EVENT_EVIDENCE
TURSG.IS,2025-06-04,0.028430103572093746,0.955880067197362,-9.330856087785833e-10,0.0,2.0,PROVIDER_EVENT_EVIDENCE
ENKAI.IS,2025-06-11,0.011006361547658772,0.9558057553871473,0.005003958849322032,0.316667,0.0,PROVIDER_EVENT_EVIDENCE
LOGO.IS,2025-06-12,-0.028301886792452824,0.9638519780921319,0.03423491527609457,5.263158,0.0,PROVIDER_EVENT_EVIDENCE
EKGYO.IS,2025-06-16,0.003952533908838207,0.9721448248336796,0.027063557163134133,0.4,0.0,PROVIDER_EVENT_EVIDENCE
THYAO.IS,2025-06-16,0.005687203791469253,0.9898014338256951,0.013222928931536648,3.442029,0.0,PROVIDER_EVENT_EVIDENCE
BIMAS.IS,2025-06-18,-0.04274353876739567,0.9726414824076778,0.00801600238067568,2.0,0.0,PROVIDER_EVENT_EVIDENCE
ULKER.IS,2025-06-19,-0.07894739437515685,0.9510013130971962,0.08051318838000254,8.069848,0.0,PROVIDER_EVENT_EVIDENCE
TCELL.IS,2025-06-20,0.014108352387445011,0.9815693864361845,0.02095120187169286,1.818182,0.0,PROVIDER_EVENT_EVIDENCE
KBORU.IS,2025-06-24,-0.03700851858352383,1.0,0.0168418534143564,0.214821,0.0,PROVIDER_EVENT_EVIDENCE
SKBNK.IS,2025-06-24,0.02222220063700142,0.9949882859595903,0.009345898585858103,0.05,0.0,PROVIDER_EVENT_EVIDENCE
TABGD.IS,2025-06-25,-0.007981721466367886,0.9820627672918911,0.020360733599025016,3.5,0.0,PROVIDER_EVENT_EVIDENCE
AEFES.IS,2025-06-26,0.012921704778038334,0.9917275678864393,-4.392882579917767e-08,0.0,10.0,PROVIDER_EVENT_EVIDENCE
EREGL.IS,2025-07-02,0.026966265647223375,0.9865853986828165,0.009451804144448017,0.25,0.0,PROVIDER_EVENT_EVIDENCE
KCAER.IS,2025-07-02,-0.017416529446217632,0.9886857881889337,0.006292062143755439,0.086162,0.0,PROVIDER_EVENT_EVIDENCE
KONTR.IS,2025-07-08,-0.011267595291767907,1.0,0.0007468411147952825,0.015895,0.0,PROVIDER_EVENT_EVIDENCE
GENTS.IS,2025-07-16,-0.0265120666070785,1.0,0.0062525491605360806,0.06,0.0,PROVIDER_EVENT_EVIDENCE
AGHOL.IS,2025-08-06,0.008108100271120522,1.0,0.0,0.0,10.0,PROVIDER_EVENT_EVIDENCE
ANSGR.IS,2025-08-13,0.002273947893258521,0.9495597766704056,-5.5059668158108366e-08,0.0,4.0,PROVIDER_EVENT_EVIDENCE
ASTOR.IS,2025-08-18,-0.012455529420580702,1.0,0.013636226030837362,1.512088,0.0,PROVIDER_EVENT_EVIDENCE
MTRKS.IS,2025-08-27,0.010629609101125759,0.99179516001012,0.0051109907369977225,0.124378,0.0,PROVIDER_EVENT_EVIDENCE
GENTS.IS,2025-08-28,-0.019376129770019568,1.0,0.0,0.0,2.5,PROVIDER_EVENT_EVIDENCE
TURSG.IS,2025-08-28,-0.008230444599618192,0.9759615712792877,0.021008458971419453,0.1,0.0,PROVIDER_EVENT_EVIDENCE
DOHOL.IS,2025-09-01,-0.025987526296677332,1.0,0.01614501176535299,0.305694,0.0,PROVIDER_EVENT_EVIDENCE
THYAO.IS,2025-09-02,-0.029629629629629672,1.0,0.010303650182361235,3.442029,0.0,PROVIDER_EVENT_EVIDENCE
BINHO.IS,2025-09-04,0.099707632909529,1.0,0.0,0.0,27.45,PROVIDER_EVENT_EVIDENCE
BIMAS.IS,2025-09-17,-0.014285714285714235,0.980108966919535,0.007677527359562841,2.0,0.0,PROVIDER_EVENT_EVIDENCE
ALFAS.IS,2025-09-30,-0.007788849001377995,1.0,0.0035400509626204446,0.163043,0.0,PROVIDER_EVENT_EVIDENCE
TUPRS.IS,2025-09-30,-0.03517849428040132,0.9606074519834953,0.03992742244192771,7.421649,0.0,PROVIDER_EVENT_EVIDENCE
ENKAI.IS,2025-10-08,-0.0007194683706159832,0.9674052916911551,0.012135796663933274,0.833333,0.0,PROVIDER_EVENT_EVIDENCE
GOKNR.IS,2025-10-15,0.0,0.9865660233931108,0.016501626579972895,0.357143,0.0,PROVIDER_EVENT_EVIDENCE
PLTUR.IS,2025-10-15,0.007462619882432353,0.926809065290822,0.016005809973052232,0.37998,0.0,PROVIDER_EVENT_EVIDENCE
OYAKC.IS,2025-10-30,-0.04495410901530239,1.0,0.04807692484037407,1.0,0.0,PROVIDER_EVENT_EVIDENCE
TERA.IS,2025-10-30,0.021558886453282744,1.0,0.0,0.0,4.4444443,PROVIDER_EVENT_EVIDENCE
CWENE.IS,2025-11-06,0.004423612590404469,1.0,0.0,0.0,1.07829,PROVIDER_EVENT_EVIDENCE
MGROS.IS,2025-11-12,0.019191919191919204,0.993284197108833,0.007305666733094629,3.590085,0.0,PROVIDER_EVENT_EVIDENCE
PLTUR.IS,2025-11-13,-0.020590912653507876,0.9428459647675732,0.017303281810074234,0.37998,0.0,PROVIDER_EVENT_EVIDENCE
SDTTR.IS,2025-11-24,-0.0028136989154431413,0.9995324304864796,0.0004814523672738158,0.007774,0.0,PROVIDER_EVENT_EVIDENCE
ASELS.IS,2025-11-25,-0.02331880659053931,1.0,0.0012741249401382326,0.234649,0.0,PROVIDER_EVENT_EVIDENCE
KONTR.IS,2025-12-01,-0.4855870693189852,1.0,0.0,0.0,0.0,NEWLY_VALIDATED_CONTROLLED_EARLY_ADJUSTMENT
FROTO.IS,2025-12-03,-0.08146639764374453,0.9668185609811097,0.0656538769868924,6.05,0.0,PROVIDER_EVENT_EVIDENCE
BIMAS.IS,2025-12-17,-0.026478375992939118,0.9888365979856074,0.008904718194190586,2.5,0.0,PROVIDER_EVENT_EVIDENCE
SDTTR.IS,2025-12-24,0.009294774326384925,1.0,0.0004677850892469415,0.007774,0.0,PROVIDER_EVENT_EVIDENCE
TCELL.IS,2025-12-26,-0.03446529623202266,1.0,0.018776719713455847,1.818182,0.0,PROVIDER_EVENT_EVIDENCE
TKFEN.IS,2025-12-31,-0.003538570341126257,1.0,0.004719347621827241,0.331853,0.0,PROVIDER_EVENT_EVIDENCE
AGROT.IS,2026-01-07,-0.03576983284817814,1.0,0.0,0.0,2.0,PROVIDER_EVENT_EVIDENCE
ENKAI.IS,2026-01-14,-0.009882587430791179,0.9774678235170204,0.010401477681249549,0.833333,0.0,PROVIDER_EVENT_EVIDENCE
ALVES.IS,2026-01-20,0.05811750527103876,1.0,0.0,0.0,10.0,PROVIDER_EVENT_EVIDENCE
FROTO.IS,2026-03-16,-0.03737464528878265,1.0,0.034320191150650325,3.64,0.0,PROVIDER_EVENT_EVIDENCE
TUPRS.IS,2026-03-16,-0.032258064516129004,1.0,0.04100792375333784,10.379928,0.0,PROVIDER_EVENT_EVIDENCE
TOASO.IS,2026-03-23,-0.08460918614020951,1.0,0.06890611541774327,20.0,0.0,PROVIDER_EVENT_EVIDENCE
KCHOL.IS,2026-03-25,-0.014775741697930389,1.0,0.03738983905139048,6.83,0.0,PROVIDER_EVENT_EVIDENCE
AKBNK.IS,2026-03-26,-0.05148097951093322,1.0,0.03205040641196932,2.2018,0.0,PROVIDER_EVENT_EVIDENCE
TSKB.IS,2026-03-27,-0.048027399079827005,1.0,0.04816463110189351,0.535793,0.0,PROVIDER_EVENT_EVIDENCE
ISGYO.IS,2026-03-31,-0.009950286524563201,1.0,0.004168683210473034,0.083442,0.0,PROVIDER_EVENT_EVIDENCE
ANSGR.IS,2026-04-01,-0.05135728564840514,1.0,0.05311956684728192,1.375,0.0,PROVIDER_EVENT_EVIDENCE
CIMSA.IS,2026-04-01,0.02176586328516872,1.0,0.015435455876875226,0.740278,0.0,PROVIDER_EVENT_EVIDENCE
ISCTR.IS,2026-04-01,-0.010630246204383464,1.0,0.0427158165079371,0.539521,0.0,PROVIDER_EVENT_EVIDENCE
SAHOL.IS,2026-04-01,0.012863551524056938,1.0,0.016065645100970194,1.41356,0.0,PROVIDER_EVENT_EVIDENCE
GARAN.IS,2026-04-07,-0.06268441922418289,1.0,0.04041099988046626,5.266887,0.0,PROVIDER_EVENT_EVIDENCE
ENKAI.IS,2026-04-08,0.01984985154605745,1.0,0.02305157529412738,2.1,0.0,PROVIDER_EVENT_EVIDENCE
DOAS.IS,2026-04-13,-0.06418425140502715,0.9228394992688563,0.07932309475302946,15.0,0.0,PROVIDER_EVENT_EVIDENCE
SELEC.IS,2026-04-17,0.01118568213570481,1.0,0.004945984473977427,0.44,0.0,PROVIDER_EVENT_EVIDENCE
CLEBI.IS,2026-04-24,-0.09051929490233446,1.0,0.0,103.0,0.0,PROVIDER_EVENT_EVIDENCE
ALARK.IS,2026-05-04,-0.023523261517055416,1.0,0.0,3.185,0.0,PROVIDER_EVENT_EVIDENCE
ECILC.IS,2026-05-06,0.0,1.0,0.02084742671502071,1.75116,0.0,PROVIDER_EVENT_EVIDENCE
MAVI.IS,2026-05-06,-0.013938825050931913,1.0,0.039083420197161045,1.673042,0.0,PROVIDER_EVENT_EVIDENCE
CCOLA.IS,2026-05-12,-0.02564102564102566,1.0,0.01656626865421007,1.43,0.0,PROVIDER_EVENT_EVIDENCE
AEFES.IS,2026-05-13,0.008771944500989504,1.0,0.008341431264311971,0.16975,0.0,PROVIDER_EVENT_EVIDENCE
MGROS.IS,2026-05-13,0.0316875460574797,1.0,0.0067611625837900036,4.556646,0.0,PROVIDER_EVENT_EVIDENCE
BIMAS.IS,2026-05-14,0.01845018450184499,0.9888365372367527,-3.5485066551821376e-08,0.0,2.0,PROVIDER_EVENT_EVIDENCE
MTRKS.IS,2026-05-15,-0.020610057513715252,1.0,0.008272778460525876,0.199051,0.0,PROVIDER_EVENT_EVIDENCE
AGHOL.IS,2026-05-20,0.0076380233413744225,1.0,0.0,0.698053,0.0,PROVIDER_EVENT_EVIDENCE
GENTS.IS,2026-05-20,-0.0355330210332383,1.0,0.0,0.156863,0.0,PROVIDER_EVENT_EVIDENCE
TRGYO.IS,2026-05-21,-0.08400001525878908,1.0,0.05263157894736836,5.0,0.0,PROVIDER_EVENT_EVIDENCE
SISE.IS,2026-06-01,-0.006550201791658439,1.0,0.012996792566415172,0.587618,0.0,PROVIDER_EVENT_EVIDENCE
EREGL.IS,2026-06-03,-0.017073189339986694,1.0,0.013597014256782503,0.55,0.0,PROVIDER_EVENT_EVIDENCE
TABGD.IS,2026-06-04,0.008071748878923701,1.0,0.0182648401826484,5.0,0.0,PROVIDER_EVENT_EVIDENCE
SKBNK.IS,2026-06-08,0.016444720199284335,1.0,0.00503700047593636,0.064,0.0,PROVIDER_EVENT_EVIDENCE
LOGO.IS,2026-06-15,-0.01991764446226496,1.0,0.03750371312050427,5.263158,0.0,PROVIDER_EVENT_EVIDENCE
TURSG.IS,2026-06-15,0.03180759010797818,0.975961599479595,3.737315124041629e-08,0.0,2.0,PROVIDER_EVENT_EVIDENCE
BIMAS.IS,2026-06-17,-0.0090673575129534,0.9939868004493464,0.00520836863312657,2.0,0.0,PROVIDER_EVENT_EVIDENCE
ULKER.IS,2026-06-19,-0.061538435455061435,1.0,0.051523212855943745,5.732842,0.0,PROVIDER_EVENT_EVIDENCE
EKGYO.IS,2026-06-24,-0.03156918645651474,1.0,0.02865331261543491,0.6,0.0,PROVIDER_EVENT_EVIDENCE
KCAER.IS,2026-07-01,0.005333328247070224,1.0,0.011443677425615473,0.169713,0.0,PROVIDER_EVENT_EVIDENCE
TAVHL.IS,2026-07-21,-0.006422018348623881,1.0,0.006667993967171215,1.80499,0.0,PROVIDER_EVENT_EVIDENCE
CVKMD.IS,2026-08-03,-0.6187973344726994,1.0,0.0,0.0,0.0,KNOWN_CONTROLLED_EARLY_ADJUSTMENT
GOKNR.IS,2026-08-10,0.005263194879337574,1.0,0.013616853130368645,0.306293,0.0,PROVIDER_EVENT_EVIDENCE
DOAS.IS,2026-08-13,-0.10236622696130782,1.0,0.08361204297841374,15.0,0.0,PROVIDER_EVENT_EVIDENCE
PLTUR.IS,2026-08-17,-0.02420135545463864,0.9714721760785555,0.030361542870352753,0.608784,0.0,PROVIDER_EVENT_EVIDENCE
SDTTR.IS,2026-08-27,0.03230774432526884,1.0,0.0,0.0,11.0,PROVIDER_EVENT_EVIDENCE
TURSG.IS,2026-08-27,0.009615452214343234,1.0,0.02463047861608536,0.15,0.0,PROVIDER_EVENT_EVIDENCE
PLTUR.IS,2026-09-10,-0.043111530914510254,1.0,0.029365557200172754,0.608784,0.0,PROVIDER_EVENT_EVIDENCE
KORDS.IS,2026-09-14,-0.016406389183837522,1.0,0.0,0.0,18.999012,PROVIDER_EVENT_EVIDENCE
