outer_fold,architecture,case,k,cost_bps,delay_sessions,capital_try,adv_limit_pct,target_family,horizon_sessions,train_observations,net_return,cagr,sharpe,daily_maxdd,worst_day,daily_observations,mean_turnover_two_sided,total_turnover_two_sided,attempted_trades,filled_trades,unfilled_trades,fill_rate,terminal_liquidation_cost_try,mean_cash_weight,mean_holdings,adv_missing_checks,order_adv_median,order_adv_p90,order_adv_p95,order_adv_max,order_adv_gt_10pct
O1,LGBM_REGRESSION,K_SENSITIVITY,5,0,0,1000000,0.1,VOL_SCALED,40,715,2.061237804656743,3.7891219406788226,5.089148848087232,-0.09376681928365538,-0.09376681928365538,180,1.3192452463687103,5.276980985474841,24,23,1,0.9583333333333334,0.0,0.0587396361857841,4.662983425414365,0,0.0011386113999554944,0.011099533984413072,0.01553908769971034,0.043810127284334886,0.0
O1,LGBM_REGRESSION,K_SENSITIVITY,5,30,0,1000000,0.1,VOL_SCALED,40,715,2.2920082684425322,4.302067889459349,4.935768484127406,-0.13487884457083976,-0.09348494102266558,180,1.403063812871073,5.612255251484292,24,24,0,1.0,9905.597942822087,0.0010945122357780381,5.0,0,0.001129428655596546,0.011032936780506594,0.015389038481369242,0.04336604711575981,0.0
O1,LGBM_REGRESSION,K_SENSITIVITY,5,50,0,1000000,0.1,VOL_SCALED,40,715,2.2518254236556463,4.211684429270902,4.8932709805458465,-0.13487504792369331,-0.09329421465497378,180,1.3997239711839502,5.598895884735801,24,24,0,1.0,16340.165784219662,0.001847524287757928,5.0,0,0.0011233294503016377,0.010988538644568942,0.015289552393873893,0.0430717375346463,0.0
O1,LGBM_REGRESSION,K_SENSITIVITY,5,100,0,1000000,0.1,VOL_SCALED,40,715,2.1534553441368667,3.992307864836059,4.780800099029616,-0.13485695790837082,-0.09280754138671377,180,1.3913290352783165,5.565316141113266,24,24,0,1.0,31847.79152273018,0.0038131726877685132,5.0,0,0.0011081601372809344,0.01087754330472481,0.015042738997387738,0.04234202974333789,0.0
O1,LGBM_REGRESSION,K_SENSITIVITY,10,0,0,1000000,0.1,VOL_SCALED,40,715,1.8560688286816247,3.345864057409135,5.009576271279902,-0.1251276891156904,-0.08986779548480428,180,1.353658559285423,5.414634237141692,47,47,0,1.0,0.0,4.2565140183395456e-17,10.0,0,0.0005702344256309992,0.0026993152977356854,0.004095023041068165,0.007062095989735531,0.0
O1,LGBM_REGRESSION,K_SENSITIVITY,10,30,0,1000000,0.1,VOL_SCALED,40,715,1.8060581711544064,3.2397020580022815,4.941743924946233,-0.1250654117709623,-0.08959820887618064,180,1.3490090930096164,5.396036372038465,47,47,0,1.0,8439.784302608303,0.0013319110778660158,10.0,0,0.0005668130190772132,0.0027081535260200323,0.004063914225641429,0.006992370478660907,0.0
O1,LGBM_REGRESSION,K_SENSITIVITY,10,50,0,1000000,0.1,VOL_SCALED,40,715,1.7732020384885172,3.170365460651265,4.894154389767288,-0.125021596033555,-0.0894157974215688,180,1.345895555162167,5.383582220648668,47,47,0,1.0,13925.205789963087,0.002243032951462403,10.0,0,0.0005645320813746892,0.00268962253593549,0.004061293689523927,0.006946167713417474,0.0
O1,LGBM_REGRESSION,K_SENSITIVITY,10,100,0,1000000,0.1,VOL_SCALED,40,715,1.6927307125242659,3.001935579167257,4.767537152141154,-0.12490380316204508,-0.0889503340542176,180,1.3380621670203472,5.352248668081389,47,47,0,1.0,27155.9012153714,0.0046033410606760704,10.0,0,0.0005588297371183792,0.0026437917466210436,0.004053686707127028,0.006831637090360445,0.0
O1,LGBM_REGRESSION,K_SENSITIVITY,15,0,0,1000000,0.1,VOL_SCALED,40,715,1.5272139241184828,2.661835308977823,4.796312157286492,-0.10458666407915429,-0.08955293094102335,180,1.272377396993911,5.089509587975644,68,67,1,0.9852941176470589,0.0,0.019123636416614947,14.668508287292818,0,0.0003049714622435788,0.00210373342342834,0.0026952720938126485,0.00455417712867983,0.0
O1,LGBM_REGRESSION,K_SENSITIVITY,15,30,0,1000000,0.1,VOL_SCALED,40,715,1.604485067506737,2.8195361127071394,4.891961822162159,-0.10451449051840178,-0.0892827629780174,180,1.2973012513089601,5.1892050052358405,69,69,0,1.0,7832.205637345238,0.001529771713277132,15.0,0,0.00030047769749495985,0.002022730254173592,0.002726654237784863,0.004509534557076687,0.0
O1,LGBM_REGRESSION,K_SENSITIVITY,15,50,0,1000000,0.1,VOL_SCALED,40,715,1.5749192125621936,2.7589716543289424,4.842698887106712,-0.10446410174578191,-0.08909996339732851,180,1.294237648754522,5.176950595018088,69,69,0,1.0,12925.917736317528,0.002573456343779169,15.0,0,0.00029926853171027184,0.0020345025987856297,0.002699968055353689,0.004479953959737555,0.0
O1,LGBM_REGRESSION,K_SENSITIVITY,15,100,0,1000000,0.1,VOL_SCALED,40,715,1.5024879200753052,2.6117758156050126,4.7118896116302675,-0.10433019959014589,-0.08863352879720754,180,1.286586078654342,5.146344314617368,69,69,0,1.0,25222.697592552107,0.00526672663169811,15.0,0,0.00029624561724855196,0.0020057883084597756,0.002634260837758445,0.004406631782263069,0.0
O1,LGBM_REGRESSION,K_SENSITIVITY,20,0,0,1000000,0.1,VOL_SCALED,40,715,1.7977513497030873,3.222141261069665,5.443911443311899,-0.09097065014407879,-0.0891865305545646,180,1.1612723313414604,4.645089325365841,86,86,0,1.0,0.0,5.55751735543506e-17,20.0,0,0.00020497594722563211,0.0017144479538620816,0.0022677986222348883,0.006173786663485161,0.0
O1,LGBM_REGRESSION,K_SENSITIVITY,20,30,0,1000000,0.1,VOL_SCALED,40,715,1.7533428940645583,3.128615330910173,5.382026936197056,-0.09069848505183753,-0.0889191810509119,180,1.157005873548521,4.628023494194084,86,86,0,1.0,8277.603585204435,0.001993353836621709,20.0,0,0.00020252259691607065,0.0016944197420079262,0.002240895112463291,0.006113139738105084,0.0
O1,LGBM_REGRESSION,K_SENSITIVITY,20,50,0,1000000,0.1,VOL_SCALED,40,715,1.7241427654593235,3.0674461299258944,5.33852781639892,-0.09051432642291901,-0.08873828263768813,180,1.1541492238021278,4.616596895208511,86,86,0,1.0,13668.801589520966,0.003345910050863585,20.0,0,0.00020090106210103581,0.0016811783899124285,0.0022231178159605332,0.006072953996199939,0.0
O1,LGBM_REGRESSION,K_SENSITIVITY,20,100,0,1000000,0.1,VOL_SCALED,40,715,1.652541288016891,2.918564626028855,5.222410753295695,-0.09004439566380562,-0.08827667771842351,180,1.1469637140205526,4.5878548560822106,86,86,0,1.0,26710.55254976828,0.006811140619075482,20.0,0,0.00019734446876199102,0.0016484589379621925,0.002185913426192292,0.005973342869513348,0.0
O1,LGBM_REGRESSION,DELAY,10,50,1,1000000,0.1,VOL_SCALED,40,715,1.820820553770441,3.2709613687026975,5.076922243787467,-0.12686038419299228,-0.08937230374446914,180,1.3462086095239547,5.384834438095819,47,47,0,1.0,14164.398753692758,0.0022566838799970104,10.0,0,0.0005645320813746892,0.002502010289081586,0.0041649400915421695,0.00728105198406921,0.0
O1,LGBM_REGRESSION,DELAY,10,50,2,1000000,0.1,VOL_SCALED,40,715,2.135709544294886,3.9530208826179205,5.998794145622507,-0.12963657677981566,-0.05909137787195373,180,1.3441523950624985,5.376609580249994,47,47,0,1.0,15745.839209148526,0.002142775626900352,10.0,0,0.0006178899597664779,0.002513427871210008,0.004289591983632038,0.007983858106299743,0.0
O1,LGBM_REGRESSION,CAPACITY,10,50,0,1000000,0.05,VOL_SCALED,40,715,1.7732020384885172,3.170365460651265,4.894154389767288,-0.125021596033555,-0.0894157974215688,180,1.345895555162167,5.383582220648668,47,47,0,1.0,13925.205789963087,0.002243032951462403,10.0,0,0.0005645320813746892,0.00268962253593549,0.004061293689523927,0.006946167713417474,0.0
O1,LGBM_REGRESSION,CAPACITY,10,50,0,1000000,0.2,VOL_SCALED,40,715,1.7732020384885172,3.170365460651265,4.894154389767288,-0.125021596033555,-0.0894157974215688,180,1.345895555162167,5.383582220648668,47,47,0,1.0,13925.205789963087,0.002243032951462403,10.0,0,0.0005645320813746892,0.00268962253593549,0.004061293689523927,0.006946167713417474,0.0
O1,LGBM_REGRESSION,CAPACITY,10,50,0,10000000,0.05,VOL_SCALED,40,715,1.6368418977295645,2.8861336004560005,4.891361238247864,-0.11775891424982787,-0.08941579742156869,180,1.2554809393532094,5.0219237574128375,47,43,4,0.9148936170212766,123328.26941688833,0.03688839588304492,9.331491712707182,0,0.006283070074619972,0.026591776119480475,0.05494269322284465,0.14363497930165628,0.02127659574468085
O1,LGBM_REGRESSION,CAPACITY,10,50,0,10000000,0.1,VOL_SCALED,40,715,1.7732020384885168,3.170365460651264,4.89415438976729,-0.12502159603355523,-0.08941579742156869,180,1.3458955551621672,5.383582220648669,47,47,0,1.0,139252.05789963095,0.002243032951462246,10.0,0,0.0056453208137468925,0.02689622535935491,0.040612936895239246,0.06946167713417475,0.0
O1,LGBM_REGRESSION,CAPACITY,10,50,0,10000000,0.2,VOL_SCALED,40,715,1.7732020384885168,3.170365460651264,4.89415438976729,-0.12502159603355523,-0.08941579742156869,180,1.3458955551621672,5.383582220648669,47,47,0,1.0,139252.05789963095,0.002243032951462246,10.0,0,0.0056453208137468925,0.02689622535935491,0.040612936895239246,0.06946167713417475,0.0
O1,LGBM_REGRESSION,CAPACITY,10,50,0,50000000,0.05,VOL_SCALED,40,715,1.225267322111058,2.0643267089415196,4.039784387350805,-0.22794485036397583,-0.06983115467001821,180,0.9203997176846777,3.6815988707387106,45,30,15,0.6666666666666666,481666.7068016649,0.11628038294005572,8.331491712707182,0,0.024224098153833088,0.16442221521803196,0.28236398738576496,0.7458894762468938,0.2
O1,LGBM_REGRESSION,CAPACITY,10,50,0,50000000,0.1,VOL_SCALED,40,715,1.3663982004449604,2.339819199102823,4.340512068455587,-0.21466225717466125,-0.06983115467001821,180,1.1139829829757677,4.455931931903071,45,37,8,0.8222222222222222,584096.8130080046,0.0701381951081328,8.668508287292818,0,0.02822660406873446,0.13618706556471885,0.28236398738576496,0.7126865229034764,0.15555555555555556
O1,LGBM_REGRESSION,CAPACITY,10,50,0,50000000,0.2,VOL_SCALED,40,715,1.6495403357725147,2.912359456089678,5.053455941173198,-0.1177584991056535,-0.07952396885518409,180,1.2135655803376992,4.854262321350797,46,41,5,0.8913043478260869,619609.0077441451,0.06431701011833843,9.0,0,0.029896572297255987,0.13525259534663026,0.27853872674999436,0.7216311995882341,0.17391304347826086
O1,LAMBDAMART,K_SENSITIVITY,5,0,0,1000000,0.1,VOL_SCALED,40,715,1.3217315474099247,2.2518971663069003,4.424474598173279,-0.09443219233404565,-0.08020419435020931,180,1.315577404531446,5.262309618125784,23,22,1,0.9565217391304348,0.0,0.05918950745167929,4.668508287292818,0,0.00034692456378959446,0.006187469777234773,0.0277731557366508,0.030388303652556434,0.0
O1,LAMBDAMART,K_SENSITIVITY,5,30,0,1000000,0.1,VOL_SCALED,40,715,1.358677698048813,2.324574281945412,4.325299206380062,-0.12674482306622425,-0.07995904588623592,180,1.4017442522782362,5.606977009112945,24,24,0,1.0,7091.379193393317,0.0012118081347071395,5.0,0,0.00032949690294969123,0.0062027945443589964,0.02644807543730341,0.030205973830641095,0.0
O1,LAMBDAMART,K_SENSITIVITY,5,50,0,1000000,0.1,VOL_SCALED,40,715,1.3307528995974,2.2696007660355058,4.278127498308277,-0.12673997008349835,-0.07979318593745777,180,1.3982011391548574,5.59280455661943,24,24,0,1.0,11695.708053371915,0.0020448677211427034,5.0,0,0.0003273671497875136,0.006138107027766202,0.026335406664811156,0.03008442061603087,0.0
O1,LAMBDAMART,K_SENSITIVITY,5,100,0,1000000,0.1,VOL_SCALED,40,715,1.2624359467198372,2.1362220899776987,4.152035653623895,-0.1267168546544355,-0.07937001529320253,180,1.3892919230980407,5.557167692392163,24,24,0,1.0,22785.40840678808,0.004217221667301573,5.0,0,0.0003220887029363194,0.0059790854403170175,0.0260541582498455,0.029780537579505304,0.0
O1,LAMBDAMART,K_SENSITIVITY,10,0,0,1000000,0.1,VOL_SCALED,40,715,1.8552085482420422,3.3440315346102842,5.347012126179646,-0.12879709662045347,-0.07434619706223566,180,1.1188350861464116,4.475340344585646,42,42,0,1.0,0.0,6.580505072378569e-17,10.0,0,0.0002966622719898917,0.0035403501889608824,0.014622132389291487,0.015194151826278217,0.0
O1,LAMBDAMART,K_SENSITIVITY,10,30,0,1000000,0.1,VOL_SCALED,40,715,1.8107824374635215,3.2496985411020374,5.291848860055095,-0.12855195009623388,-0.07412254346202296,180,1.1143422175716247,4.457368870286499,42,42,0,1.0,8443.937067998915,0.002171243711685738,10.0,0,0.00029397505370037404,0.003490053784065366,0.014520564200642417,0.015102986915320547,0.0
O1,LAMBDAMART,K_SENSITIVITY,10,50,0,1000000,0.1,VOL_SCALED,40,715,1.781573449456761,3.1880006962042486,5.253332972861535,-0.12838500799451047,-0.07397121399350659,180,1.1114345507220553,4.445738202888221,42,42,0,1.0,13939.495698844406,0.0036430419122975557,10.0,0,0.0002921950106968226,0.003456889078159179,0.014384217928323768,0.015042210308015435,0.0
O1,LAMBDAMART,K_SENSITIVITY,10,100,0,1000000,0.1,VOL_SCALED,40,715,1.7099231876691992,3.037753232230182,5.151167116694022,-0.12795643333164786,-0.07358507109501666,180,1.1045619517342826,4.4182478069371305,42,42,0,1.0,27220.295989058042,0.007403355680071093,10.0,0,0.00028778349940682943,0.003375213348522917,0.01404838899410425,0.014890268789752652,0.0
O1,LAMBDAMART,K_SENSITIVITY,15,0,0,1000000,0.1,VOL_SCALED,40,715,1.7130630347765825,3.0443044182744634,5.399778871860136,-0.09425521628055489,-0.082338228978861,180,0.9887541130702566,3.9550164522810265,60,59,1,0.9833333333333333,0.0,0.019743033517878938,14.662983425414364,0,0.00013616112251815143,0.002991819210259588,0.006150206245598947,0.010129434550852145,0.0
O1,LAMBDAMART,K_SENSITIVITY,15,30,0,1000000,0.1,VOL_SCALED,40,715,1.7505198754465154,3.122690215500647,5.253873289185298,-0.11587598793025267,-0.08209068388492957,180,1.013026982446941,4.052107929787764,60,60,0,1.0,8260.645511141214,0.002525721110712189,15.0,0,0.0001345494325843832,0.0029543309057128123,0.006089680145947498,0.010068657943547032,0.0
O1,LAMBDAMART,K_SENSITIVITY,15,50,0,1000000,0.1,VOL_SCALED,40,715,1.7236648838539317,3.0664472229240562,5.21955782706761,-0.1156911803296925,-0.0819231883347803,180,1.0102602729031462,4.041041091612585,60,60,0,1.0,13643.042476187844,0.004233166971871082,15.0,0,0.0001334842512147973,0.002929578035312574,0.006049574028516316,0.010028140205343624,0.0
O1,LAMBDAMART,K_SENSITIVITY,15,100,0,1000000,0.1,VOL_SCALED,40,715,1.6577604751022084,2.9293632039326316,5.1291036410386965,-0.11522081892759062,-0.08149579304149401,180,1.0035023487005381,4.0140093948021525,60,60,0,1.0,26671.34534672673,0.008582985260837192,15.0,0,0.00013085301608685475,0.002868509017796827,0.005950158797244939,0.009926845859835103,0.0
O1,LAMBDAMART,K_SENSITIVITY,20,0,0,1000000,0.1,VOL_SCALED,40,715,1.9429397278777603,3.5320418837538305,5.966540330708843,-0.08667391965061666,-0.08667391965061666,180,0.9576028236020798,3.8304112944083193,78,76,2,0.9743589743589743,0.0,0.01486482026618649,19.662983425414364,0,0.00013307273981578952,0.0019186339369871971,0.0035947114168361,0.012387795358851062,0.0
O1,LAMBDAMART,K_SENSITIVITY,20,30,0,1000000,0.1,VOL_SCALED,40,715,1.9593409889376878,3.5674417066308974,5.835942609218335,-0.09312292414369905,-0.08641287444458712,180,0.9750768994254432,3.9003075977017727,78,78,0,1.0,8892.934682719422,0.0026432462121299804,20.0,0,0.0001320907287268047,0.001898146848984588,0.0035594212308736927,0.012266181256581103,0.0
O1,LAMBDAMART,K_SENSITIVITY,20,50,0,1000000,0.1,VOL_SCALED,40,715,1.930965195393009,3.506246303780073,5.802340403889397,-0.09301116646651886,-0.08623624595589896,180,0.9723910681674002,3.8895642726696007,78,78,0,1.0,14695.590404850047,0.00442837832299122,20.0,0,0.0001312448614576939,0.0018844467347296887,0.0035360374055187086,0.012185597863475348,0.0
O1,LAMBDAMART,K_SENSITIVITY,20,100,0,1000000,0.1,VOL_SCALED,40,715,1.8612993681474337,3.357010620301831,5.712728194971263,-0.09272379408143894,-0.08578555214210071,180,0.9656448180081048,3.862579272032419,78,78,0,1.0,28769.565353764196,0.008972271047056092,20.0,0,0.00012914967478167168,0.001874022198528101,0.0034780746192654382,0.011985851332732602,0.0
O1,LAMBDAMART,DELAY,10,50,1,1000000,0.1,VOL_SCALED,40,715,1.8450449064976637,3.3223982234432894,5.395681076807684,-0.12825114859579112,-0.07383962681719691,180,1.1165199534349801,4.4660798137399205,42,42,0,1.0,14257.93090723481,0.0036199396874489797,10.0,0,0.00029511201092939524,0.0036121719747048563,0.013552827915377763,0.0171115814700883,0.0
O1,LAMBDAMART,DELAY,10,50,2,1000000,0.1,VOL_SCALED,40,715,2.155159999570089,3.996086424310074,6.2571568943578235,-0.12775908132408054,-0.048909104619146326,180,1.1194753396553656,4.477901358621462,42,42,0,1.0,15813.017762909445,0.0034887652898909463,10.0,0,0.0003049998299541424,0.003621753702430317,0.012632846189867009,0.018889022126506994,0.0
O1,LAMBDAMART,CAPACITY,10,50,0,1000000,0.05,VOL_SCALED,40,715,1.781573449456761,3.1880006962042486,5.253332972861535,-0.12838500799451047,-0.07397121399350659,180,1.1114345507220553,4.445738202888221,42,42,0,1.0,13939.495698844406,0.0036430419122975557,10.0,0,0.0002921950106968226,0.003456889078159179,0.014384217928323768,0.015042210308015435,0.0
O1,LAMBDAMART,CAPACITY,10,50,0,1000000,0.2,VOL_SCALED,40,715,1.781573449456761,3.1880006962042486,5.253332972861535,-0.12838500799451047,-0.07397121399350659,180,1.1114345507220553,4.445738202888221,42,42,0,1.0,13939.495698844406,0.0036430419122975557,10.0,0,0.0002921950106968226,0.003456889078159179,0.014384217928323768,0.015042210308015435,0.0
O1,LAMBDAMART,CAPACITY,10,50,0,10000000,0.05,VOL_SCALED,40,715,1.7869980362916777,3.1994394893441136,5.655401931445699,-0.10363450454273748,-0.06926911210256859,180,0.9800968725731443,3.920387490292577,41,36,5,0.8780487804878049,130573.7518885225,0.06839132282487884,9.0,0,0.0036850158202724275,0.028993818112669326,0.05953300598576966,0.15042210308015436,0.04878048780487805
O1,LAMBDAMART,CAPACITY,10,50,0,10000000,0.1,VOL_SCALED,40,715,1.8596824589225176,3.353564028091501,5.568969351852493,-0.12834671427783795,-0.06926911210256859,180,1.0284073639664912,4.113629455865965,41,39,2,0.9512195121951219,133903.90127482195,0.05826712374664225,9.331491712707182,0,0.00214958147185054,0.029733275654463917,0.05953300598576966,0.15042210308015436,0.04878048780487805
O1,LAMBDAMART,CAPACITY,10,50,0,10000000,0.2,VOL_SCALED,40,715,1.7815734494567597,3.188000696204246,5.2533329728615294,-0.12838500799451047,-0.0739712139935067,180,1.1114345507220553,4.445738202888221,42,42,0,1.0,139394.95698844403,0.003643041912297611,10.0,0,0.0029219501069682255,0.03456889078159179,0.14384217928323767,0.15042210308015436,0.07142857142857142
O1,LAMBDAMART,CAPACITY,10,50,0,50000000,0.05,VOL_SCALED,40,715,1.5738226904716681,2.756730798733212,4.764300249302718,-0.1948953761930966,-0.06926911210256848,180,0.7760165293863693,3.1040661175454773,41,28,13,0.6829268292682927,625633.0704699337,0.05639954788225718,9.0,0,0.018425079101362138,0.16941864711637855,0.2976650299288483,0.7521105154007717,0.1951219512195122
O1,LAMBDAMART,CAPACITY,10,50,0,50000000,0.1,VOL_SCALED,40,715,2.0962493817133176,3.865979848107182,5.8365662771803635,-0.14010168287939595,-0.06926911210256848,180,0.8350886526500169,3.3403546106000674,41,31,10,0.7560975609756098,719183.7737950272,0.07560233500089696,8.662983425414364,0,0.018425079101362138,0.14496909056334667,0.2976650299288483,0.7521105154007717,0.1951219512195122
O1,LAMBDAMART,CAPACITY,10,50,0,50000000,0.2,VOL_SCALED,40,715,1.7869980362916786,3.1994394893441163,5.655401931445712,-0.10363450454273737,-0.06926911210256848,180,0.9800968725731443,3.920387490292577,41,36,5,0.8780487804878049,652868.7594426126,0.06839132282487885,9.0,0,0.018425079101362138,0.14496909056334667,0.2976650299288483,0.7521105154007717,0.1951219512195122
O2,LGBM_REGRESSION,K_SENSITIVITY,5,0,0,1000000,0.1,RAW,40,962,0.349975562565918,0.5221458560436572,1.0353171885518455,-0.33529675090965716,-0.09728077700178839,180,1.4027660387899346,5.611064155159738,25,24,1,0.96,0.0,0.062430788433134814,4.662983425414365,0,0.00038065311709763324,0.005105889302104344,0.00734198266235123,0.01666927856683027,0.0
O2,LGBM_REGRESSION,K_SENSITIVITY,5,30,0,1000000,0.1,RAW,40,962,0.33410721348958106,0.4971558973693926,0.991949752001436,-0.33847239868449186,-0.09699337784612538,180,1.4945622438347717,5.978248975339087,25,25,0,1.0,4014.296018469815,0.0009972824406182272,5.0,0,0.00037750149135665103,0.005066862554415829,0.0072951336290851595,0.016531264913309206,0.0
O2,LGBM_REGRESSION,K_SENSITIVITY,5,50,0,1000000,0.1,RAW,40,962,0.3188304049154371,0.47320957011664255,0.9657737289625038,-0.3405643889085831,-0.09679889894136806,180,1.4909184784750698,5.963673913900279,25,25,0,1.0,6626.970780311131,0.0016867353110379517,5.0,0,0.00037541548404775824,0.005040990524455431,0.0072639495408517605,0.016439916030658495,0.0
O2,LGBM_REGRESSION,K_SENSITIVITY,5,100,0,1000000,0.1,RAW,40,962,0.28147931771007006,0.4151296871507657,0.899474859363727,-0.3457057616780044,-0.0963025883754749,180,1.4817429480482058,5.926971792192823,25,25,0,1.0,12941.702413382576,0.0034981555187146513,5.0,0,0.0003702525790626586,0.004976814426170026,0.007186157312473461,0.01621382593039372,0.0
O2,LGBM_REGRESSION,K_SENSITIVITY,10,0,0,1000000,0.1,RAW,40,962,0.9890158076342599,1.6187469141401327,2.210341792215961,-0.2675046096727931,-0.08938052962038334,180,1.284026783872493,5.136107135489972,46,45,1,0.9782608695652174,0.0,0.028472367924238226,9.662983425414364,0,0.00019945509155272536,0.00389682931342951,0.008332324256545313,0.019954386524374854,0.0
O2,LGBM_REGRESSION,K_SENSITIVITY,10,30,0,1000000,0.1,RAW,40,962,0.961219222104801,1.567654573028252,2.1566190317930127,-0.270123274452461,-0.08911648596012267,180,1.322187957636194,5.288751830544776,46,46,0,1.0,5898.70143229058,0.0015389465043541338,10.0,0,0.00019801077618073913,0.0038734483375489326,0.008282330311006041,0.019834660205228602,0.0
O2,LGBM_REGRESSION,K_SENSITIVITY,10,50,0,1000000,0.1,RAW,40,962,0.9402040101892519,1.5292185421654252,2.134002697098401,-0.27184613536277114,-0.088937811333204,180,1.3188514788184196,5.275405915273678,46,46,0,1.0,9742.264861514599,0.0025899242868795825,10.0,0,0.00019705187401650078,0.0038578610202952145,0.00824900101397986,0.019754842659131102,0.0
O2,LGBM_REGRESSION,K_SENSITIVITY,10,100,0,1000000,0.1,RAW,40,962,0.8887443761166152,1.435804664983117,2.0758689746603785,-0.2760726616828235,-0.08848183312524405,180,1.3104620510779488,5.241848204311795,46,46,0,1.0,19047.06722777576,0.005306175075523772,10.0,0,0.00019466836660053013,0.0038188927271609195,0.008165677771414406,0.019555298793887357,0.0
O2,LGBM_REGRESSION,K_SENSITIVITY,15,0,0,1000000,0.1,RAW,40,962,0.872722643492412,1.4069265989337363,2.0948760326834686,-0.2745498722294196,-0.0783101020407776,180,1.2112443983905101,4.8449775935620405,66,64,2,0.9696969696969697,0.0,0.036867306143066804,14.331491712707182,0,0.00012639004881683357,0.0019108894173454354,0.004601711929512082,0.013302924349583236,0.0
O2,LGBM_REGRESSION,K_SENSITIVITY,15,30,0,1000000,0.1,RAW,40,962,0.8875595879797145,1.4336657993099373,2.090533986293855,-0.2738840626955297,-0.07808176718554205,180,1.2631410778565644,5.0525643114262575,67,67,0,1.0,5676.090994503514,0.001680833908036565,15.0,0,0.00013140851230157707,0.001818170148906054,0.004444628589143019,0.013223106803485738,0.0
O2,LGBM_REGRESSION,K_SENSITIVITY,15,50,0,1000000,0.1,RAW,40,962,0.8677326610755265,1.397952624877313,2.0676606817621135,-0.2734331177705458,-0.07792724623301317,180,1.2598956135387467,5.039582454154987,67,67,0,1.0,9375.406783007089,0.0028264390982549637,15.0,0,0.00013034437026235442,0.0018076289626479496,0.0044267427598104515,0.013169895106087405,0.0
O2,LGBM_REGRESSION,K_SENSITIVITY,15,100,0,1000000,0.1,RAW,40,962,0.8191769800545239,1.3111329666972282,2.00901455782888,-0.2734573253908795,-0.0775328717946493,180,1.2517368600370726,5.0069474401482905,67,67,0,1.0,18333.6882471895,0.0057793065214728255,15.0,0,0.00012649742360892427,0.0017815277109109824,0.004382028186479033,0.013036865862591573,0.0
O2,LGBM_REGRESSION,K_SENSITIVITY,20,0,0,1000000,0.1,RAW,40,962,0.8007460191038129,1.2784182398049082,1.9537622856929768,-0.26783846711008263,-0.08193355983494877,180,1.1711620716291746,4.6846482865166985,85,84,1,0.9882352941176471,0.0,0.013125378135563958,19.668508287292816,0,8.8263699521263e-05,0.0010885014396657825,0.001888204637886382,0.009977193262187427,0.0
O2,LGBM_REGRESSION,K_SENSITIVITY,20,30,0,1000000,0.1,RAW,40,962,0.8032949238525091,1.2829345682869064,1.9563815822332267,-0.2671670576328685,-0.08169737740081906,180,1.187035318274536,4.748141273098144,86,86,0,1.0,5420.972580311521,0.0019538998638538663,20.0,0,8.795929037799685e-05,0.0010782090661880068,0.0018682668450545272,0.009917330102614301,0.0
O2,LGBM_REGRESSION,K_SENSITIVITY,20,50,0,1000000,0.1,RAW,40,962,0.7852221370992447,1.2509672115775583,1.9343686338761976,-0.2667123823762112,-0.0815375368442719,180,1.1838388707741136,4.735355483096455,86,86,0,1.0,8956.449265204512,0.0032821074178568392,20.0,0,8.716105914642945e-05,0.0010704727258328784,0.0018588043703909206,0.009877421329565551,0.0
O2,LGBM_REGRESSION,K_SENSITIVITY,20,100,0,1000000,0.1,RAW,40,962,0.7409562760258566,1.1732165793224647,1.8781542592157903,-0.2655507969161758,-0.08112955287842982,180,1.1758078725997279,4.703231490398911,86,86,0,1.0,17526.370729649185,0.0066932645968647295,20.0,0,8.520124504383741e-05,0.001051382504884478,0.0018353047006878624,0.009777649396943679,0.0
O2,LGBM_REGRESSION,DELAY,10,50,1,1000000,0.1,RAW,40,962,0.8597241630735242,1.3835702012201252,2.0815126359704905,-0.27077592441383136,-0.08871787412190979,180,1.3161707904676652,5.264683161870661,46,46,0,1.0,9337.769514177682,0.0026477034027118855,10.0,0,0.00020409967083288665,0.00396319381026324,0.00837001588973802,0.019575584273041163,0.0
O2,LGBM_REGRESSION,DELAY,10,50,2,1000000,0.1,RAW,40,962,0.7678242965446838,1.220315740657179,2.2771697230984467,-0.2698276685179727,-0.0748790674945965,180,1.3128474556380538,5.251389822552215,46,46,0,1.0,8875.991347635656,0.002670254680946927,10.0,0,0.00020591378256668675,0.004115469926642068,0.008256160824578335,0.016490912460004857,0.0
O2,LGBM_REGRESSION,CAPACITY,10,50,0,1000000,0.05,RAW,40,962,0.9402040101892519,1.5292185421654252,2.134002697098401,-0.27184613536277114,-0.088937811333204,180,1.3188514788184196,5.275405915273678,46,46,0,1.0,9742.264861514599,0.0025899242868795825,10.0,0,0.00019705187401650078,0.0038578610202952145,0.00824900101397986,0.019754842659131102,0.0
O2,LGBM_REGRESSION,CAPACITY,10,50,0,1000000,0.2,RAW,40,962,0.9402040101892519,1.5292185421654252,2.134002697098401,-0.27184613536277114,-0.088937811333204,180,1.3188514788184196,5.275405915273678,46,46,0,1.0,9742.264861514599,0.0025899242868795825,10.0,0,0.00019705187401650078,0.0038578610202952145,0.00824900101397986,0.019754842659131102,0.0
O2,LGBM_REGRESSION,CAPACITY,10,50,0,10000000,0.05,RAW,40,962,1.1470536867893428,1.9146074164646456,2.572009406471907,-0.2521293024435469,-0.07936114279451933,180,1.0822897152344275,4.32915886093771,44,37,7,0.8409090909090909,102158.59030540864,0.07830816937821265,9.0,0,0.0018584272438611578,0.03887565044648819,0.0799589344175891,0.19754842659131105,0.022727272727272728
O2,LGBM_REGRESSION,CAPACITY,10,50,0,10000000,0.1,RAW,40,962,0.9238528735679525,1.499427816783622,2.158374564816659,-0.2700108274734483,-0.08893781133320378,180,1.2274135873843504,4.909654349537401,45,42,3,0.9333333333333333,96584.22693948282,0.024132465131743285,9.668508287292818,0,0.002276227894596682,0.05001724541956025,0.08278888908686903,0.19754842659131105,0.022222222222222223
O2,LGBM_REGRESSION,CAPACITY,10,50,0,10000000,0.2,RAW,40,962,0.940204010189251,1.5292185421654234,2.134002697098399,-0.27184613536277147,-0.08893781133320378,180,1.3188514788184198,5.275405915273679,46,46,0,1.0,97422.64861514598,0.0025899242868794086,10.0,0,0.001970518740165008,0.03857861020295215,0.08249001013979859,0.19754842659131105,0.021739130434782608
O2,LGBM_REGRESSION,CAPACITY,10,50,0,50000000,0.05,RAW,40,962,1.0097929093680653,1.657124070075143,2.4859662528337467,-0.20936018453587746,-0.07398361396872633,180,1.072277248554927,4.289108994219708,42,35,7,0.8333333333333334,504350.40372906206,0.15311367584971278,8.342541436464089,0,0.009569802726341958,0.1279423618842039,0.19623475375454114,0.4561142538245039,0.14285714285714285
O2,LGBM_REGRESSION,CAPACITY,10,50,0,50000000,0.1,RAW,40,962,0.9029371047695336,1.4614680791401304,2.3317260690853856,-0.21005192714312393,-0.07396492679496569,180,1.0787360635355983,4.314944254142393,41,35,6,0.8536585365853658,477418.45506421296,0.17928452440355308,8.011049723756907,0,0.009323627546856854,0.13041705426898992,0.19660605405896123,0.4561142538245039,0.14634146341463414
O2,LGBM_REGRESSION,CAPACITY,10,50,0,50000000,0.2,RAW,40,962,1.1470536867893428,1.9146074164646456,2.572009406471905,-0.2521293024435469,-0.07936114279451933,180,1.0822897152344275,4.32915886093771,44,37,7,0.8409090909090909,510792.95152704313,0.0783081693782127,9.0,0,0.009292136219305788,0.19437825223244096,0.3997946720879455,0.9877421329565553,0.1590909090909091
O2,LAMBDAMART,K_SENSITIVITY,5,0,0,1000000,0.1,RAW,20,1029,0.23403294035774014,0.3423243042029269,0.7567423550737322,-0.3285063228694125,-0.09504944364473644,180,1.3177395724693728,5.270958289877491,24,22,2,0.9166666666666666,0.0,0.11827027198379336,4.331491712707182,0,0.0007252164008266057,0.005411774185079042,0.007424365655254219,0.016795508143595886,0.0
O2,LAMBDAMART,K_SENSITIVITY,5,30,0,1000000,0.1,RAW,20,1029,0.33508158615844064,0.49868695961059784,0.9724959654328469,-0.33477695469180424,-0.09477237089214952,180,1.4945691625093596,5.978276650037438,25,25,0,1.0,4017.229945205877,0.0009949393990928484,5.0,0,0.0006051554781112028,0.005112267579775595,0.007304314568980113,0.0166559842794184,0.0
O2,LAMBDAMART,K_SENSITIVITY,5,50,0,1000000,0.1,RAW,20,1029,0.31976905407909406,0.4746777143390153,0.9454697687382613,-0.33690158728973596,-0.09458486732920324,180,1.4909300024448626,5.9637200097794505,25,25,0,1.0,6631.696899465767,0.0016831448071718109,5.0,0,0.0005993992521151213,0.00508392214081221,0.00727305673855614,0.016563633638846477,0.0
O2,LAMBDAMART,K_SENSITIVITY,5,100,0,1000000,0.1,RAW,20,1029,0.2823313149145086,0.41644705961931927,0.8771883752825377,-0.3421240189884066,-0.09410631252493473,180,1.4817659441526976,5.92706377661079,25,25,0,1.0,12950.382161235593,0.003492591092023603,5.0,0,0.0005852536311388828,0.005013764420815919,0.007195081455596903,0.016335056815919426,0.0
O2,LAMBDAMART,K_SENSITIVITY,10,0,0,1000000,0.1,RAW,20,1029,0.5291096083130005,0.8122331238872262,1.3972865531552385,-0.29782860068127404,-0.09180983135413001,180,1.5000000000000004,6.000000000000002,50,50,0,1.0,0.0,0.0,10.0,0,0.0003132857257904292,0.0038368211834222295,0.0068020940886516735,0.019954386524374854,0.0
O2,LAMBDAMART,K_SENSITIVITY,10,30,0,1000000,0.1,RAW,20,1029,0.5027306130529412,0.7686161535192202,1.356263256844738,-0.3013534612292925,-0.09154248893419425,180,1.4945874059517197,5.978349623806879,50,50,0,1.0,4521.687308580872,0.001002051131400604,10.0,0,0.0003100712679346676,0.003813800256321696,0.006745105792926145,0.019834660205228602,0.0
O2,LAMBDAMART,K_SENSITIVITY,10,50,0,1000000,0.1,RAW,20,1029,0.4854187091807063,0.7401570507034358,1.328498534955312,-0.30367719010744687,-0.09136156923324823,180,1.4909610070102632,5.963844028041053,50,50,0,1.0,7464.092938954939,0.0016946553330209248,10.0,0,0.0003079468360739556,0.003798452971588007,0.006707383077636825,0.019754842659131102,0.0
O2,LAMBDAMART,K_SENSITIVITY,10,100,0,1000000,0.1,RAW,20,1029,0.44308201153317484,0.6711191590863217,1.2577855619636424,-0.3093941059542784,-0.09089981457296137,180,1.4818309931465696,5.9273239725862785,50,50,0,1.0,14574.013425553689,0.003513846237415045,10.0,0,0.0003026997360517207,0.003760084759753785,0.006614008092603612,0.019555298793887357,0.0
O2,LAMBDAMART,K_SENSITIVITY,15,0,0,1000000,0.1,RAW,20,1029,0.46822766446101904,0.7120276086388195,1.3045781327798855,-0.26180662726757764,-0.0922711092240498,180,1.3192162392557325,5.27686495702293,70,69,1,0.9857142857142858,0.0,0.019902549974015925,14.662983425414364,0,0.0001404751167899658,0.00276933436026721,0.004557924459197348,0.013302924349583236,0.0
O2,LAMBDAMART,K_SENSITIVITY,15,30,0,1000000,0.1,RAW,20,1029,0.4661069743302164,0.7085666444965364,1.3051351239298947,-0.2647989938489982,-0.09200483054206676,180,1.3460636702044795,5.384254680817918,70,70,0,1.0,4408.289725069309,0.0015061057548547401,15.0,0,0.00013893781867489594,0.0027527183541056067,0.004509922361324325,0.013223106803485738,0.0
O2,LAMBDAMART,K_SENSITIVITY,15,50,0,1000000,0.1,RAW,20,1029,0.45053845544259863,0.6832202438870372,1.2791373380149953,-0.26676962839516205,-0.0918246228039189,180,1.3426794461364873,5.370717784545949,70,70,0,1.0,7279.982254671203,0.002535645243428253,15.0,0,0.00013811347812438696,0.0027416410166645378,0.0044782257962981565,0.013169895106087405,0.0
O2,LAMBDAMART,K_SENSITIVITY,15,100,0,1000000,0.1,RAW,20,1029,0.4124391339337312,0.6216519127385236,1.2130429990720517,-0.271610709317909,-0.09136465633215718,180,1.3341623109759304,5.336649243903722,70,70,0,1.0,14229.597389355293,0.005200020548037586,15.0,0,0.00013619576470647477,0.0027139476730618658,0.0044000368276175365,0.013036865862591573,0.0
O2,LAMBDAMART,K_SENSITIVITY,20,0,0,1000000,0.1,RAW,20,1029,0.5164691464810354,0.7912945733992895,1.413897874398455,-0.243625849747509,-0.09041384253285534,180,1.2229962780403278,4.891985112161311,88,87,1,0.9886363636363636,0.0,0.01336892022668011,19.668508287292816,0,0.00011820186036963037,0.0019334126242129346,0.003165822864089564,0.009977193262187427,0.0
O2,LAMBDAMART,K_SENSITIVITY,20,30,0,1000000,0.1,RAW,20,1029,0.5183720705135648,0.7944422627955421,1.422097571241017,-0.24458396009562,-0.09015332897230921,180,1.2152277650523833,4.860911060209533,88,88,0,1.0,4562.562445675499,0.001925116199166974,20.0,0,0.00011749264920741259,0.001921812148467657,0.003165796545224491,0.009917330102614301,0.0
O2,LAMBDAMART,K_SENSITIVITY,20,50,0,1000000,0.1,RAW,20,1029,0.5033010147215811,0.7695560807729009,1.3984735385076146,-0.24620877134365704,-0.08997702152964937,180,1.2121134757912546,4.8484539031650185,88,88,0,1.0,7536.827918955473,0.003233652784315836,20.0,0,0.00011701984176593405,0.001914078497970805,0.003137955257629728,0.009877421329565551,0.0
O2,LAMBDAMART,K_SENSITIVITY,20,100,0,1000000,0.1,RAW,20,1029,0.4663936629719232,0.7090344030850508,1.3384840655384027,-0.25019883701894796,-0.08952700539915537,180,1.2042730932399266,4.817092372959706,88,88,0,1.0,14741.666176420891,0.006594093550685808,20.0,0,0.00011583782316223776,0.001894744371728676,0.003077393223211813,0.009777649396943679,0.0
O2,LAMBDAMART,DELAY,10,50,1,1000000,0.1,RAW,20,1029,0.43872424964695167,0.6640584973442996,1.2511773243819722,-0.2983429088550045,-0.09114610811517143,180,1.490991770381563,5.963967081526252,50,50,0,1.0,7229.4369855872765,0.0017099726218363722,10.0,0,0.00031832139023237787,0.0038195195295816125,0.007411310473794298,0.019575584273041163,0.0
O2,LAMBDAMART,DELAY,10,50,2,1000000,0.1,RAW,20,1029,0.37448142815870966,0.5609695327329187,1.5010074053620663,-0.29818841526571827,-0.08771269505541035,180,1.4909515352266314,5.9638061409065255,50,50,0,1.0,6906.614504583481,0.0017535800974303988,10.0,0,0.00031112460155298974,0.0038499747528573784,0.006822984324369333,0.016490912460004857,0.0
O2,LAMBDAMART,CAPACITY,10,50,0,1000000,0.05,RAW,20,1029,0.4854187091807063,0.7401570507034358,1.328498534955312,-0.30367719010744687,-0.09136156923324823,180,1.4909610070102632,5.963844028041053,50,50,0,1.0,7464.092938954939,0.0016946553330209248,10.0,0,0.0003079468360739556,0.003798452971588007,0.006707383077636825,0.019754842659131102,0.0
O2,LAMBDAMART,CAPACITY,10,50,0,1000000,0.2,RAW,20,1029,0.4854187091807063,0.7401570507034358,1.328498534955312,-0.30367719010744687,-0.09136156923324823,180,1.4909610070102632,5.963844028041053,50,50,0,1.0,7464.092938954939,0.0016946553330209248,10.0,0,0.0003079468360739556,0.003798452971588007,0.006707383077636825,0.019754842659131102,0.0
O2,LAMBDAMART,CAPACITY,10,50,0,10000000,0.05,RAW,20,1029,0.6394588657260074,0.997932145522791,1.6563725111936776,-0.2976399926346711,-0.09136156923324823,180,1.3025040567674304,5.210016227069722,49,43,6,0.8775510204081632,78207.46030102618,0.04145607197582525,9.331491712707182,0,0.0030225385225170834,0.03813304983764809,0.06664313580200659,0.19754842659131105,0.02040816326530612
O2,LAMBDAMART,CAPACITY,10,50,0,10000000,0.1,RAW,20,1029,0.4739350529735713,0.7213519912110331,1.328676690929543,-0.29750855643522556,-0.09136156923324823,180,1.3981858212701759,5.5927432850807035,49,46,3,0.9387755102040817,74047.55872974958,0.02413147054260694,9.668508287292818,0,0.003443264272511902,0.04288655568104829,0.06772932397506391,0.19754842659131105,0.02040816326530612
O2,LAMBDAMART,CAPACITY,10,50,0,10000000,0.2,RAW,20,1029,0.4854187091807065,0.7401570507034363,1.3284985349553105,-0.30367719010744687,-0.09136156923324823,180,1.490961007010263,5.963844028041052,50,50,0,1.0,74640.9293895494,0.00169465533302102,10.0,0,0.003079468360739556,0.037984529715880073,0.06707383077636825,0.19754842659131105,0.02
O2,LAMBDAMART,CAPACITY,10,50,0,50000000,0.05,RAW,20,1029,0.3023379902618819,0.44748207146458996,1.0622110577496882,-0.23114848330168503,-0.07600190556655761,180,1.1095681042396701,4.4382724169586805,42,34,8,0.8095238095238095,326652.4793113261,0.24784500730941975,7.348066298342541,0,0.010457052765377742,0.15687334934925484,0.19623475375454114,0.4476417543086749,0.14285714285714285
O2,LAMBDAMART,CAPACITY,10,50,0,50000000,0.1,RAW,20,1029,0.42781945973505864,0.6464275147630718,1.3744136838384358,-0.23544364611866242,-0.07605714458943047,180,1.2038125403115745,4.815250161246298,44,38,6,0.8636363636363636,358399.96576644277,0.18423046788012218,8.011049723756907,0,0.011310813694231033,0.1445314874272231,0.1954921531457011,0.4476417543086749,0.13636363636363635
O2,LAMBDAMART,CAPACITY,10,50,0,50000000,0.2,RAW,20,1029,0.6394588657260081,0.9979321455227921,1.6563725111936802,-0.2976399926346711,-0.09136156923324779,180,1.3025040567674302,5.210016227069721,49,43,6,0.8775510204081632,391037.3015051309,0.04145607197582537,9.331491712707182,0,0.015112692612585415,0.1906652491882405,0.3332156790100329,0.9877421329565553,0.1836734693877551
O3,LGBM_REGRESSION,K_SENSITIVITY,5,0,0,1000000,0.1,BETA_RESIDUAL,20,1292,0.2652031510717694,0.39003063188294296,1.0834398360382993,-0.2196338992993454,-0.0682673238987217,180,1.4,5.6,24,24,0,1.0,0.0,1.491734412513482e-17,5.0,0,0.0005116000236979032,0.00663837324077495,0.016031871307688805,0.01950354380048733,0.0
O3,LGBM_REGRESSION,K_SENSITIVITY,5,30,0,1000000,0.1,BETA_RESIDUAL,20,1292,0.24326790681859523,0.3564088426289713,1.030419877841092,-0.21962938955062605,-0.06826590303162905,180,1.3952085994344339,5.5808343977377355,24,24,0,1.0,3740.9371298798906,0.0011957441068103608,5.0,0,0.000506745096115226,0.00657537711126387,0.015932154880254037,0.019386522537684407,0.0
O3,LGBM_REGRESSION,K_SENSITIVITY,5,50,0,1000000,0.1,BETA_RESIDUAL,20,1292,0.22887504140227843,0.3344761402770058,0.9947125658949376,-0.22294484024992745,-0.06826335336322653,180,1.3919951744943784,5.5679806979775135,24,24,0,1.0,6174.8370059555855,0.0020184856942203227,5.0,0,0.0005035288066983171,0.006533643474417125,0.01586571740232192,0.01930850836248246,0.0
O3,LGBM_REGRESSION,K_SENSITIVITY,5,100,0,1000000,0.1,BETA_RESIDUAL,20,1292,0.1936874771515762,0.28128839565014774,0.904431586202667,-0.236407092722127,-0.06825120159993192,180,1.3838932179784107,5.535572871913643,24,24,0,1.0,12054.146823768271,0.004166652091945248,5.0,0,0.0004955586438027976,0.006430224956748179,0.015699763032277242,0.019113472924477584,0.0
O3,LGBM_REGRESSION,K_SENSITIVITY,10,0,0,1000000,0.1,BETA_RESIDUAL,20,1292,0.20680358229839246,0.3010417313968894,1.0582766411085316,-0.1754233143546733,-0.06470388826660944,180,1.3,5.2,46,46,0,1.0,0.0,1.2815851361270765e-16,10.0,0,0.00019314853326152898,0.0010107740965037968,0.0029755188144538545,0.009751771900243665,0.0
O3,LGBM_REGRESSION,K_SENSITIVITY,10,30,0,1000000,0.1,BETA_RESIDUAL,20,1292,0.18763827320493798,0.27220722837556677,0.995669725417528,-0.1750089720410375,-0.0646256398405185,180,1.295439678320104,5.181758713280416,46,46,0,1.0,3568.9060841041205,0.0016966541143279186,10.0,0,0.00019134468165779236,0.0009963946289135498,0.0029477298672909297,0.009693261268842204,0.0
O3,LGBM_REGRESSION,K_SENSITIVITY,10,50,0,1000000,0.1,BETA_RESIDUAL,20,1292,0.17505487670600872,0.2533760995327554,0.9534887730035005,-0.17472831309868808,-0.06457204097457891,180,1.2923804969494816,5.169521987797927,46,46,0,1.0,5891.605032183926,0.0028535414184434563,10.0,0,0.000190149785783757,0.0009869181432195133,0.0029293220901545052,0.00965425418124123,0.0
O3,LGBM_REGRESSION,K_SENSITIVITY,10,100,0,1000000,0.1,BETA_RESIDUAL,20,1292,0.14426359135734712,0.20763728035752038,0.8468876063678067,-0.1740110466201673,-0.06443290457616091,180,1.2846650194186837,5.138660077674735,46,46,0,1.0,11504.884588792758,0.005837560309251687,10.0,0,0.00018737629366763752,0.0009636066296281619,0.002883712659176937,0.009556736462238792,0.0
O3,LGBM_REGRESSION,K_SENSITIVITY,15,0,0,1000000,0.1,BETA_RESIDUAL,20,1292,0.11017277045716667,0.1575687647230808,0.691805147066485,-0.13426559124203208,-0.05406880739462594,180,1.1865470530636912,4.746188212254765,66,65,1,0.9848484848484849,0.0,0.023907002730392788,14.662983425414364,0,0.0001236789038955331,0.0006749140432193684,0.0016507544278769515,0.006501181266829111,0.0
O3,LGBM_REGRESSION,K_SENSITIVITY,15,30,0,1000000,0.1,BETA_RESIDUAL,20,1292,0.0769264470873563,0.10932923760575664,0.5375964074803703,-0.1513636518304422,-0.05874428380482888,180,1.2166291327262642,4.866516530905057,66,66,0,1.0,3235.0335742557613,0.002056178412680118,15.0,0,0.0001229368304721599,0.000671630163847558,0.0016360622489131728,0.006462174179228137,0.0
O3,LGBM_REGRESSION,K_SENSITIVITY,15,50,0,1000000,0.1,BETA_RESIDUAL,20,1292,0.0662767208694428,0.09400145300801421,0.49562734979773515,-0.15605007038507246,-0.0586817473471789,180,1.2134448050598206,4.853779220239282,66,66,0,1.0,5342.928972093436,0.0034548390345551516,15.0,0,0.00012244211485657776,0.0006694222332591915,0.0016263241097365828,0.0064361694541608195,0.0
O3,LGBM_REGRESSION,K_SENSITIVITY,15,100,0,1000000,0.1,BETA_RESIDUAL,20,1292,0.040226503801910285,0.05676660559919244,0.3904139176242585,-0.167588194304078,-0.05851999529313967,180,1.2054213009153372,4.821685203661349,66,66,0,1.0,10445.762313712456,0.0070504106763511045,15.0,0,0.00012120532581762244,0.0006638387166473566,0.001602175290691697,0.006371157641492529,0.0
O3,LGBM_REGRESSION,K_SENSITIVITY,20,0,0,1000000,0.1,BETA_RESIDUAL,20,1292,0.15867629042099995,0.22898609251629964,0.9216546818876294,-0.13811098221750784,-0.06077376470440732,180,1.1479325385591386,4.591730154236554,85,84,1,0.9882352941176471,0.0,0.016015295878490536,19.668508287292816,0,9.563158882567044e-05,0.000558160895653164,0.0011441550328160452,0.004875885950121833,0.0
O3,LGBM_REGRESSION,K_SENSITIVITY,20,30,0,1000000,0.1,BETA_RESIDUAL,20,1292,0.14145953792122334,0.2034962182311797,0.8490219125404344,-0.138261959759297,-0.06063085153854797,180,1.16723827902666,4.66895311610664,86,86,0,1.0,3425.882872159864,0.0022475049224147435,20.0,0,9.220262285411992e-05,0.0005464352225839895,0.0011346147590518562,0.004846630634421102,0.0
O3,LGBM_REGRESSION,K_SENSITIVITY,20,50,0,1000000,0.1,BETA_RESIDUAL,20,1292,0.130604755585078,0.18750413627416673,0.8067745348891031,-0.14018329249833372,-0.06053421381574975,180,1.1641602999089276,4.65664119963571,86,86,0,1.0,5656.986760935394,0.0037719584590282964,20.0,0,9.183158614243332e-05,0.0005436579851192788,0.0011300489048906817,0.004827127090620615,0.0
O3,LGBM_REGRESSION,K_SENSITIVITY,20,100,0,1000000,0.1,BETA_RESIDUAL,20,1292,0.10403421886938768,0.14861781534926966,0.7003981962973922,-0.14494230633561156,-0.06028776514422807,180,1.1564066915886424,4.62562676635457,86,86,0,1.0,11054.067302348813,0.007675726550734735,20.0,0,9.070178396038048e-05,0.0005367502463089263,0.0011186342694877458,0.004778368231119396,0.0
O3,LGBM_REGRESSION,DELAY,10,50,1,1000000,0.1,BETA_RESIDUAL,20,1292,0.18378359755776996,0.2664301619659275,0.9569664438460147,-0.17442806697211255,-0.06467167324002021,180,1.2923801718381835,5.169520687352734,46,46,0,1.0,5935.149720623366,0.0028631047216967046,10.0,0,0.00019365150215837465,0.0010323078630678898,0.002991501079968496,0.009575575639628202,0.0
O3,LGBM_REGRESSION,DELAY,10,50,2,1000000,0.1,BETA_RESIDUAL,20,1292,0.11979747258538365,0.171642929731449,0.6480218232201429,-0.1738727588243757,-0.06411239749286024,180,1.2923423908962324,5.1693695635849295,46,46,0,1.0,5614.154188272475,0.002874160383190634,10.0,0,0.00018716919389621977,0.0009907299467398901,0.0031034788425236656,0.00965425418124123,0.0
O3,LGBM_REGRESSION,CAPACITY,10,50,0,1000000,0.05,BETA_RESIDUAL,20,1292,0.17505487670600872,0.2533760995327554,0.9534887730035005,-0.17472831309868808,-0.06457204097457891,180,1.2923804969494816,5.169521987797927,46,46,0,1.0,5891.605032183926,0.0028535414184434563,10.0,0,0.000190149785783757,0.0009869181432195133,0.0029293220901545052,0.00965425418124123,0.0
O3,LGBM_REGRESSION,CAPACITY,10,50,0,1000000,0.2,BETA_RESIDUAL,20,1292,0.17505487670600872,0.2533760995327554,0.9534887730035005,-0.17472831309868808,-0.06457204097457891,180,1.2923804969494816,5.169521987797927,46,46,0,1.0,5891.605032183926,0.0028535414184434563,10.0,0,0.000190149785783757,0.0009869181432195133,0.0029293220901545052,0.00965425418124123,0.0
O3,LGBM_REGRESSION,CAPACITY,10,50,0,10000000,0.05,BETA_RESIDUAL,20,1292,0.18496802711965254,0.2682044865970161,1.0131045291638041,-0.1640102449445291,-0.06457191763415882,180,1.2458321464217808,4.983328585687123,45,44,1,0.9777777777777777,59412.96111221626,0.03150323469354319,9.668508287292818,0,0.0019155159065299813,0.008974148587026849,0.024601775168503922,0.0965425418124123,0.0
O3,LGBM_REGRESSION,CAPACITY,10,50,0,10000000,0.1,BETA_RESIDUAL,20,1292,0.17505487670600872,0.2533760995327554,0.9534887730035028,-0.1747283130986883,-0.06457204097457936,180,1.2923804969494814,5.169521987797926,46,46,0,1.0,58916.05032183926,0.0028535414184434308,10.0,0,0.00190149785783757,0.009869181432195132,0.02929322090154505,0.0965425418124123,0.0
O3,LGBM_REGRESSION,CAPACITY,10,50,0,10000000,0.2,BETA_RESIDUAL,20,1292,0.17505487670600872,0.2533760995327554,0.9534887730035028,-0.1747283130986883,-0.06457204097457936,180,1.2923804969494814,5.169521987797926,46,46,0,1.0,58916.05032183926,0.0028535414184434308,10.0,0,0.00190149785783757,0.009869181432195132,0.02929322090154505,0.0965425418124123,0.0
O3,LGBM_REGRESSION,CAPACITY,10,50,0,50000000,0.05,BETA_RESIDUAL,20,1292,0.04342551550090201,0.06131923083377133,0.37786139879784697,-0.21170944903536104,-0.056307444424516184,180,1.1417096236880842,4.566838494752337,45,40,5,0.8888888888888888,202922.30190076338,0.17002789117094363,8.331491712707182,0,0.009577579532649906,0.06488080328669776,0.1333903186804986,0.4827127090620615,0.08888888888888889
O3,LGBM_REGRESSION,CAPACITY,10,50,0,50000000,0.1,BETA_RESIDUAL,20,1292,0.029050348155491346,0.040905428588099646,0.29872504003965916,-0.223093867156685,-0.06319905828377403,180,1.1940738986477557,4.776295594591023,45,41,4,0.9111111111111111,228780.511884267,0.13351682778698634,8.668508287292818,0,0.009577579532649906,0.06488080328669776,0.1333903186804986,0.4827127090620615,0.08888888888888889
O3,LGBM_REGRESSION,CAPACITY,10,50,0,50000000,0.2,BETA_RESIDUAL,20,1292,0.18496802711965277,0.26820448659701657,1.0131045291638068,-0.1640102449445292,-0.06457191763415882,180,1.2458321464217808,4.983328585687123,45,44,1,0.9777777777777777,297064.80556108133,0.031503234693543186,9.668508287292818,0,0.009577579532649906,0.04487074293513423,0.12300887584251961,0.4827127090620615,0.06666666666666667
O3,LAMBDAMART,K_SENSITIVITY,5,0,0,1000000,0.1,VOL_SCALED,20,1292,0.00040717619384733617,0.0005700930894934064,0.14854315974100282,-0.21873368460641107,-0.06269331837174907,180,1.2042006442036925,4.81680257681477,23,21,2,0.9130434782608695,0.0,0.14224906036148732,4.331491712707182,0,0.00027799568974352945,0.0009846425429091206,0.016007706876026512,0.01950354380048733,0.0
O3,LAMBDAMART,K_SENSITIVITY,5,30,0,1000000,0.1,VOL_SCALED,20,1292,0.047655999192323995,0.06734835706340925,0.4056743209019794,-0.20496563288206915,-0.06768687272296192,180,1.4050996164043712,5.620398465617485,24,24,0,1.0,3152.3507538292392,0.0013359075487729623,5.0,0,0.00029712881550726677,0.001014215198099675,0.015096166130974965,0.019386522537684407,0.0
O3,LAMBDAMART,K_SENSITIVITY,5,50,0,1000000,0.1,VOL_SCALED,20,1292,0.03567695540979354,0.0503016268173726,0.35734841980695964,-0.20810589150656722,-0.06768415957328322,180,1.4016137464844922,5.606454985937969,24,24,0,1.0,5204.062120088584,0.0022557194409654,5.0,0,0.000295118935383824,0.0010053962144217562,0.015034517416134525,0.01930850836248246,0.0
O3,LAMBDAMART,K_SENSITIVITY,5,100,0,1000000,0.1,VOL_SCALED,20,1292,0.006416271124591866,0.008994292009792293,0.2377946287352788,-0.21587331445923053,-0.06767120697664153,180,1.392832010816549,5.571328043266196,24,24,0,1.0,10163.069090030749,0.004659343599839175,5.0,0,0.0002901541208126108,0.0009836917420441983,0.014880461793550391,0.019113472924477584,0.0
O3,LAMBDAMART,K_SENSITIVITY,10,0,0,1000000,0.1,VOL_SCALED,20,1292,0.3702689340903653,0.5542759838517861,1.8745287614128567,-0.1500337707926922,-0.0727514328003861,180,1.2136286244266705,4.854514497706682,44,43,1,0.9772727272727273,0.0,0.030304449358577137,9.668508287292818,0,0.0001644085252786017,0.001978542067157399,0.0033902153435636426,0.009751771900243665,0.0
O3,LAMBDAMART,K_SENSITIVITY,10,30,0,1000000,0.1,VOL_SCALED,20,1292,0.34730841604332463,0.5179372956446799,1.7579910102298588,-0.14985306855924807,-0.07266117590635979,180,1.2544378780118146,5.0177515120472584,45,45,0,1.0,4048.605609916027,0.001864258740119717,10.0,0,0.00014814925542281333,0.0018452507683206403,0.003349881440675521,0.009693261268842204,0.0
O3,LAMBDAMART,K_SENSITIVITY,10,50,0,1000000,0.1,VOL_SCALED,20,1292,0.33318008924701137,0.4956994932737917,1.7085495552840848,-0.1497291314952207,-0.07259927578162217,180,1.2514196910437203,5.005678764174881,45,45,0,1.0,6684.096348874743,0.0031332457106830283,10.0,0,0.00014755308135672553,0.0018278639776245522,0.0033285418236594804,0.00965425418124123,0.0
O3,LAMBDAMART,K_SENSITIVITY,10,100,0,1000000,0.1,VOL_SCALED,20,1292,0.29859616060779937,0.44166302591459017,1.583099099570698,-0.15062833264369346,-0.07243833560887802,180,1.2438118103342917,4.975247241337167,45,45,0,1.0,13055.188605965355,0.00639862766078702,10.0,0,0.0001460626461915061,0.0017850662025507668,0.003275659341863919,0.009556736462238792,0.0
O3,LAMBDAMART,K_SENSITIVITY,15,0,0,1000000,0.1,VOL_SCALED,20,1292,0.3297166199894652,0.49026237132938344,1.7574022392526774,-0.14652109059646157,-0.05836925212872879,180,1.078120666845892,4.312482667383568,63,62,1,0.9841269841269841,0.0,0.024589154040500483,14.662983425414364,0,8.260861983605255e-05,0.0008158937183548615,0.002182051052830028,0.006501181266829111,0.0
O3,LAMBDAMART,K_SENSITIVITY,15,30,0,1000000,0.1,VOL_SCALED,20,1292,0.2967306745287148,0.4387644487671627,1.5787413902600342,-0.16182011246001193,-0.0637018384452438,180,1.1095242398501663,4.438096959400665,63,63,0,1.0,3893.2075064309374,0.002443885505171705,15.0,0,8.181402158793822e-05,0.00080621135390576,0.002160508688049426,0.006462174179228137,0.0
O3,LAMBDAMART,K_SENSITIVITY,15,50,0,1000000,0.1,VOL_SCALED,20,1292,0.2846052788514437,0.4199648151389592,1.5353047399908337,-0.16387868803321926,-0.06361496737038652,180,1.1067708846797513,4.427083538719005,63,63,0,1.0,6431.110651462775,0.0040981775732148295,15.0,0,8.128757310190832e-05,0.0007998145686223478,0.002146241205823656,0.0064361694541608195,0.0
O3,LAMBDAMART,K_SENSITIVITY,15,100,0,1000000,0.1,VOL_SCALED,20,1292,0.25489423198031247,0.37420008904971525,1.4251991209946693,-0.16896727403044487,-0.06339191649566922,180,1.0998273472680524,4.39930938907221,63,63,0,1.0,12578.396808184265,0.008322600722392994,15.0,0,7.998285435347706e-05,0.0007840239438912025,0.002110899125153847,0.006371157641492529,0.0
O3,LAMBDAMART,K_SENSITIVITY,20,0,0,1000000,0.1,VOL_SCALED,20,1292,0.26397172250623346,0.3881369073716576,1.4688115246671813,-0.1635415124545535,-0.05623919767689778,180,1.113179188895112,4.452716755580448,85,84,1,0.9882352941176471,0.0,0.018622256138691874,19.662983425414364,0,6.882091381634927e-05,0.0008214082206681479,0.0011462248839995014,0.004875885950121833,0.0
O3,LAMBDAMART,K_SENSITIVITY,20,30,0,1000000,0.1,VOL_SCALED,20,1292,0.23548400565286132,0.34453458673250936,1.3184408562150778,-0.17512300857007113,-0.06025284533857789,180,1.1359511499895625,4.54380459995825,85,85,0,1.0,3709.915110155897,0.00233404157589003,20.0,0,6.840798833345117e-05,0.0008145177536657718,0.0011377202609310119,0.004846630634421102,0.0
O3,LAMBDAMART,K_SENSITIVITY,20,50,0,1000000,0.1,VOL_SCALED,20,1292,0.22375659992920194,0.32670102862716055,1.2727175434578795,-0.1772484256838719,-0.06017753252198865,180,1.1331109473602285,4.532443789440914,85,85,0,1.0,6128.1095697145265,0.003915664201590495,20.0,0,6.813270467818578e-05,0.0008099460393730013,0.0011327134824878848,0.004827127090620615,0.0
O3,LAMBDAMART,K_SENSITIVITY,20,100,0,1000000,0.1,VOL_SCALED,20,1292,0.19503280670643952,0.2833105338523785,1.1572856677986387,-0.18250227340621494,-0.05998362790826306,180,1.1259489302752086,4.503795721100834,85,85,0,1.0,11984.741040925868,0.007960443101204653,20.0,0,6.744449554002228e-05,0.0007985928897621009,0.0011212719321597243,0.004778368231119396,0.0
O3,LAMBDAMART,DELAY,10,50,1,1000000,0.1,VOL_SCALED,20,1292,0.3657061209807928,0.5470350676223017,1.8656549020334043,-0.14944523911035512,-0.07251611235318767,180,1.250555278495855,5.00222111398342,45,45,0,1.0,6847.666986188058,0.0031286058431721745,10.0,0,0.00014512906677537448,0.0018497140910619697,0.003477252554380704,0.009575575639628202,0.0
O3,LAMBDAMART,DELAY,10,50,2,1000000,0.1,VOL_SCALED,20,1292,0.3013590142363318,0.4459589860168556,1.55553655658316,-0.15166810435615807,-0.07229269944180161,180,1.250304603047893,5.001218412191572,45,45,0,1.0,6524.891662215688,0.003139865828229662,10.0,0,0.00014512906677537448,0.0017791251607656455,0.0034080945068785196,0.00965425418124123,0.0
O3,LAMBDAMART,CAPACITY,10,50,0,1000000,0.05,VOL_SCALED,20,1292,0.33318008924701137,0.4956994932737917,1.7085495552840848,-0.1497291314952207,-0.07259927578162217,180,1.2514196910437203,5.005678764174881,45,45,0,1.0,6684.096348874743,0.0031332457106830283,10.0,0,0.00014755308135672553,0.0018278639776245522,0.0033285418236594804,0.00965425418124123,0.0
O3,LAMBDAMART,CAPACITY,10,50,0,1000000,0.2,VOL_SCALED,20,1292,0.33318008924701137,0.4956994932737917,1.7085495552840848,-0.1497291314952207,-0.07259927578162217,180,1.2514196910437203,5.005678764174881,45,45,0,1.0,6684.096348874743,0.0031332457106830283,10.0,0,0.00014755308135672553,0.0018278639776245522,0.0033285418236594804,0.00965425418124123,0.0
O3,LAMBDAMART,CAPACITY,10,50,0,10000000,0.05,VOL_SCALED,20,1292,0.3435975601155694,0.5120873813009643,1.7801322769873014,-0.1497288894373805,-0.0725991548893179,180,1.2066992088740593,4.826796835496237,44,43,1,0.9772727272727273,67363.13636324182,0.03243595013462578,9.668508287292818,0,0.001415950271111287,0.010666921506580744,0.03079127755031544,0.0965425418124123,0.0
O3,LAMBDAMART,CAPACITY,10,50,0,10000000,0.1,VOL_SCALED,20,1292,0.3331800892470116,0.49569949327379215,1.7085495552840864,-0.14972913149522094,-0.07259927578162184,180,1.2514196910437205,5.005678764174882,45,45,0,1.0,66840.96348874745,0.00313324571068312,10.0,0,0.0014755308135672555,0.01827863977624553,0.03328541823659481,0.0965425418124123,0.0
O3,LAMBDAMART,CAPACITY,10,50,0,10000000,0.2,VOL_SCALED,20,1292,0.3331800892470116,0.49569949327379215,1.7085495552840864,-0.14972913149522094,-0.07259927578162184,180,1.2514196910437205,5.005678764174882,45,45,0,1.0,66840.96348874745,0.00313324571068312,10.0,0,0.0014755308135672555,0.01827863977624553,0.03328541823659481,0.0965425418124123,0.0
O3,LAMBDAMART,CAPACITY,10,50,0,50000000,0.05,VOL_SCALED,20,1292,0.29797000601530255,0.44068992615736,1.7064021397430145,-0.1354478637366585,-0.054003559881361185,180,1.0561330525842765,4.224532210337106,43,39,4,0.9069767441860465,253391.84083364528,0.13742016246582217,8.662983425414364,0,0.006781848643276594,0.03170809529566962,0.10285172154796607,0.4827127090620615,0.06976744186046512
O3,LAMBDAMART,CAPACITY,10,50,0,50000000,0.1,VOL_SCALED,20,1292,0.2861242928202312,0.4223160735185254,1.6053263466754284,-0.14343873921601258,-0.0643722778925041,180,1.1080679450312072,4.432271780124829,43,40,3,0.9302325581395349,286335.250758643,0.10070613565319854,9.0,0,0.006781848643276594,0.03170809529566962,0.10285172154796607,0.4827127090620615,0.06976744186046512
O3,LAMBDAMART,CAPACITY,10,50,0,50000000,0.2,VOL_SCALED,20,1292,0.34359756011556963,0.5120873813009648,1.7801322769872934,-0.14972888943738039,-0.07259915488931767,180,1.2066992088740591,4.8267968354962365,44,43,1,0.9772727272727273,336815.68181620905,0.03243595013462589,9.668508287292818,0,0.0070797513555564354,0.05333460753290371,0.15395638775157716,0.4827127090620615,0.09090909090909091
O4,LGBM_REGRESSION,K_SENSITIVITY,5,0,0,1000000,0.1,RAW,60,1383,0.12018147733780982,0.6106872691782994,1.6929381619728396,-0.10154477605773116,-0.07567491726784714,60,1.0,2.0,5,5,0,1.0,0.0,0.0,5.0,0,0.0003384989104722327,0.0018611680670314007,0.0020631482469199948,0.0022651284268085893,0.0
O4,LGBM_REGRESSION,K_SENSITIVITY,5,30,0,1000000,0.1,RAW,60,1383,0.11313800730836165,0.5685770230752574,1.6512638944869011,-0.10127248068197436,-0.07547199269769422,60,0.9956484288316025,1.991296857663205,5,5,0,1.0,3340.3811654213487,0.0029388963510346574,5.0,0,0.0003364679170093993,0.0018500010586292122,0.0020507693574384747,0.0022515376562477376,0.0
O4,LGBM_REGRESSION,K_SENSITIVITY,5,50,0,1000000,0.1,RAW,60,1383,0.10848476425160936,0.5412207899392567,1.6232221884775693,-0.101088137745455,-0.07533461353343163,60,0.9927334535292467,1.9854669070584934,5,5,0,1.0,5544.898312822158,0.00492763773215834,5.0,0,0.0003351139213675104,0.0018425563863610865,0.0020425167644507946,0.0022424771425405034,0.0
O4,LGBM_REGRESSION,K_SENSITIVITY,5,100,0,1000000,0.1,RAW,60,1383,0.09700006931314298,0.4752579071395657,1.552317716433649,-0.10061738460873693,-0.0749837909105675,60,0.9853970198861217,1.9707940397722434,5,5,0,1.0,10977.778477910537,0.010003028278368603,5.0,0,0.00033172893226278806,0.0018239447056907726,0.002021885281981595,0.0022198258582724175,0.0
O4,LGBM_REGRESSION,K_SENSITIVITY,10,0,0,1000000,0.1,RAW,60,1383,0.028508876724088195,0.12531416612637458,0.65014307294201,-0.10889550793879599,-0.074303513683465,60,0.9999999999999999,1.9999999999999998,10,10,0,1.0,0.0,0.0,10.0,0,0.0002045149701152081,0.0006781088086549571,0.0009053365110296254,0.0011325642134042946,0.0
O4,LGBM_REGRESSION,K_SENSITIVITY,10,30,0,1000000,0.1,RAW,60,1383,0.022288809993352476,0.0970063701889603,0.6087070191884912,-0.10858969358050852,-0.07409484500845986,60,0.9955283157656407,1.9910566315312814,10,10,0,1.0,3067.013470391231,0.0029725255865645723,10.0,0,0.00020328788029451688,0.0006740401558030274,0.0008999044919634476,0.0011257688281238688,0.0
O4,LGBM_REGRESSION,K_SENSITIVITY,10,50,0,1000000,0.1,RAW,60,1383,0.018182669017063002,0.07861869109642172,0.5810538760857492,-0.10838270255856775,-0.07395360722443856,60,0.9925324297077504,1.9850648594155007,10,10,0,1.0,5091.118939784236,0.0049839230275567446,10.0,0,0.00020246982041405602,0.0006713277205684076,0.0008962831459193291,0.0011212385712702517,0.0
O4,LGBM_REGRESSION,K_SENSITIVITY,10,100,0,1000000,0.1,RAW,60,1383,0.008059312197710389,0.03428817803042161,0.5119209448502398,-0.10785427505929523,-0.07359304120416743,60,0.9849908592964205,1.969981718592841,10,10,0,1.0,10079.386991896063,0.010116764288176662,10.0,0,0.00020042467071290394,0.0006645466324818579,0.0008872297808090329,0.0011099129291362087,0.0
O4,LGBM_REGRESSION,K_SENSITIVITY,15,0,0,1000000,0.1,RAW,60,1383,-0.005101069437351113,-0.02125028424032005,0.2392002761100434,-0.14035268038747117,-0.08156383108441156,60,0.9999999999999999,1.9999999999999998,15,15,0,1.0,0.0,1.4431201229542983e-16,15.0,0,0.00015350277799329687,0.0006052162867843977,0.0007373408952280047,0.0007550428089361965,0.0
O4,LGBM_REGRESSION,K_SENSITIVITY,15,30,0,1000000,0.1,RAW,60,1383,-0.011019251631664728,-0.04547146008046232,0.19957226768479272,-0.1399607590965385,-0.08133532697473433,60,0.9954787501921774,1.9909575003843547,15,15,0,1.0,2966.7886109378187,0.003001984834307671,15.0,0,0.00015258176132533708,0.0006015849890636913,0.0007329168498566367,0.0007505125520825793,0.0
O4,LGBM_REGRESSION,K_SENSITIVITY,15,50,0,1000000,0.1,RAW,60,1383,-0.014924808449262916,-0.06120362593404993,0.17321218250011058,-0.13969547933183857,-0.08118066177328864,60,0.9924494947981576,1.9848989895963152,15,15,0,1.0,4924.749706285112,0.005033214678207726,15.0,0,0.00015196775021336387,0.0005991641239165537,0.0007299674862757246,0.0007474923808468344,0.0
O4,LGBM_REGRESSION,K_SENSITIVITY,15,100,0,1000000,0.1,RAW,60,1383,-0.024549057568118426,-0.09912856351747734,0.1076048671996956,-0.13901822045776446,-0.08078581042463695,60,0.984823391116403,1.969646782232806,15,15,0,1.0,9750.009519513958,0.010216294332059393,15.0,0,0.0001504327224334309,0.0005931119610487097,0.0007225940773234446,0.0007399419527574726,0.0
O4,LGBM_REGRESSION,K_SENSITIVITY,20,0,0,1000000,0.1,RAW,60,1383,0.08041277154895776,0.3838110022264747,1.4578093710576348,-0.11568324201170721,-0.07970107913100288,60,1.0000000000000002,2.0000000000000004,20,20,0,1.0,0.0,0.0,20.0,0,0.00011750866299606129,0.0005492124041978196,0.0005706605887570069,0.0006538517477993378,0.0
O4,LGBM_REGRESSION,K_SENSITIVITY,20,30,0,1000000,0.1,RAW,60,1383,0.0737265040349051,0.3481972235605886,1.411272741393003,-0.11537554208078415,-0.07948908631236629,60,0.9955988185253475,1.991197637050695,20,20,0,1.0,3221.790884758993,0.002934107241798585,20.0,0,0.00011680361101808491,0.0005459171297726328,0.0005672366252244648,0.0006499286373125416,0.0
O4,LGBM_REGRESSION,K_SENSITIVITY,20,50,0,1000000,0.1,RAW,60,1383,0.06931060061430117,0.3250621947874075,1.3801091074721596,-0.11516722280012404,-0.07934556274591309,60,0.9926504167025605,1.985300833405121,20,20,0,1.0,5348.043219167342,0.004919627050608621,20.0,0,0.00011633357636610067,0.0005437202801558414,0.0005649539828694369,0.0006473132303213443,0.0
O4,LGBM_REGRESSION,K_SENSITIVITY,20,100,0,1000000,0.1,RAW,60,1383,0.05841647095679914,0.2692807005129165,1.3018473937058495,-0.11463521389318854,-0.07897903010684859,60,0.9852292063100723,1.9704584126201445,20,20,0,1.0,10588.045161179789,0.009986866090124601,20.0,0,0.00011515848973614007,0.0005382281561138632,0.0005592473769818668,0.000640774712843351,0.0
O4,LGBM_REGRESSION,DELAY,10,50,1,1000000,0.1,RAW,60,1383,0.05501275733300459,0.2522250491947644,0.8689036706299804,-0.10785027236603684,-0.07389474386362038,60,0.9926185736963355,1.985237147392671,10,10,0,1.0,5276.194760467359,0.004954370881522491,10.0,0,0.0001906176463685815,0.0006610543634660952,0.0008397796818566113,0.0010185050002471281,0.0
O4,LGBM_REGRESSION,DELAY,10,50,2,1000000,0.1,RAW,60,1383,0.05043255327065155,0.22955036581781219,0.7973172723677976,-0.10841435610889716,-0.0742160154990148,60,0.9926081897068143,1.9852163794136286,10,10,0,1.0,5253.178659651513,0.004981115284010664,10.0,0,0.00020032168510863686,0.0006574772948686504,0.0008201058045706648,0.0009827343142726798,0.0
O4,LGBM_REGRESSION,CAPACITY,10,50,0,1000000,0.05,RAW,60,1383,0.018182669017063002,0.07861869109642172,0.5810538760857492,-0.10838270255856775,-0.07395360722443856,60,0.9925324297077504,1.9850648594155007,10,10,0,1.0,5091.118939784236,0.0049839230275567446,10.0,0,0.00020246982041405602,0.0006713277205684076,0.0008962831459193291,0.0011212385712702517,0.0
O4,LGBM_REGRESSION,CAPACITY,10,50,0,1000000,0.2,RAW,60,1383,0.018182669017063002,0.07861869109642172,0.5810538760857492,-0.10838270255856775,-0.07395360722443856,60,0.9925324297077504,1.9850648594155007,10,10,0,1.0,5091.118939784236,0.0049839230275567446,10.0,0,0.00020246982041405602,0.0006713277205684076,0.0008962831459193291,0.0011212385712702517,0.0
O4,LGBM_REGRESSION,CAPACITY,10,50,0,10000000,0.05,RAW,60,1383,0.018182669017063002,0.07861869109642172,0.581053876085754,-0.10838270255856763,-0.07395360722443856,60,0.9925324297077504,1.9850648594155007,10,10,0,1.0,50911.18939784236,0.0049839230275567446,10.0,0,0.00202469820414056,0.006713277205684075,0.008962831459193292,0.011212385712702517,0.0
O4,LGBM_REGRESSION,CAPACITY,10,50,0,10000000,0.1,RAW,60,1383,0.018182669017063002,0.07861869109642172,0.581053876085754,-0.10838270255856763,-0.07395360722443856,60,0.9925324297077504,1.9850648594155007,10,10,0,1.0,50911.18939784236,0.0049839230275567446,10.0,0,0.00202469820414056,0.006713277205684075,0.008962831459193292,0.011212385712702517,0.0
O4,LGBM_REGRESSION,CAPACITY,10,50,0,10000000,0.2,RAW,60,1383,0.018182669017063002,0.07861869109642172,0.581053876085754,-0.10838270255856763,-0.07395360722443856,60,0.9925324297077504,1.9850648594155007,10,10,0,1.0,50911.18939784236,0.0049839230275567446,10.0,0,0.00202469820414056,0.006713277205684075,0.008962831459193292,0.011212385712702517,0.0
O4,LGBM_REGRESSION,CAPACITY,10,50,0,50000000,0.05,RAW,60,1383,-0.051889261237590745,-0.20051913134915056,-0.4708036586540359,-0.11774701991219849,-0.0702721941552572,60,0.8906120774591806,1.7812241549183612,10,9,1,0.9,211951.1906438214,0.10359576221168754,9.0,0,0.0101234910207028,0.033566386028420374,0.04481415729596645,0.05606192856351258,0.0
O4,LGBM_REGRESSION,CAPACITY,10,50,0,50000000,0.1,RAW,60,1383,0.018182669017063002,0.07861869109642172,0.5810538760857507,-0.10838270255856775,-0.07395360722443878,60,0.9925324297077505,1.985064859415501,10,10,0,1.0,254555.9469892118,0.0049839230275567446,10.0,0,0.0101234910207028,0.033566386028420374,0.04481415729596645,0.05606192856351258,0.0
O4,LGBM_REGRESSION,CAPACITY,10,50,0,50000000,0.2,RAW,60,1383,0.018182669017063002,0.07861869109642172,0.5810538760857507,-0.10838270255856775,-0.07395360722443878,60,0.9925324297077505,1.985064859415501,10,10,0,1.0,254555.9469892118,0.0049839230275567446,10.0,0,0.0101234910207028,0.033566386028420374,0.04481415729596645,0.05606192856351258,0.0
O4,LAMBDAMART,K_SENSITIVITY,5,0,0,1000000,0.1,BETA_RESIDUAL,60,1383,0.31686586812365913,2.1774188931769585,4.021147726629555,-0.06300609255371936,-0.05587495541967147,60,1.0,2.0,5,5,0,1.0,0.0,0.0,5.0,0,0.0012552275273656174,0.010245764034411447,0.012789216382149476,0.01533266872988751,0.0
O4,LAMBDAMART,K_SENSITIVITY,5,30,0,1000000,0.1,BETA_RESIDUAL,60,1383,0.3080557788961724,2.089088196963319,3.9705909496899356,-0.06281641560631757,-0.05572932654185714,60,0.9958498323711491,1.9916996647422982,5,5,0,1.0,3926.894018744752,0.0028888629861609037,5.0,0,0.0012476961622014237,0.010184289450204978,0.012712481083856579,0.015240672717508185,0.0
O4,LAMBDAMART,K_SENSITIVITY,5,50,0,1000000,0.1,BETA_RESIDUAL,60,1383,0.30222872339521034,2.031702177410259,3.9361795130924797,-0.06268807603881388,-0.0556307238775724,60,0.9930706740142157,1.9861413480284313,5,5,0,1.0,6518.486047212113,0.004843852680093797,5.0,0,0.0012426752520919612,0.010143306394067332,0.01266132421832798,0.015179342042588634,0.0
O4,LAMBDAMART,K_SENSITIVITY,5,100,0,1000000,0.1,BETA_RESIDUAL,60,1383,0.28782326525357416,1.8933190048936819,3.8478421594190078,-0.06236059750837519,-0.0553788784005228,60,0.9860791204306114,1.9721582408612228,5,5,0,1.0,12905.28550761186,0.009833495531746748,5.0,0,0.001230122976818305,0.010040848753723217,0.012533432054506487,0.01502601535528976,0.0
O4,LAMBDAMART,K_SENSITIVITY,10,0,0,1000000,0.1,BETA_RESIDUAL,60,1383,0.15779782674332266,0.8503652601789979,2.307248014478468,-0.10634277448807006,-0.07541966884727624,60,1.0,2.0,10,10,0,1.0,0.0,0.0,10.0,0,0.0002702459962803305,0.0019435665825331813,0.004804950473738462,0.007666334364943755,0.0
O4,LAMBDAMART,K_SENSITIVITY,10,30,0,1000000,0.1,BETA_RESIDUAL,60,1383,0.15041648666351404,0.8013222243660205,2.2588901689985468,-0.10606304518212628,-0.07522128121141969,60,0.9956922259390166,1.9913844518780333,10,10,0,1.0,3452.5531193485886,0.002892637152290384,10.0,0,0.0002686245203026485,0.001931905183037982,0.004776120770896031,0.0076203363587540925,0.0
O4,LAMBDAMART,K_SENSITIVITY,10,50,0,1000000,0.1,BETA_RESIDUAL,60,1383,0.1455387492335103,0.769461403921623,2.2262920320904516,-0.10587365323661013,-0.07508696199808373,60,0.9928067696263019,1.9856135392526038,10,10,0,1.0,5731.099242379448,0.004850222729354678,10.0,0,0.00026754353631752714,0.0019241309167078494,0.004756900969001077,0.007589671021294317,0.0
O4,LAMBDAMART,K_SENSITIVITY,10,100,0,1000000,0.1,BETA_RESIDUAL,60,1383,0.13349545150637177,0.6926340894146057,2.143691528935833,-0.10538994693628989,-0.07474391124390622,60,0.9855452363049305,1.971090472609861,10,10,0,1.0,11346.418702084564,0.009846642125896797,10.0,0,0.00026484107635472385,0.0019046952508825175,0.0047088514642636935,0.00751300767764488,0.0
O4,LAMBDAMART,K_SENSITIVITY,15,0,0,1000000,0.1,BETA_RESIDUAL,60,1383,0.05179388651707462,0.23625681054337422,1.040700384806108,-0.12569936051913821,-0.0800330058098998,60,0.9999999999999998,1.9999999999999996,15,15,0,1.0,0.0,1.4458393501802553e-16,15.0,0,0.0002145603838113684,0.000842846396430062,0.0021435285042681286,0.00511088957662917,0.0
O4,LAMBDAMART,K_SENSITIVITY,15,30,0,1000000,0.1,BETA_RESIDUAL,60,1383,0.045364673828378166,0.20482742122871622,0.9965466750427094,-0.12534909086446788,-0.07980998849945775,60,0.9955608026862219,1.9911216053724439,15,15,0,1.0,3136.449369593916,0.0030076227854883225,15.0,0,0.0002132730215085002,0.0008377893180514817,0.0021306673332425197,0.005080224239169396,0.0
O4,LAMBDAMART,K_SENSITIVITY,15,50,0,1000000,0.1,BETA_RESIDUAL,60,1383,0.04111956791364424,0.18441134433042738,0.9669959319317075,-0.1251120015159276,-0.0796590332906898,60,0.9925867940524019,1.9851735881048038,15,15,0,1.0,5206.3797382595185,0.00504264634123942,15.0,0,0.00021241477997325473,0.0008344179324657613,0.002122093219225447,0.005059780680862878,0.0
O4,LAMBDAMART,K_SENSITIVITY,15,100,0,1000000,0.1,BETA_RESIDUAL,60,1383,0.030650428698865362,0.13518810204338205,0.8928400217264549,-0.12450670421542331,-0.07927363942577348,60,0.9851006669270512,1.9702013338541025,15,15,0,1.0,10307.58008786733,0.010235329323635438,15.0,0,0.00021026917613514105,0.0008259894685014608,0.002100657934182766,0.005008671785096587,0.0
O4,LAMBDAMART,K_SENSITIVITY,20,0,0,1000000,0.1,BETA_RESIDUAL,60,1383,0.0686180637518734,0.3214615977052051,1.2211055459369,-0.1480562602992247,-0.08544785761011031,60,1.0,2.0,20,20,0,1.0,0.0,0.0,20.0,0,0.00010498956610785899,0.0007644322073640724,0.0018633318853979307,0.0038331671824718776,0.0
O4,LAMBDAMART,K_SENSITIVITY,20,30,0,1000000,0.1,BETA_RESIDUAL,60,1383,0.06203773630325404,0.2876202056495001,1.1791531013657852,-0.14765697958442314,-0.08521742033176871,60,0.9955833970164184,1.9911667940328368,20,20,0,1.0,3186.619066108087,0.002960677865157056,20.0,0,0.00010435962871121184,0.000759845614119888,0.0018521518940855432,0.0038101681793770463,0.0
O4,LAMBDAMART,K_SENSITIVITY,20,50,0,1000000,0.1,BETA_RESIDUAL,60,1383,0.05769222369878291,0.2656368400923681,1.1509971972251223,-0.1473866750035564,-0.08506141917862198,60,0.9926246067406133,1.9852492134812265,20,20,0,1.0,5289.659415571773,0.0049640940457230665,20.0,0,0.0001039396704467804,0.0007567878852904317,0.0018446985665439512,0.0037948355106471585,0.0
O4,LAMBDAMART,K_SENSITIVITY,20,100,0,1000000,0.1,BETA_RESIDUAL,60,1383,0.046973245452067935,0.21263319303944672,1.0800605269130465,-0.14669642866529986,-0.08466305661895668,60,0.9851770573297008,1.9703541146594017,20,20,0,1.0,10472.45702476836,0.010076698668588449,20.0,0,0.00010288977478570182,0.000749143563216791,0.001826065247689972,0.00375650383882244,0.0
O4,LAMBDAMART,DELAY,10,50,1,1000000,0.1,BETA_RESIDUAL,60,1383,0.18134634029457208,1.013651959063604,2.502260570441357,-0.10504224765118819,-0.07488561626016443,60,0.992873249685762,1.985746499371524,10,10,0,1.0,5911.036885902372,0.004799929657190804,10.0,0,0.00026761989134476923,0.0017947473034190028,0.0044771035313068185,0.007159459759194645,0.0
O4,LAMBDAMART,DELAY,10,50,2,1000000,0.1,BETA_RESIDUAL,60,1383,0.14994951419564972,0.7982532390563533,2.2582379997378665,-0.1056223750821571,-0.07516960571791331,60,0.9928151822009275,1.985630364401855,10,10,0,1.0,5753.263890430399,0.004821224578515086,10.0,0,0.00026476286950560487,0.0017351766991180887,0.003957220678870658,0.006179264658623235,0.0
O4,LAMBDAMART,CAPACITY,10,50,0,1000000,0.05,BETA_RESIDUAL,60,1383,0.1455387492335103,0.769461403921623,2.2262920320904516,-0.10587365323661013,-0.07508696199808373,60,0.9928067696263019,1.9856135392526038,10,10,0,1.0,5731.099242379448,0.004850222729354678,10.0,0,0.00026754353631752714,0.0019241309167078494,0.004756900969001077,0.007589671021294317,0.0
O4,LAMBDAMART,CAPACITY,10,50,0,1000000,0.2,BETA_RESIDUAL,60,1383,0.1455387492335103,0.769461403921623,2.2262920320904516,-0.10587365323661013,-0.07508696199808373,60,0.9928067696263019,1.9856135392526038,10,10,0,1.0,5731.099242379448,0.004850222729354678,10.0,0,0.00026754353631752714,0.0019241309167078494,0.004756900969001077,0.007589671021294317,0.0
O4,LAMBDAMART,CAPACITY,10,50,0,10000000,0.05,BETA_RESIDUAL,60,1383,0.046789135081542366,0.21173782989041623,0.93937276292463,-0.10841866467574446,-0.07218768445937152,60,0.8957888203245037,1.7915776406490074,10,9,1,0.9,47348.951511635285,0.10212845010171083,9.0,0,0.0026754353631752714,0.01924130916707849,0.04756900969001078,0.07589671021294317,0.0
O4,LAMBDAMART,CAPACITY,10,50,0,10000000,0.1,BETA_RESIDUAL,60,1383,0.1455387492335103,0.769461403921623,2.226292032090454,-0.1058736532366098,-0.07508696199808373,60,0.9928067696263018,1.9856135392526035,10,10,0,1.0,57310.99242379447,0.004850222729354678,10.0,0,0.0026754353631752714,0.01924130916707849,0.04756900969001078,0.07589671021294317,0.0
O4,LAMBDAMART,CAPACITY,10,50,0,10000000,0.2,BETA_RESIDUAL,60,1383,0.1455387492335103,0.769461403921623,2.226292032090454,-0.1058736532366098,-0.07508696199808373,60,0.9928067696263018,1.9856135392526035,10,10,0,1.0,57310.99242379447,0.004850222729354678,10.0,0,0.0026754353631752714,0.01924130916707849,0.04756900969001078,0.07589671021294317,0.0
O4,LAMBDAMART,CAPACITY,10,50,0,50000000,0.05,BETA_RESIDUAL,60,1383,0.00937312644694721,0.039961589561430255,0.3160431226331104,-0.09717882471722128,-0.058868126798620524,60,0.6966683328862274,1.3933366657724549,10,7,3,0.7,177346.26292636865,0.29868708197808436,7.0,0,0.013377176815876357,0.09620654583539245,0.2378450484500539,0.3794835510647159,0.1
O4,LAMBDAMART,CAPACITY,10,50,0,50000000,0.1,BETA_RESIDUAL,60,1383,0.046789135081542366,0.21173782989041623,0.9393727629246285,-0.10841866467574457,-0.07218768445937152,60,0.8957888203245037,1.7915776406490074,10,9,1,0.9,236744.7575581764,0.10212845010171083,9.0,0,0.013377176815876357,0.09620654583539245,0.2378450484500539,0.3794835510647159,0.1
O4,LAMBDAMART,CAPACITY,10,50,0,50000000,0.2,BETA_RESIDUAL,60,1383,0.046789135081542366,0.21173782989041623,0.9393727629246285,-0.10841866467574457,-0.07218768445937152,60,0.8957888203245037,1.7915776406490074,10,9,1,0.9,236744.7575581764,0.10212845010171083,9.0,0,0.013377176815876357,0.09620654583539245,0.2378450484500539,0.3794835510647159,0.1
