symbol,rows,eligible_rows,unresolved_rows,unresolved_pct,max_unresolved_streak,coverage_band
AEFES.IS,2201,2175,26,0.011812812358019082,4,SMALL_COVERAGE_LOSS
AGHOL.IS,2201,2176,25,0.011358473421172195,4,SMALL_COVERAGE_LOSS
AGROT.IS,706,702,4,0.0056657223796034,3,SMALL_COVERAGE_LOSS
AKBNK.IS,2200,2175,25,0.011363636363636364,4,SMALL_COVERAGE_LOSS
ALARK.IS,2200,2175,25,0.011363636363636364,4,SMALL_COVERAGE_LOSS
ALFAS.IS,959,955,4,0.004171011470281543,3,SMALL_COVERAGE_LOSS
ALVES.IS,637,633,4,0.006279434850863423,3,SMALL_COVERAGE_LOSS
ANSGR.IS,2201,2175,26,0.011812812358019082,4,SMALL_COVERAGE_LOSS
ARCLK.IS,2200,2175,25,0.011363636363636364,4,SMALL_COVERAGE_LOSS
ASELS.IS,2200,2164,36,0.016363636363636365,11,MATERIALLY_PROBLEMATIC
ASTOR.IS,914,910,4,0.00437636761487965,3,SMALL_COVERAGE_LOSS
BIMAS.IS,2203,2175,28,0.01270994098955969,4,SMALL_COVERAGE_LOSS
BINHO.IS,622,618,4,0.006430868167202572,3,SMALL_COVERAGE_LOSS
BIZIM.IS,2200,2175,25,0.011363636363636364,4,SMALL_COVERAGE_LOSS
BRSAN.IS,2200,2175,25,0.011363636363636364,4,SMALL_COVERAGE_LOSS
BSOKE.IS,2200,2169,31,0.014090909090909091,6,MATERIALLY_PROBLEMATIC
CANTE.IS,1345,1339,6,0.0044609665427509295,3,SMALL_COVERAGE_LOSS
CCOLA.IS,2201,2167,34,0.015447523852794184,8,MATERIALLY_PROBLEMATIC
CIMSA.IS,2200,2175,25,0.011363636363636364,4,SMALL_COVERAGE_LOSS
CLEBI.IS,2200,2175,25,0.011363636363636364,4,SMALL_COVERAGE_LOSS
CVKMD.IS,858,852,6,0.006993006993006993,3,SMALL_COVERAGE_LOSS
CWENE.IS,841,837,4,0.0047562425683709865,3,SMALL_COVERAGE_LOSS
DOAS.IS,2200,2175,25,0.011363636363636364,4,SMALL_COVERAGE_LOSS
DOHOL.IS,2200,2175,25,0.011363636363636364,4,SMALL_COVERAGE_LOSS
ECILC.IS,2200,2175,25,0.011363636363636364,4,SMALL_COVERAGE_LOSS
EKGYO.IS,2200,2175,25,0.011363636363636364,4,SMALL_COVERAGE_LOSS
ENKAI.IS,2200,2175,25,0.011363636363636364,4,SMALL_COVERAGE_LOSS
EREGL.IS,2201,2175,26,0.011812812358019082,4,SMALL_COVERAGE_LOSS
EUPWR.IS,853,849,4,0.004689331770222743,3,SMALL_COVERAGE_LOSS
FORTE.IS,620,617,3,0.004838709677419355,3,SMALL_COVERAGE_LOSS
FROTO.IS,2201,2176,25,0.011358473421172195,4,SMALL_COVERAGE_LOSS
GARAN.IS,2200,2175,25,0.011363636363636364,4,SMALL_COVERAGE_LOSS
GENTS.IS,2201,2175,26,0.011812812358019082,4,SMALL_COVERAGE_LOSS
GESAN.IS,1273,1270,3,0.002356637863315004,3,SMALL_COVERAGE_LOSS
GOKNR.IS,882,879,3,0.003401360544217687,3,SMALL_COVERAGE_LOSS
GUBRF.IS,2200,2175,25,0.011363636363636364,4,SMALL_COVERAGE_LOSS
HALKB.IS,2200,2175,25,0.011363636363636364,4,SMALL_COVERAGE_LOSS
HEKTS.IS,2200,2168,32,0.014545454545454545,7,MATERIALLY_PROBLEMATIC
INVES.IS,628,625,3,0.004777070063694267,3,SMALL_COVERAGE_LOSS
ISCTR.IS,2200,2175,25,0.011363636363636364,4,SMALL_COVERAGE_LOSS
ISGYO.IS,2200,2175,25,0.011363636363636364,4,SMALL_COVERAGE_LOSS
KBORU.IS,622,514,108,0.17363344051446947,104,MATERIALLY_PROBLEMATIC
KCAER.IS,1055,1050,5,0.004739336492890996,3,SMALL_COVERAGE_LOSS
KCHOL.IS,2200,2175,25,0.011363636363636364,4,SMALL_COVERAGE_LOSS
KONTR.IS,1481,1469,12,0.008102633355840648,6,MATERIALLY_PROBLEMATIC
KORDS.IS,2206,2176,30,0.013599274705349048,4,SMALL_COVERAGE_LOSS
KRDMD.IS,2200,2175,25,0.011363636363636364,4,SMALL_COVERAGE_LOSS
LOGO.IS,2200,2175,25,0.011363636363636364,4,SMALL_COVERAGE_LOSS
MAVI.IS,2201,2176,25,0.011358473421172195,4,SMALL_COVERAGE_LOSS
MGROS.IS,2200,2175,25,0.011363636363636364,4,SMALL_COVERAGE_LOSS
MIATK.IS,1208,1203,5,0.0041390728476821195,3,SMALL_COVERAGE_LOSS
MOGAN.IS,597,594,3,0.005025125628140704,3,SMALL_COVERAGE_LOSS
MTRKS.IS,1362,1356,6,0.004405286343612335,3,SMALL_COVERAGE_LOSS
ODAS.IS,2200,2175,25,0.011363636363636364,4,SMALL_COVERAGE_LOSS
ONCSM.IS,924,920,4,0.004329004329004329,3,SMALL_COVERAGE_LOSS
OTKAR.IS,2198,2173,25,0.011373976342129208,4,SMALL_COVERAGE_LOSS
OYAKC.IS,2201,2170,31,0.014084507042253521,5,SMALL_COVERAGE_LOSS
PASEU.IS,621,617,4,0.00644122383252818,3,SMALL_COVERAGE_LOSS
PETKM.IS,2200,2175,25,0.011363636363636364,4,SMALL_COVERAGE_LOSS
PGSUS.IS,2201,2175,26,0.011812812358019082,4,SMALL_COVERAGE_LOSS
PLTUR.IS,939,935,4,0.004259850905218318,3,SMALL_COVERAGE_LOSS
REEDR.IS,620,617,3,0.004838709677419355,3,SMALL_COVERAGE_LOSS
SAHOL.IS,2200,2175,25,0.011363636363636364,4,SMALL_COVERAGE_LOSS
SASA.IS,2201,2038,163,0.0740572467060427,29,MATERIALLY_PROBLEMATIC
SDTTR.IS,929,920,9,0.00968783638320775,3,SMALL_COVERAGE_LOSS
SELEC.IS,2200,2175,25,0.011363636363636364,4,SMALL_COVERAGE_LOSS
SISE.IS,2200,2175,25,0.011363636363636364,4,SMALL_COVERAGE_LOSS
SKBNK.IS,2200,2175,25,0.011363636363636364,4,SMALL_COVERAGE_LOSS
SOKM.IS,2101,2079,22,0.010471204188481676,4,SMALL_COVERAGE_LOSS
SURGY.IS,621,618,3,0.004830917874396135,3,SMALL_COVERAGE_LOSS
TABGD.IS,725,722,3,0.004137931034482759,3,SMALL_COVERAGE_LOSS
TAVHL.IS,2200,2175,25,0.011363636363636364,4,SMALL_COVERAGE_LOSS
TCELL.IS,2200,2174,26,0.011818181818181818,4,SMALL_COVERAGE_LOSS
TERA.IS,932,928,4,0.004291845493562232,3,SMALL_COVERAGE_LOSS
THYAO.IS,2200,2175,25,0.011363636363636364,4,SMALL_COVERAGE_LOSS
TKFEN.IS,2201,2176,25,0.011358473421172195,4,SMALL_COVERAGE_LOSS
TOASO.IS,2200,2175,25,0.011363636363636364,4,SMALL_COVERAGE_LOSS
TRGYO.IS,2200,2176,24,0.01090909090909091,4,SMALL_COVERAGE_LOSS
TSKB.IS,2200,2174,26,0.011818181818181818,4,SMALL_COVERAGE_LOSS
TTKOM.IS,2200,2176,24,0.01090909090909091,4,SMALL_COVERAGE_LOSS
TTRAK.IS,2200,2175,25,0.011363636363636364,4,SMALL_COVERAGE_LOSS
TUPRS.IS,2200,2175,25,0.011363636363636364,4,SMALL_COVERAGE_LOSS
TUREX.IS,1360,1355,5,0.003676470588235294,3,SMALL_COVERAGE_LOSS
TURSG.IS,2204,2174,30,0.013611615245009074,4,SMALL_COVERAGE_LOSS
ULKER.IS,2200,2175,25,0.011363636363636364,4,SMALL_COVERAGE_LOSS
VAKBN.IS,2200,2175,25,0.011363636363636364,4,SMALL_COVERAGE_LOSS
VESTL.IS,2200,2175,25,0.011363636363636364,4,SMALL_COVERAGE_LOSS
XU100.IS,2171,2169,2,0.0009212344541685859,1,SMALL_COVERAGE_LOSS
YKBNK.IS,2200,2174,26,0.011818181818181818,4,SMALL_COVERAGE_LOSS
