outer_fold,architecture,cost_bps,delay_sessions,net_return,cagr,sharpe,daily_maxdd,worst_day,daily_observations,mean_turnover_two_sided,total_turnover_two_sided,attempted_trades,filled_trades,unfilled_trades,fill_rate,terminal_liquidation_cost_try,mean_cash_weight,mean_holdings,adv_missing_checks,order_adv_median,order_adv_p90,order_adv_p95,order_adv_max,order_adv_gt_10pct
O1,LGBM_REGRESSION,0,0,1.8560688286816247,3.345864057409135,5.009576271279902,-0.1251276891156904,-0.08986779548480428,180,1.353658559285423,5.414634237141692,47,47,0,1.0,0.0,4.2565140183395456e-17,10.0,0,0.0005702344256309992,0.0026993152977356854,0.004095023041068165,0.007062095989735531,0.0
O1,LGBM_REGRESSION,30,0,1.8060581711544064,3.2397020580022815,4.941743924946233,-0.1250654117709623,-0.08959820887618064,180,1.3490090930096164,5.396036372038465,47,47,0,1.0,8439.784302608303,0.0013319110778660158,10.0,0,0.0005668130190772132,0.0027081535260200323,0.004063914225641429,0.006992370478660907,0.0
O1,LGBM_REGRESSION,50,0,1.7732020384885172,3.170365460651265,4.894154389767288,-0.125021596033555,-0.0894157974215688,180,1.345895555162167,5.383582220648668,47,47,0,1.0,13925.205789963087,0.002243032951462403,10.0,0,0.0005645320813746892,0.00268962253593549,0.004061293689523927,0.006946167713417474,0.0
O1,LGBM_REGRESSION,100,0,1.6927307125242659,3.001935579167257,4.767537152141154,-0.12490380316204508,-0.0889503340542176,180,1.3380621670203472,5.352248668081389,47,47,0,1.0,27155.9012153714,0.0046033410606760704,10.0,0,0.0005588297371183792,0.0026437917466210436,0.004053686707127028,0.006831637090360445,0.0
O1,LGBM_REGRESSION,50,1,1.820820553770441,3.2709613687026975,5.076922243787467,-0.12686038419299228,-0.08937230374446914,180,1.3462086095239547,5.384834438095819,47,47,0,1.0,14164.398753692758,0.0022566838799970104,10.0,0,0.0005645320813746892,0.002502010289081586,0.0041649400915421695,0.00728105198406921,0.0
O1,LGBM_REGRESSION,50,2,2.135709544294886,3.9530208826179205,5.998794145622507,-0.12963657677981566,-0.05909137787195373,180,1.3441523950624985,5.376609580249994,47,47,0,1.0,15745.839209148526,0.002142775626900352,10.0,0,0.0006178899597664779,0.002513427871210008,0.004289591983632038,0.007983858106299743,0.0
O1,LAMBDAMART,0,0,1.8552085482420422,3.3440315346102842,5.347012126179646,-0.12879709662045347,-0.07434619706223566,180,1.1188350861464116,4.475340344585646,42,42,0,1.0,0.0,6.580505072378569e-17,10.0,0,0.0002966622719898917,0.0035403501889608824,0.014622132389291487,0.015194151826278217,0.0
O1,LAMBDAMART,30,0,1.8107824374635215,3.2496985411020374,5.291848860055095,-0.12855195009623388,-0.07412254346202296,180,1.1143422175716247,4.457368870286499,42,42,0,1.0,8443.937067998915,0.002171243711685738,10.0,0,0.00029397505370037404,0.003490053784065366,0.014520564200642417,0.015102986915320547,0.0
O1,LAMBDAMART,50,0,1.781573449456761,3.1880006962042486,5.253332972861535,-0.12838500799451047,-0.07397121399350659,180,1.1114345507220553,4.445738202888221,42,42,0,1.0,13939.495698844406,0.0036430419122975557,10.0,0,0.0002921950106968226,0.003456889078159179,0.014384217928323768,0.015042210308015435,0.0
O1,LAMBDAMART,100,0,1.7099231876691992,3.037753232230182,5.151167116694022,-0.12795643333164786,-0.07358507109501666,180,1.1045619517342826,4.4182478069371305,42,42,0,1.0,27220.295989058042,0.007403355680071093,10.0,0,0.00028778349940682943,0.003375213348522917,0.01404838899410425,0.014890268789752652,0.0
O1,LAMBDAMART,50,1,1.8450449064976637,3.3223982234432894,5.395681076807684,-0.12825114859579112,-0.07383962681719691,180,1.1165199534349801,4.4660798137399205,42,42,0,1.0,14257.93090723481,0.0036199396874489797,10.0,0,0.00029511201092939524,0.0036121719747048563,0.013552827915377763,0.0171115814700883,0.0
O1,LAMBDAMART,50,2,2.155159999570089,3.996086424310074,6.2571568943578235,-0.12775908132408054,-0.048909104619146326,180,1.1194753396553656,4.477901358621462,42,42,0,1.0,15813.017762909445,0.0034887652898909463,10.0,0,0.0003049998299541424,0.003621753702430317,0.012632846189867009,0.018889022126506994,0.0
O1,ENSEMBLE_50_50,0,0,1.4869370070014893,2.580392996072781,4.824087408036964,-0.11450605351731002,-0.08547366638383103,180,1.2194003228352306,4.877601291340922,45,43,2,0.9555555555555556,0.0,0.059020959093786705,9.331491712707182,0,0.00038121764392958266,0.0035785854873300986,0.00441192327568299,0.007317545711324392,0.0
O1,ENSEMBLE_50_50,30,0,1.60707180713437,2.8248480842786154,4.683156373721134,-0.14535200595875464,-0.08521775333432535,180,1.3034182610017908,5.213673044007163,46,46,0,1.0,7841.032172126999,0.0014757141876609748,10.0,0,0.00037446040768708306,0.003492835893598176,0.0043446733316172435,0.007244763999780677,0.0
O1,ENSEMBLE_50_50,50,0,1.5772371670958338,2.7637098889483154,4.636372213279565,-0.14529915705196195,-0.08504459219800464,180,1.3002984835843345,5.201193934337338,46,46,0,1.0,12940.45001278934,0.002483472067522089,10.0,0,0.00037295352475876485,0.003464622538193748,0.004317522420069844,0.007196533985546714,0.0
O1,ENSEMBLE_50_50,100,0,1.5041636336670146,2.6151621884624086,4.512584112441754,-0.14515649757802873,-0.08460272694290938,180,1.292450330948613,5.169801323794452,46,46,0,1.0,25250.98560138739,0.0050880158996489365,10.0,0,0.0003691863174379692,0.0033949478312682393,0.0042501195929456875,0.007076971002974384,0.0
O1,ENSEMBLE_50_50,50,1,1.6028353314969515,2.8161494167463483,4.76040237088118,-0.14530878149332804,-0.08493641056321355,180,1.3024340667115426,5.20973626684617,46,46,0,1.0,13068.995058063369,0.002477489927150303,10.0,0,0.00039861000676096655,0.0030368278976633314,0.0043369480761521135,0.007465798252444912,0.0
O1,ENSEMBLE_50_50,50,2,1.8509686853214404,3.3350032353513104,5.570668000487848,-0.146334585349031,-0.05902344865034814,180,1.3019919873340728,5.207967949336291,46,46,0,1.0,14315.10237150065,0.002361787079749466,10.0,0,0.00039993977396827573,0.0030775301349513246,0.0045689052156023015,0.008169361294852174,0.0
O2,LGBM_REGRESSION,0,0,0.9890158076342599,1.6187469141401327,2.210341792215961,-0.2675046096727931,-0.08938052962038334,180,1.284026783872493,5.136107135489972,46,45,1,0.9782608695652174,0.0,0.028472367924238226,9.662983425414364,0,0.00019945509155272536,0.00389682931342951,0.008332324256545313,0.019954386524374854,0.0
O2,LGBM_REGRESSION,30,0,0.961219222104801,1.567654573028252,2.1566190317930127,-0.270123274452461,-0.08911648596012267,180,1.322187957636194,5.288751830544776,46,46,0,1.0,5898.70143229058,0.0015389465043541338,10.0,0,0.00019801077618073913,0.0038734483375489326,0.008282330311006041,0.019834660205228602,0.0
O2,LGBM_REGRESSION,50,0,0.9402040101892519,1.5292185421654252,2.134002697098401,-0.27184613536277114,-0.088937811333204,180,1.3188514788184196,5.275405915273678,46,46,0,1.0,9742.264861514599,0.0025899242868795825,10.0,0,0.00019705187401650078,0.0038578610202952145,0.00824900101397986,0.019754842659131102,0.0
O2,LGBM_REGRESSION,100,0,0.8887443761166152,1.435804664983117,2.0758689746603785,-0.2760726616828235,-0.08848183312524405,180,1.3104620510779488,5.241848204311795,46,46,0,1.0,19047.06722777576,0.005306175075523772,10.0,0,0.00019466836660053013,0.0038188927271609195,0.008165677771414406,0.019555298793887357,0.0
O2,LGBM_REGRESSION,50,1,0.8597241630735242,1.3835702012201252,2.0815126359704905,-0.27077592441383136,-0.08871787412190979,180,1.3161707904676652,5.264683161870661,46,46,0,1.0,9337.769514177682,0.0026477034027118855,10.0,0,0.00020409967083288665,0.00396319381026324,0.00837001588973802,0.019575584273041163,0.0
O2,LGBM_REGRESSION,50,2,0.7678242965446838,1.220315740657179,2.2771697230984467,-0.2698276685179727,-0.0748790674945965,180,1.3128474556380538,5.251389822552215,46,46,0,1.0,8875.991347635656,0.002670254680946927,10.0,0,0.00020591378256668675,0.004115469926642068,0.008256160824578335,0.016490912460004857,0.0
O2,LAMBDAMART,0,0,0.5291096083130005,0.8122331238872262,1.3972865531552385,-0.29782860068127404,-0.09180983135413001,180,1.5000000000000004,6.000000000000002,50,50,0,1.0,0.0,0.0,10.0,0,0.0003132857257904292,0.0038368211834222295,0.0068020940886516735,0.019954386524374854,0.0
O2,LAMBDAMART,30,0,0.5027306130529412,0.7686161535192202,1.356263256844738,-0.3013534612292925,-0.09154248893419425,180,1.4945874059517197,5.978349623806879,50,50,0,1.0,4521.687308580872,0.001002051131400604,10.0,0,0.0003100712679346676,0.003813800256321696,0.006745105792926145,0.019834660205228602,0.0
O2,LAMBDAMART,50,0,0.4854187091807063,0.7401570507034358,1.328498534955312,-0.30367719010744687,-0.09136156923324823,180,1.4909610070102632,5.963844028041053,50,50,0,1.0,7464.092938954939,0.0016946553330209248,10.0,0,0.0003079468360739556,0.003798452971588007,0.006707383077636825,0.019754842659131102,0.0
O2,LAMBDAMART,100,0,0.44308201153317484,0.6711191590863217,1.2577855619636424,-0.3093941059542784,-0.09089981457296137,180,1.4818309931465696,5.9273239725862785,50,50,0,1.0,14574.013425553689,0.003513846237415045,10.0,0,0.0003026997360517207,0.003760084759753785,0.006614008092603612,0.019555298793887357,0.0
O2,LAMBDAMART,50,1,0.43872424964695167,0.6640584973442996,1.2511773243819722,-0.2983429088550045,-0.09114610811517143,180,1.490991770381563,5.963967081526252,50,50,0,1.0,7229.4369855872765,0.0017099726218363722,10.0,0,0.00031832139023237787,0.0038195195295816125,0.007411310473794298,0.019575584273041163,0.0
O2,LAMBDAMART,50,2,0.37448142815870966,0.5609695327329187,1.5010074053620663,-0.29818841526571827,-0.08771269505541035,180,1.4909515352266314,5.9638061409065255,50,50,0,1.0,6906.614504583481,0.0017535800974303988,10.0,0,0.00031112460155298974,0.0038499747528573784,0.006822984324369333,0.016490912460004857,0.0
O2,ENSEMBLE_50_50,0,0,0.9276466068573701,1.5063307671931998,2.041968614269581,-0.27898400610731355,-0.09118433615305754,180,1.326860669321141,5.307442677284564,46,46,0,1.0,0.0,1.425635011109777e-16,10.0,0,0.0001872773493054988,0.003195237373811659,0.00393433439468406,0.019954386524374854,0.0
O2,ENSEMBLE_50_50,30,0,0.8968407065272979,1.4504351049343742,2.0090171303675572,-0.2815237593583969,-0.09091600363845065,180,1.3218667255685268,5.287466902274107,46,46,0,1.0,5705.048463802168,0.0015377427685342561,10.0,0,0.00018591561345552784,0.0031722287133116476,0.003910728388315955,0.019834660205228602,0.0
O2,ENSEMBLE_50_50,50,0,0.876605819148746,1.413916716025406,1.9866557887291887,-0.28319403449392366,-0.09073442332196269,180,1.3185237344323602,5.274094937729441,46,46,0,1.0,9422.855161172969,0.0025878794422525163,10.0,0,0.0001850117005026898,0.0031569526428874392,0.0038949910507372195,0.019754842659131102,0.0
O2,ENSEMBLE_50_50,100,0,0.8270594406199381,1.325164841232834,1.9294542539559245,-0.2872891735688261,-0.0902710170452844,180,1.310117575324503,5.240470301298012,46,46,0,1.0,18424.725286273453,0.0053018890986300735,10.0,0,0.000182765442803752,0.003118980457427128,0.003855647706790379,0.019555298793887357,0.0
O2,ENSEMBLE_50_50,50,1,0.8253093098887985,1.3220472700993007,1.9181807680562089,-0.2859525380365119,-0.09054931497028795,180,1.3173939539006974,5.269575815602789,46,46,0,1.0,9164.935834256252,0.002613350827312131,10.0,0,0.00018484037945298566,0.002984665030883812,0.004052990235689257,0.019575584273041163,0.0
O2,ENSEMBLE_50_50,50,2,0.7010125659626085,1.1037325696076632,2.0864645536008926,-0.2884937584409575,-0.08940130892618892,180,1.3153936219552302,5.261574487820921,46,46,0,1.0,8540.55111355942,0.0026502512854843234,10.0,0,0.00018138217068620492,0.002859644104368395,0.004281404410257499,0.016490912460004857,0.0
O3,LGBM_REGRESSION,0,0,0.20680358229839246,0.3010417313968894,1.0582766411085316,-0.1754233143546733,-0.06470388826660944,180,1.3,5.2,46,46,0,1.0,0.0,1.2815851361270765e-16,10.0,0,0.00019314853326152898,0.0010107740965037968,0.0029755188144538545,0.009751771900243665,0.0
O3,LGBM_REGRESSION,30,0,0.18763827320493798,0.27220722837556677,0.995669725417528,-0.1750089720410375,-0.0646256398405185,180,1.295439678320104,5.181758713280416,46,46,0,1.0,3568.9060841041205,0.0016966541143279186,10.0,0,0.00019134468165779236,0.0009963946289135498,0.0029477298672909297,0.009693261268842204,0.0
O3,LGBM_REGRESSION,50,0,0.17505487670600872,0.2533760995327554,0.9534887730035005,-0.17472831309868808,-0.06457204097457891,180,1.2923804969494816,5.169521987797927,46,46,0,1.0,5891.605032183926,0.0028535414184434563,10.0,0,0.000190149785783757,0.0009869181432195133,0.0029293220901545052,0.00965425418124123,0.0
O3,LGBM_REGRESSION,100,0,0.14426359135734712,0.20763728035752038,0.8468876063678067,-0.1740110466201673,-0.06443290457616091,180,1.2846650194186837,5.138660077674735,46,46,0,1.0,11504.884588792758,0.005837560309251687,10.0,0,0.00018737629366763752,0.0009636066296281619,0.002883712659176937,0.009556736462238792,0.0
O3,LGBM_REGRESSION,50,1,0.18378359755776996,0.2664301619659275,0.9569664438460147,-0.17442806697211255,-0.06467167324002021,180,1.2923801718381835,5.169520687352734,46,46,0,1.0,5935.149720623366,0.0028631047216967046,10.0,0,0.00019365150215837465,0.0010323078630678898,0.002991501079968496,0.009575575639628202,0.0
O3,LGBM_REGRESSION,50,2,0.11979747258538365,0.171642929731449,0.6480218232201429,-0.1738727588243757,-0.06411239749286024,180,1.2923423908962324,5.1693695635849295,46,46,0,1.0,5614.154188272475,0.002874160383190634,10.0,0,0.00018716919389621977,0.0009907299467398901,0.0031034788425236656,0.00965425418124123,0.0
O3,LAMBDAMART,0,0,0.3702689340903653,0.5542759838517861,1.8745287614128567,-0.1500337707926922,-0.0727514328003861,180,1.2136286244266705,4.854514497706682,44,43,1,0.9772727272727273,0.0,0.030304449358577137,9.668508287292818,0,0.0001644085252786017,0.001978542067157399,0.0033902153435636426,0.009751771900243665,0.0
O3,LAMBDAMART,30,0,0.34730841604332463,0.5179372956446799,1.7579910102298588,-0.14985306855924807,-0.07266117590635979,180,1.2544378780118146,5.0177515120472584,45,45,0,1.0,4048.605609916027,0.001864258740119717,10.0,0,0.00014814925542281333,0.0018452507683206403,0.003349881440675521,0.009693261268842204,0.0
O3,LAMBDAMART,50,0,0.33318008924701137,0.4956994932737917,1.7085495552840848,-0.1497291314952207,-0.07259927578162217,180,1.2514196910437203,5.005678764174881,45,45,0,1.0,6684.096348874743,0.0031332457106830283,10.0,0,0.00014755308135672553,0.0018278639776245522,0.0033285418236594804,0.00965425418124123,0.0
O3,LAMBDAMART,100,0,0.29859616060779937,0.44166302591459017,1.583099099570698,-0.15062833264369346,-0.07243833560887802,180,1.2438118103342917,4.975247241337167,45,45,0,1.0,13055.188605965355,0.00639862766078702,10.0,0,0.0001460626461915061,0.0017850662025507668,0.003275659341863919,0.009556736462238792,0.0
O3,LAMBDAMART,50,1,0.3657061209807928,0.5470350676223017,1.8656549020334043,-0.14944523911035512,-0.07251611235318767,180,1.250555278495855,5.00222111398342,45,45,0,1.0,6847.666986188058,0.0031286058431721745,10.0,0,0.00014512906677537448,0.0018497140910619697,0.003477252554380704,0.009575575639628202,0.0
O3,LAMBDAMART,50,2,0.3013590142363318,0.4459589860168556,1.55553655658316,-0.15166810435615807,-0.07229269944180161,180,1.250304603047893,5.001218412191572,45,45,0,1.0,6524.891662215688,0.003139865828229662,10.0,0,0.00014512906677537448,0.0017791251607656455,0.0034080945068785196,0.00965425418124123,0.0
O3,ENSEMBLE_50_50,0,0,0.10277328068302416,0.14678163384123066,0.6083251935833255,-0.172126718721888,-0.06958247412575991,180,1.3062557518832454,5.2250230075329815,46,46,0,1.0,0.0,6.61460116844289e-17,10.0,0,0.00018733786235049997,0.002256012155362963,0.0031670237261291396,0.009751771900243665,0.0
O3,ENSEMBLE_50_50,30,0,0.08528824059747553,0.12140667351588141,0.53720446911755,-0.17425951435884834,-0.06949843731127259,180,1.3015037686188167,5.206015074475267,46,46,0,1.0,3261.1707141909887,0.0017092567490470413,10.0,0,0.00018588595560118824,0.002242476082430785,0.0031373659580920974,0.009693261268842204,0.0
O3,ENSEMBLE_50_50,50,0,0.07381241700608343,0.10484102028244457,0.4897074368559082,-0.17675844447510702,-0.06944087222774797,180,1.2983169893108613,5.193267957243445,46,46,0,1.0,5383.514745860663,0.002875570017675035,10.0,0,0.00018492188879048685,0.0022334520338093333,0.0031177199155177585,0.00965425418124123,0.0
O3,ENSEMBLE_50_50,100,0,0.04574636472614513,0.06462560966640507,0.3712127683058588,-0.18294953408770853,-0.06929142729306137,180,1.2902830997355301,5.1611323989421205,46,46,0,1.0,10512.45133858903,0.00588676153797256,10.0,0,0.00018252515212166312,0.0022108919122557037,0.0030690412768513997,0.009556736462238792,0.0
O3,ENSEMBLE_50_50,50,1,0.10128565909501774,0.14461643501386923,0.6534049276507348,-0.18185055552967144,-0.06947785658619188,180,1.2974836388637914,5.1899345554551655,46,46,0,1.0,5521.485064761281,0.002891430887433531,10.0,0,0.00017570905698713213,0.00222982500758871,0.003259668666679207,0.009575575639628202,0.0
O3,ENSEMBLE_50_50,50,2,0.04588763622335246,0.0648269657995475,0.35264939386517324,-0.19914075966559108,-0.06918916373013528,180,1.297272258018276,5.189089032073104,46,46,0,1.0,5243.6587104165965,0.002902784131230989,10.0,0,0.000174478346651412,0.0020979760452982154,0.003198081855881801,0.00965425418124123,0.0
O4,LGBM_REGRESSION,0,0,0.028508876724088195,0.12531416612637458,0.65014307294201,-0.10889550793879599,-0.074303513683465,60,0.9999999999999999,1.9999999999999998,10,10,0,1.0,0.0,0.0,10.0,0,0.0002045149701152081,0.0006781088086549571,0.0009053365110296254,0.0011325642134042946,0.0
O4,LGBM_REGRESSION,30,0,0.022288809993352476,0.0970063701889603,0.6087070191884912,-0.10858969358050852,-0.07409484500845986,60,0.9955283157656407,1.9910566315312814,10,10,0,1.0,3067.013470391231,0.0029725255865645723,10.0,0,0.00020328788029451688,0.0006740401558030274,0.0008999044919634476,0.0011257688281238688,0.0
O4,LGBM_REGRESSION,50,0,0.018182669017063002,0.07861869109642172,0.5810538760857492,-0.10838270255856775,-0.07395360722443856,60,0.9925324297077504,1.9850648594155007,10,10,0,1.0,5091.118939784236,0.0049839230275567446,10.0,0,0.00020246982041405602,0.0006713277205684076,0.0008962831459193291,0.0011212385712702517,0.0
O4,LGBM_REGRESSION,100,0,0.008059312197710389,0.03428817803042161,0.5119209448502398,-0.10785427505929523,-0.07359304120416743,60,0.9849908592964205,1.969981718592841,10,10,0,1.0,10079.386991896063,0.010116764288176662,10.0,0,0.00020042467071290394,0.0006645466324818579,0.0008872297808090329,0.0011099129291362087,0.0
O4,LGBM_REGRESSION,50,1,0.05501275733300459,0.2522250491947644,0.8689036706299804,-0.10785027236603684,-0.07389474386362038,60,0.9926185736963355,1.985237147392671,10,10,0,1.0,5276.194760467359,0.004954370881522491,10.0,0,0.0001906176463685815,0.0006610543634660952,0.0008397796818566113,0.0010185050002471281,0.0
O4,LGBM_REGRESSION,50,2,0.05043255327065155,0.22955036581781219,0.7973172723677976,-0.10841435610889716,-0.0742160154990148,60,0.9926081897068143,1.9852163794136286,10,10,0,1.0,5253.178659651513,0.004981115284010664,10.0,0,0.00020032168510863686,0.0006574772948686504,0.0008201058045706648,0.0009827343142726798,0.0
O4,LAMBDAMART,0,0,0.15779782674332266,0.8503652601789979,2.307248014478468,-0.10634277448807006,-0.07541966884727624,60,1.0,2.0,10,10,0,1.0,0.0,0.0,10.0,0,0.0002702459962803305,0.0019435665825331813,0.004804950473738462,0.007666334364943755,0.0
O4,LAMBDAMART,30,0,0.15041648666351404,0.8013222243660205,2.2588901689985468,-0.10606304518212628,-0.07522128121141969,60,0.9956922259390166,1.9913844518780333,10,10,0,1.0,3452.5531193485886,0.002892637152290384,10.0,0,0.0002686245203026485,0.001931905183037982,0.004776120770896031,0.0076203363587540925,0.0
O4,LAMBDAMART,50,0,0.1455387492335103,0.769461403921623,2.2262920320904516,-0.10587365323661013,-0.07508696199808373,60,0.9928067696263019,1.9856135392526038,10,10,0,1.0,5731.099242379448,0.004850222729354678,10.0,0,0.00026754353631752714,0.0019241309167078494,0.004756900969001077,0.007589671021294317,0.0
O4,LAMBDAMART,100,0,0.13349545150637177,0.6926340894146057,2.143691528935833,-0.10538994693628989,-0.07474391124390622,60,0.9855452363049305,1.971090472609861,10,10,0,1.0,11346.418702084564,0.009846642125896797,10.0,0,0.00026484107635472385,0.0019046952508825175,0.0047088514642636935,0.00751300767764488,0.0
O4,LAMBDAMART,50,1,0.18134634029457208,1.013651959063604,2.502260570441357,-0.10504224765118819,-0.07488561626016443,60,0.992873249685762,1.985746499371524,10,10,0,1.0,5911.036885902372,0.004799929657190804,10.0,0,0.00026761989134476923,0.0017947473034190028,0.0044771035313068185,0.007159459759194645,0.0
O4,LAMBDAMART,50,2,0.14994951419564972,0.7982532390563533,2.2582379997378665,-0.1056223750821571,-0.07516960571791331,60,0.9928151822009275,1.985630364401855,10,10,0,1.0,5753.263890430399,0.004821224578515086,10.0,0,0.00026476286950560487,0.0017351766991180887,0.003957220678870658,0.006179264658623235,0.0
O4,ENSEMBLE_50_50,0,0,0.13395044078577234,0.6954895270025847,1.966226623215906,-0.10077543638633935,-0.07386069094386749,60,0.9999999999999998,1.9999999999999996,10,10,0,1.0,0.0,0.0,10.0,0,0.0001692018715197837,0.0011500781416237326,0.0012288908186112038,0.0013077034955986755,0.0
O4,ENSEMBLE_50_50,30,0,0.12678329792663434,0.6509338941036711,1.9209114994200287,-0.10051189418821582,-0.07366753465951636,60,0.9956647964238543,1.9913295928477086,10,10,0,1.0,3381.4402144231735,0.0028717258944498812,10.0,0,0.000168186660290665,0.0011431776727739902,0.0012215174736995365,0.0012998572746250833,0.0
O4,ENSEMBLE_50_50,50,0,0.1220478816960251,0.6219887540638716,1.8903746663159813,-0.10033345720216724,-0.0735367539896219,60,0.9927608517608932,1.9855217035217865,10,10,0,1.0,5613.054681889573,0.004815233108631688,10.0,0,0.00016750985280458586,0.0011385773602074953,0.0012166019104250917,0.0012946264606426886,0.0
O4,ENSEMBLE_50_50,100,0,0.11035871765035643,0.5521935982425099,1.813023035092538,-0.09987771299644055,-0.07320272832686436,60,0.9854524031066567,1.9709048062133134,10,10,0,1.0,11112.714319700568,0.009775987801448558,10.0,0,0.000165817834089388,0.001127076578791258,0.0012043130022389799,0.001281549425686702,0.0
O4,ENSEMBLE_50_50,50,1,0.16252016995995544,0.8822707186919565,2.2646099711579875,-0.0993378514038098,-0.07342516171668123,60,0.992838807760049,1.985677615520098,10,10,0,1.0,5816.433014874148,0.004782585651504465,10.0,0,0.00016503788299007828,0.0010365213143890308,0.0011175947280275935,0.0011986681416661562,0.0
O4,ENSEMBLE_50_50,50,2,0.14987063023681846,0.7977352001254026,2.0323645252589744,-0.09936056773543078,-0.07350149012739071,60,0.992815032313751,1.985630064627502,10,10,0,1.0,5752.867488627227,0.004783872080849847,10.0,0,0.0001647093465215678,0.001008599797651608,0.0011249944728567854,0.0012413891480619634,0.0
