legacy_observation_id,ticker,kap_ticker,financial_period,notification_id,publication_timestamp,consolidation_basis,preferred_basis,basis_match,modify_status,correction_marker,unit_status,source_url
AEFES.IS:2018Q1,AEFES.IS,AEFES,2018Q1,681646,07.05.2018 21:02:17,CONSOLIDATED,CONSOLIDATED,True,,False,RESOLVED,https://www.kap.org.tr/tr/Bildirim/681646
AEFES.IS:2018Q2,AEFES.IS,AEFES,2018Q2,702260,09.08.2018 22:06:37,CONSOLIDATED,CONSOLIDATED,True,,False,RESOLVED,https://www.kap.org.tr/tr/Bildirim/702260
AEFES.IS:2018Q3,AEFES.IS,AEFES,2018Q3,718047,06.11.2018 19:54:58,CONSOLIDATED,CONSOLIDATED,True,,False,RESOLVED,https://www.kap.org.tr/tr/Bildirim/718047
AEFES.IS:2018Q4,AEFES.IS,AEFES,2018Q4,743546,28.02.2019 22:52:45,CONSOLIDATED,CONSOLIDATED,True,,False,RESOLVED,https://www.kap.org.tr/tr/Bildirim/743546
AEFES.IS:2019Q1,AEFES.IS,AEFES,2019Q1,762358,08.05.2019 22:13:30,CONSOLIDATED,CONSOLIDATED,True,,False,RESOLVED,https://www.kap.org.tr/tr/Bildirim/762358
AEFES.IS:2019Q2,AEFES.IS,AEFES,2019Q2,780765,07.08.2019 23:42:09,CONSOLIDATED,CONSOLIDATED,True,,False,RESOLVED,https://www.kap.org.tr/tr/Bildirim/780765
AEFES.IS:2019Q3,AEFES.IS,AEFES,2019Q3,796754,05.11.2019 19:00:04,CONSOLIDATED,CONSOLIDATED,True,DUZELTILEN,False,RESOLVED,https://www.kap.org.tr/tr/Bildirim/796754
AEFES.IS:2019Q3,AEFES.IS,AEFES,2019Q3,797024,06.11.2019 18:20:16,CONSOLIDATED,CONSOLIDATED,True,DUZENLENEN,True,RESOLVED,https://www.kap.org.tr/tr/Bildirim/797024
AEFES.IS:2019Q4,AEFES.IS,AEFES,2019Q4,822265,27.02.2020 20:52:38,CONSOLIDATED,CONSOLIDATED,True,,False,RESOLVED,https://www.kap.org.tr/tr/Bildirim/822265
AEFES.IS:2020Q1,AEFES.IS,AEFES,2020Q1,843158,06.05.2020 19:29:36,CONSOLIDATED,CONSOLIDATED,True,,False,RESOLVED,https://www.kap.org.tr/tr/Bildirim/843158
AEFES.IS:2020Q2,AEFES.IS,AEFES,2020Q2,868468,12.08.2020 21:05:30,CONSOLIDATED,CONSOLIDATED,True,,False,RESOLVED,https://www.kap.org.tr/tr/Bildirim/868468
AEFES.IS:2020Q3,AEFES.IS,AEFES,2020Q3,886436,05.11.2020 18:56:21,CONSOLIDATED,CONSOLIDATED,True,,False,RESOLVED,https://www.kap.org.tr/tr/Bildirim/886436
AEFES.IS:2020Q4,AEFES.IS,AEFES,2020Q4,913168,25.02.2021 23:48:21,CONSOLIDATED,CONSOLIDATED,True,,False,RESOLVED,https://www.kap.org.tr/tr/Bildirim/913168
AEFES.IS:2021Q1,AEFES.IS,AEFES,2021Q1,934813,05.05.2021 22:31:20,CONSOLIDATED,CONSOLIDATED,True,,False,RESOLVED,https://www.kap.org.tr/tr/Bildirim/934813
AEFES.IS:2021Q2,AEFES.IS,AEFES,2021Q2,957808,12.08.2021 21:05:59,CONSOLIDATED,CONSOLIDATED,True,,False,RESOLVED,https://www.kap.org.tr/tr/Bildirim/957808
AEFES.IS:2021Q3,AEFES.IS,AEFES,2021Q3,974935,04.11.2021 18:52:36,CONSOLIDATED,CONSOLIDATED,True,,False,RESOLVED,https://www.kap.org.tr/tr/Bildirim/974935
AEFES.IS:2021Q4,AEFES.IS,AEFES,2021Q4,1003922,23.02.2022 21:51:41,CONSOLIDATED,CONSOLIDATED,True,,False,RESOLVED,https://www.kap.org.tr/tr/Bildirim/1003922
AEFES.IS:2022Q1,AEFES.IS,AEFES,2022Q1,1028045,09.05.2022 19:22:01,CONSOLIDATED,CONSOLIDATED,True,,False,RESOLVED,https://www.kap.org.tr/tr/Bildirim/1028045
AEFES.IS:2022Q2,AEFES.IS,AEFES,2022Q2,1054378,10.08.2022 20:32:02,CONSOLIDATED,CONSOLIDATED,True,,False,RESOLVED,https://www.kap.org.tr/tr/Bildirim/1054378
AEFES.IS:2022Q3,AEFES.IS,AEFES,2022Q3,1076388,02.11.2022 19:13:38,CONSOLIDATED,CONSOLIDATED,True,DUZELTILEN,False,RESOLVED,https://www.kap.org.tr/tr/Bildirim/1076388
AEFES.IS:2022Q3,AEFES.IS,AEFES,2022Q3,1076969,04.11.2022 18:38:08,CONSOLIDATED,CONSOLIDATED,True,DUZENLENEN,True,RESOLVED,https://www.kap.org.tr/tr/Bildirim/1076969
AEFES.IS:2022Q4,AEFES.IS,AEFES,2022Q4,1117868,28.02.2023 19:11:11,CONSOLIDATED,CONSOLIDATED,True,,False,RESOLVED,https://www.kap.org.tr/tr/Bildirim/1117868
AEFES.IS:2023Q1,AEFES.IS,AEFES,2023Q1,1146553,03.05.2023 20:00:35,CONSOLIDATED,CONSOLIDATED,True,,False,RESOLVED,https://www.kap.org.tr/tr/Bildirim/1146553
AEFES.IS:2023Q2,AEFES.IS,AEFES,2023Q2,1182359,08.08.2023 18:45:30,CONSOLIDATED,CONSOLIDATED,True,,False,RESOLVED,https://www.kap.org.tr/tr/Bildirim/1182359
AEFES.IS:2023Q3,AEFES.IS,AEFES,2023Q3,1213300,01.11.2023 19:18:39,CONSOLIDATED,CONSOLIDATED,True,,False,RESOLVED,https://www.kap.org.tr/tr/Bildirim/1213300
AEFES.IS:2023Q4,AEFES.IS,AEFES,2023Q4,1261306,21.03.2024 23:35:12,CONSOLIDATED,CONSOLIDATED,True,,False,RESOLVED,https://www.kap.org.tr/tr/Bildirim/1261306
AEFES.IS:2024Q1,AEFES.IS,AEFES,2024Q1,1290383,23.05.2024 18:54:11,CONSOLIDATED,CONSOLIDATED,True,,False,RESOLVED,https://www.kap.org.tr/tr/Bildirim/1290383
AEFES.IS:2024Q2,AEFES.IS,AEFES,2024Q2,1326514,20.08.2024 20:15:49,CONSOLIDATED,CONSOLIDATED,True,,False,RESOLVED,https://www.kap.org.tr/tr/Bildirim/1326514
AEFES.IS:2024Q3,AEFES.IS,AEFES,2024Q3,1353869,05.11.2024 20:09:45,CONSOLIDATED,CONSOLIDATED,True,,False,RESOLVED,https://www.kap.org.tr/tr/Bildirim/1353869
AEFES.IS:2024Q4,AEFES.IS,AEFES,2024Q4,1401085,05.03.2025 20:41:33,CONSOLIDATED,CONSOLIDATED,True,,False,RESOLVED,https://www.kap.org.tr/tr/Bildirim/1401085
AEFES.IS:2025Q1,AEFES.IS,AEFES,2025Q1,1435136,07.05.2025 21:23:32,CONSOLIDATED,CONSOLIDATED,True,,False,RESOLVED,https://www.kap.org.tr/tr/Bildirim/1435136
AEFES.IS:2025Q2,AEFES.IS,AEFES,2025Q2,1477177,12.08.2025 23:43:08,CONSOLIDATED,CONSOLIDATED,True,,False,RESOLVED,https://www.kap.org.tr/tr/Bildirim/1477177
AEFES.IS:2025Q3,AEFES.IS,AEFES,2025Q3,1511858,05.11.2025 19:42:34,CONSOLIDATED,CONSOLIDATED,True,,False,RESOLVED,https://www.kap.org.tr/tr/Bildirim/1511858
AEFES.IS:2025Q4,AEFES.IS,AEFES,2025Q4,1566776,05.03.2026 23:54:28,CONSOLIDATED,CONSOLIDATED,True,,False,RESOLVED,https://www.kap.org.tr/tr/Bildirim/1566776
AEFES.IS:2026Q1,AEFES.IS,AEFES,2026Q1,1601482,05.05.2026 22:34:28,CONSOLIDATED,CONSOLIDATED,True,,False,RESOLVED,https://www.kap.org.tr/tr/Bildirim/1601482
AEFES.IS:2026Q2,AEFES.IS,AEFES,2026Q2,1648261,11.08.2026 22:11:50,CONSOLIDATED,CONSOLIDATED,True,,False,RESOLVED,https://www.kap.org.tr/tr/Bildirim/1648261
AGHOL.IS:2018Q1,AGHOL.IS,AGHOL,2018Q1,682026,08.05.2018 18:32:40,CONSOLIDATED,CONSOLIDATED,True,,False,RESOLVED,https://www.kap.org.tr/tr/Bildirim/682026
AGHOL.IS:2018Q2,AGHOL.IS,AGHOL,2018Q2,704078,15.08.2018 19:12:16,CONSOLIDATED,CONSOLIDATED,True,,False,RESOLVED,https://www.kap.org.tr/tr/Bildirim/704078
AGHOL.IS:2018Q3,AGHOL.IS,AGHOL,2018Q3,718614,08.11.2018 18:15:20,CONSOLIDATED,CONSOLIDATED,True,,False,RESOLVED,https://www.kap.org.tr/tr/Bildirim/718614
AGHOL.IS:2018Q4,AGHOL.IS,AGHOL,2018Q4,746089,08.03.2019 01:02:17,CONSOLIDATED,CONSOLIDATED,True,,False,RESOLVED,https://www.kap.org.tr/tr/Bildirim/746089
AGHOL.IS:2019Q1,AGHOL.IS,AGHOL,2019Q1,763380,10.05.2019 20:41:51,CONSOLIDATED,CONSOLIDATED,True,,False,RESOLVED,https://www.kap.org.tr/tr/Bildirim/763380
AGHOL.IS:2019Q2,AGHOL.IS,AGHOL,2019Q2,783109,19.08.2019 21:25:29,CONSOLIDATED,CONSOLIDATED,True,,False,RESOLVED,https://www.kap.org.tr/tr/Bildirim/783109
AGHOL.IS:2019Q3,AGHOL.IS,AGHOL,2019Q3,797328,07.11.2019 18:29:36,CONSOLIDATED,CONSOLIDATED,True,,False,RESOLVED,https://www.kap.org.tr/tr/Bildirim/797328
AGHOL.IS:2019Q4,AGHOL.IS,AGHOL,2019Q4,824441,04.03.2020 22:50:10,CONSOLIDATED,CONSOLIDATED,True,,False,RESOLVED,https://www.kap.org.tr/tr/Bildirim/824441
AGHOL.IS:2020Q1,AGHOL.IS,AGHOL,2020Q1,843784,08.05.2020 18:31:59,CONSOLIDATED,CONSOLIDATED,True,,False,RESOLVED,https://www.kap.org.tr/tr/Bildirim/843784
AGHOL.IS:2020Q2,AGHOL.IS,AGHOL,2020Q2,868821,13.08.2020 19:15:32,CONSOLIDATED,CONSOLIDATED,True,,False,RESOLVED,https://www.kap.org.tr/tr/Bildirim/868821
AGHOL.IS:2020Q3,AGHOL.IS,AGHOL,2020Q3,887346,09.11.2020 18:23:42,CONSOLIDATED,CONSOLIDATED,True,,False,RESOLVED,https://www.kap.org.tr/tr/Bildirim/887346
AGHOL.IS:2020Q4,AGHOL.IS,AGHOL,2020Q4,914993,03.03.2021 22:10:10,CONSOLIDATED,CONSOLIDATED,True,,False,RESOLVED,https://www.kap.org.tr/tr/Bildirim/914993
AGHOL.IS:2021Q1,AGHOL.IS,AGHOL,2021Q1,935411,07.05.2021 18:44:17,CONSOLIDATED,CONSOLIDATED,True,,False,RESOLVED,https://www.kap.org.tr/tr/Bildirim/935411
AGHOL.IS:2021Q2,AGHOL.IS,AGHOL,2021Q2,958428,16.08.2021 19:28:14,CONSOLIDATED,CONSOLIDATED,True,,False,RESOLVED,https://www.kap.org.tr/tr/Bildirim/958428
AGHOL.IS:2021Q3,AGHOL.IS,AGHOL,2021Q3,975962,08.11.2021 18:35:07,CONSOLIDATED,CONSOLIDATED,True,,False,RESOLVED,https://www.kap.org.tr/tr/Bildirim/975962
AGHOL.IS:2021Q4,AGHOL.IS,AGHOL,2021Q4,1006636,02.03.2022 20:32:02,CONSOLIDATED,CONSOLIDATED,True,,False,RESOLVED,https://www.kap.org.tr/tr/Bildirim/1006636
AGHOL.IS:2022Q1,AGHOL.IS,AGHOL,2022Q1,1028610,10.05.2022 18:24:14,CONSOLIDATED,CONSOLIDATED,True,,False,RESOLVED,https://www.kap.org.tr/tr/Bildirim/1028610
AGHOL.IS:2022Q2,AGHOL.IS,AGHOL,2022Q2,1055631,15.08.2022 19:33:12,CONSOLIDATED,CONSOLIDATED,True,,False,RESOLVED,https://www.kap.org.tr/tr/Bildirim/1055631
AGHOL.IS:2022Q3,AGHOL.IS,AGHOL,2022Q3,1077557,07.11.2022 18:12:21,CONSOLIDATED,CONSOLIDATED,True,,False,RESOLVED,https://www.kap.org.tr/tr/Bildirim/1077557
AGHOL.IS:2022Q4,AGHOL.IS,AGHOL,2022Q4,1119336,02.03.2023 18:22:46,CONSOLIDATED,CONSOLIDATED,True,,False,RESOLVED,https://www.kap.org.tr/tr/Bildirim/1119336
AGHOL.IS:2023Q1,AGHOL.IS,AGHOL,2023Q1,1147542,05.05.2023 18:19:39,CONSOLIDATED,CONSOLIDATED,True,,False,RESOLVED,https://www.kap.org.tr/tr/Bildirim/1147542
AGHOL.IS:2023Q2,AGHOL.IS,AGHOL,2023Q2,1184024,10.08.2023 18:42:10,CONSOLIDATED,CONSOLIDATED,True,,False,RESOLVED,https://www.kap.org.tr/tr/Bildirim/1184024
AGHOL.IS:2023Q3,AGHOL.IS,AGHOL,2023Q3,1214052,03.11.2023 18:16:08,CONSOLIDATED,CONSOLIDATED,True,,False,RESOLVED,https://www.kap.org.tr/tr/Bildirim/1214052
AGHOL.IS:2023Q4,AGHOL.IS,AGHOL,2023Q4,1262803,26.03.2024 18:22:15,CONSOLIDATED,CONSOLIDATED,True,,False,RESOLVED,https://www.kap.org.tr/tr/Bildirim/1262803
AGHOL.IS:2024Q1,AGHOL.IS,AGHOL,2024Q1,1290883,24.05.2024 18:42:42,CONSOLIDATED,CONSOLIDATED,True,,False,RESOLVED,https://www.kap.org.tr/tr/Bildirim/1290883
AGHOL.IS:2024Q2,AGHOL.IS,AGHOL,2024Q2,1327395,23.08.2024 18:15:10,CONSOLIDATED,CONSOLIDATED,True,,False,RESOLVED,https://www.kap.org.tr/tr/Bildirim/1327395
AGHOL.IS:2024Q3,AGHOL.IS,AGHOL,2024Q3,1355187,07.11.2024 18:45:48,CONSOLIDATED,CONSOLIDATED,True,,False,RESOLVED,https://www.kap.org.tr/tr/Bildirim/1355187
AGHOL.IS:2024Q4,AGHOL.IS,AGHOL,2024Q4,1401791,06.03.2025 21:06:58,CONSOLIDATED,CONSOLIDATED,True,,False,RESOLVED,https://www.kap.org.tr/tr/Bildirim/1401791
AGHOL.IS:2025Q1,AGHOL.IS,AGHOL,2025Q1,1436890,09.05.2025 19:22:50,CONSOLIDATED,CONSOLIDATED,True,,False,RESOLVED,https://www.kap.org.tr/tr/Bildirim/1436890
AGHOL.IS:2025Q2,AGHOL.IS,AGHOL,2025Q2,1478833,14.08.2025 21:28:43,CONSOLIDATED,CONSOLIDATED,True,,False,RESOLVED,https://www.kap.org.tr/tr/Bildirim/1478833
AGHOL.IS:2025Q3,AGHOL.IS,AGHOL,2025Q3,1513507,07.11.2025 19:52:08,CONSOLIDATED,CONSOLIDATED,True,,False,RESOLVED,https://www.kap.org.tr/tr/Bildirim/1513507
AGHOL.IS:2025Q4,AGHOL.IS,AGHOL,2025Q4,1567700,06.03.2026 19:03:52,CONSOLIDATED,CONSOLIDATED,True,,False,RESOLVED,https://www.kap.org.tr/tr/Bildirim/1567700
AGHOL.IS:2026Q1,AGHOL.IS,AGHOL,2026Q1,1602740,07.05.2026 18:55:05,CONSOLIDATED,CONSOLIDATED,True,,False,RESOLVED,https://www.kap.org.tr/tr/Bildirim/1602740
AGHOL.IS:2026Q2,AGHOL.IS,AGHOL,2026Q2,1649531,13.08.2026 19:18:13,CONSOLIDATED,CONSOLIDATED,True,,False,RESOLVED,https://www.kap.org.tr/tr/Bildirim/1649531
AGROT.IS:2023Q3,AGROT.IS,AGROT,2023Q3,1226237,15.12.2023 19:22:15,CONSOLIDATED,CONSOLIDATED,True,,False,RESOLVED,https://www.kap.org.tr/tr/Bildirim/1226237
AGROT.IS:2023Q4,AGROT.IS,AGROT,2023Q4,1273265,16.04.2024 23:09:28,CONSOLIDATED,CONSOLIDATED,True,,False,RESOLVED,https://www.kap.org.tr/tr/Bildirim/1273265
AGROT.IS:2024Q1,AGROT.IS,AGROT,2024Q1,1273288,17.04.2024 07:31:14,CONSOLIDATED,CONSOLIDATED,True,,False,RESOLVED,https://www.kap.org.tr/tr/Bildirim/1273288
AGROT.IS:2024Q2,AGROT.IS,AGROT,2024Q2,1338687,27.09.2024 22:53:29,CONSOLIDATED,CONSOLIDATED,True,DUZELTILEN,False,RESOLVED,https://www.kap.org.tr/tr/Bildirim/1338687
AGROT.IS:2024Q2,AGROT.IS,AGROT,2024Q2,1339176,30.09.2024 20:11:59,CONSOLIDATED,CONSOLIDATED,True,DUZENLENEN,True,RESOLVED,https://www.kap.org.tr/tr/Bildirim/1339176
AGROT.IS:2024Q3,AGROT.IS,AGROT,2024Q3,1356597,11.11.2024 18:28:35,CONSOLIDATED,CONSOLIDATED,True,,False,RESOLVED,https://www.kap.org.tr/tr/Bildirim/1356597
AGROT.IS:2024Q4,AGROT.IS,AGROT,2024Q4,1411771,25.03.2025 22:00:43,CONSOLIDATED,CONSOLIDATED,True,,False,RESOLVED,https://www.kap.org.tr/tr/Bildirim/1411771
AGROT.IS:2025Q1,AGROT.IS,AGROT,2025Q1,1437707,12.05.2025 18:31:42,CONSOLIDATED,CONSOLIDATED,True,,False,RESOLVED,https://www.kap.org.tr/tr/Bildirim/1437707
AGROT.IS:2025Q2,AGROT.IS,AGROT,2025Q2,1481009,19.08.2025 20:13:57,CONSOLIDATED,CONSOLIDATED,True,,False,RESOLVED,https://www.kap.org.tr/tr/Bildirim/1481009
AGROT.IS:2025Q3,AGROT.IS,AGROT,2025Q3,1516216,12.11.2025 18:19:06,CONSOLIDATED,CONSOLIDATED,True,,False,RESOLVED,https://www.kap.org.tr/tr/Bildirim/1516216
AGROT.IS:2025Q4,AGROT.IS,AGROT,2025Q4,1571044,11.03.2026 21:12:32,CONSOLIDATED,CONSOLIDATED,True,,False,RESOLVED,https://www.kap.org.tr/tr/Bildirim/1571044
AGROT.IS:2026Q1,AGROT.IS,AGROT,2026Q1,1605587,11.05.2026 20:04:44,CONSOLIDATED,CONSOLIDATED,True,,False,RESOLVED,https://www.kap.org.tr/tr/Bildirim/1605587
AGROT.IS:2026Q2,AGROT.IS,AGROT,2026Q2,1648255,11.08.2026 22:08:31,CONSOLIDATED,CONSOLIDATED,True,DUZELTILEN,False,RESOLVED,https://www.kap.org.tr/tr/Bildirim/1648255
AGROT.IS:2026Q2,AGROT.IS,AGROT,2026Q2,1648935,12.08.2026 23:36:44,CONSOLIDATED,CONSOLIDATED,True,DUZENLENEN,True,RESOLVED,https://www.kap.org.tr/tr/Bildirim/1648935
AKBNK.IS:2018Q1,AKBNK.IS,AKBNK,2018Q1,678898,25.04.2018 18:10:40,CONSOLIDATED,NON_CONSOLIDATED,False,,False,RESOLVED,https://www.kap.org.tr/tr/Bildirim/678898
AKBNK.IS:2018Q1,AKBNK.IS,AKBNK,2018Q1,678901,25.04.2018 18:11:15,NON_CONSOLIDATED,NON_CONSOLIDATED,True,,False,RESOLVED,https://www.kap.org.tr/tr/Bildirim/678901
AKBNK.IS:2018Q2,AKBNK.IS,AKBNK,2018Q2,697678,25.07.2018 18:10:52,CONSOLIDATED,NON_CONSOLIDATED,False,,False,RESOLVED,https://www.kap.org.tr/tr/Bildirim/697678
AKBNK.IS:2018Q2,AKBNK.IS,AKBNK,2018Q2,697681,25.07.2018 18:11:38,NON_CONSOLIDATED,NON_CONSOLIDATED,True,,False,RESOLVED,https://www.kap.org.tr/tr/Bildirim/697681
AKBNK.IS:2018Q3,AKBNK.IS,AKBNK,2018Q3,715322,24.10.2018 18:10:23,CONSOLIDATED,NON_CONSOLIDATED,False,,False,RESOLVED,https://www.kap.org.tr/tr/Bildirim/715322
AKBNK.IS:2018Q3,AKBNK.IS,AKBNK,2018Q3,715324,24.10.2018 18:11:04,NON_CONSOLIDATED,NON_CONSOLIDATED,True,,False,RESOLVED,https://www.kap.org.tr/tr/Bildirim/715324
AKBNK.IS:2018Q4,AKBNK.IS,AKBNK,2018Q4,736702,31.01.2019 18:13:05,CONSOLIDATED,NON_CONSOLIDATED,False,,False,RESOLVED,https://www.kap.org.tr/tr/Bildirim/736702
AKBNK.IS:2018Q4,AKBNK.IS,AKBNK,2018Q4,736768,31.01.2019 18:25:46,NON_CONSOLIDATED,NON_CONSOLIDATED,True,,False,RESOLVED,https://www.kap.org.tr/tr/Bildirim/736768
AKBNK.IS:2019Q1,AKBNK.IS,AKBNK,2019Q1,758385,26.04.2019 18:10:45,CONSOLIDATED,NON_CONSOLIDATED,False,,False,RESOLVED,https://www.kap.org.tr/tr/Bildirim/758385
AKBNK.IS:2019Q1,AKBNK.IS,AKBNK,2019Q1,758393,26.04.2019 18:11:12,NON_CONSOLIDATED,NON_CONSOLIDATED,True,,False,RESOLVED,https://www.kap.org.tr/tr/Bildirim/758393
AKBNK.IS:2019Q2,AKBNK.IS,AKBNK,2019Q2,776834,25.07.2019 18:10:23,CONSOLIDATED,NON_CONSOLIDATED,False,,False,RESOLVED,https://www.kap.org.tr/tr/Bildirim/776834
AKBNK.IS:2019Q2,AKBNK.IS,AKBNK,2019Q2,776837,25.07.2019 18:11:17,NON_CONSOLIDATED,NON_CONSOLIDATED,True,,False,RESOLVED,https://www.kap.org.tr/tr/Bildirim/776837
AKBNK.IS:2019Q3,AKBNK.IS,AKBNK,2019Q3,794874,25.10.2019 18:10:10,CONSOLIDATED,NON_CONSOLIDATED,False,,False,RESOLVED,https://www.kap.org.tr/tr/Bildirim/794874
AKBNK.IS:2019Q3,AKBNK.IS,AKBNK,2019Q3,794877,25.10.2019 18:10:29,NON_CONSOLIDATED,NON_CONSOLIDATED,True,,False,RESOLVED,https://www.kap.org.tr/tr/Bildirim/794877
AKBNK.IS:2019Q4,AKBNK.IS,AKBNK,2019Q4,816357,31.01.2020 18:12:06,CONSOLIDATED,NON_CONSOLIDATED,False,,False,RESOLVED,https://www.kap.org.tr/tr/Bildirim/816357
AKBNK.IS:2019Q4,AKBNK.IS,AKBNK,2019Q4,816358,31.01.2020 18:13:13,NON_CONSOLIDATED,NON_CONSOLIDATED,True,,False,RESOLVED,https://www.kap.org.tr/tr/Bildirim/816358
AKBNK.IS:2020Q1,AKBNK.IS,AKBNK,2020Q1,840899,28.04.2020 18:10:26,CONSOLIDATED,NON_CONSOLIDATED,False,,False,RESOLVED,https://www.kap.org.tr/tr/Bildirim/840899
AKBNK.IS:2020Q1,AKBNK.IS,AKBNK,2020Q1,840901,28.04.2020 18:10:56,NON_CONSOLIDATED,NON_CONSOLIDATED,True,,False,RESOLVED,https://www.kap.org.tr/tr/Bildirim/840901
AKBNK.IS:2020Q2,AKBNK.IS,AKBNK,2020Q2,862764,28.07.2020 18:11:11,CONSOLIDATED,NON_CONSOLIDATED,False,,False,RESOLVED,https://www.kap.org.tr/tr/Bildirim/862764
AKBNK.IS:2020Q2,AKBNK.IS,AKBNK,2020Q2,862767,28.07.2020 18:11:38,NON_CONSOLIDATED,NON_CONSOLIDATED,True,,False,RESOLVED,https://www.kap.org.tr/tr/Bildirim/862767
AKBNK.IS:2020Q3,AKBNK.IS,AKBNK,2020Q3,884401,27.10.2020 18:11:56,CONSOLIDATED,NON_CONSOLIDATED,False,,False,RESOLVED,https://www.kap.org.tr/tr/Bildirim/884401
AKBNK.IS:2020Q3,AKBNK.IS,AKBNK,2020Q3,884402,27.10.2020 18:12:17,NON_CONSOLIDATED,NON_CONSOLIDATED,True,,False,RESOLVED,https://www.kap.org.tr/tr/Bildirim/884402
AKBNK.IS:2020Q4,AKBNK.IS,AKBNK,2020Q4,907035,02.02.2021 18:10:47,CONSOLIDATED,NON_CONSOLIDATED,False,,False,RESOLVED,https://www.kap.org.tr/tr/Bildirim/907035
AKBNK.IS:2020Q4,AKBNK.IS,AKBNK,2020Q4,907036,02.02.2021 18:11:16,NON_CONSOLIDATED,NON_CONSOLIDATED,True,,False,RESOLVED,https://www.kap.org.tr/tr/Bildirim/907036
AKBNK.IS:2021Q1,AKBNK.IS,AKBNK,2021Q1,931897,28.04.2021 18:10:15,CONSOLIDATED,NON_CONSOLIDATED,False,,False,RESOLVED,https://www.kap.org.tr/tr/Bildirim/931897
AKBNK.IS:2021Q1,AKBNK.IS,AKBNK,2021Q1,931903,28.04.2021 18:10:41,NON_CONSOLIDATED,NON_CONSOLIDATED,True,,False,RESOLVED,https://www.kap.org.tr/tr/Bildirim/931903
AKBNK.IS:2021Q2,AKBNK.IS,AKBNK,2021Q2,952361,28.07.2021 18:10:17,CONSOLIDATED,NON_CONSOLIDATED,False,,False,RESOLVED,https://www.kap.org.tr/tr/Bildirim/952361
AKBNK.IS:2021Q2,AKBNK.IS,AKBNK,2021Q2,952364,28.07.2021 18:10:42,NON_CONSOLIDATED,NON_CONSOLIDATED,True,,False,RESOLVED,https://www.kap.org.tr/tr/Bildirim/952364
AKBNK.IS:2021Q3,AKBNK.IS,AKBNK,2021Q3,972528,26.10.2021 18:10:10,CONSOLIDATED,NON_CONSOLIDATED,False,,False,RESOLVED,https://www.kap.org.tr/tr/Bildirim/972528
AKBNK.IS:2021Q3,AKBNK.IS,AKBNK,2021Q3,972530,26.10.2021 18:10:30,NON_CONSOLIDATED,NON_CONSOLIDATED,True,,False,RESOLVED,https://www.kap.org.tr/tr/Bildirim/972530
AKBNK.IS:2021Q4,AKBNK.IS,AKBNK,2021Q4,998624,01.02.2022 18:10:26,CONSOLIDATED,NON_CONSOLIDATED,False,,False,RESOLVED,https://www.kap.org.tr/tr/Bildirim/998624
AKBNK.IS:2021Q4,AKBNK.IS,AKBNK,2021Q4,998625,01.02.2022 18:10:43,NON_CONSOLIDATED,NON_CONSOLIDATED,True,,False,RESOLVED,https://www.kap.org.tr/tr/Bildirim/998625
AKBNK.IS:2022Q1,AKBNK.IS,AKBNK,2022Q1,1024363,27.04.2022 18:10:31,CONSOLIDATED,NON_CONSOLIDATED,False,,False,RESOLVED,https://www.kap.org.tr/tr/Bildirim/1024363
AKBNK.IS:2022Q1,AKBNK.IS,AKBNK,2022Q1,1024365,27.04.2022 18:10:50,NON_CONSOLIDATED,NON_CONSOLIDATED,True,,False,RESOLVED,https://www.kap.org.tr/tr/Bildirim/1024365
AKBNK.IS:2022Q2,AKBNK.IS,AKBNK,2022Q2,1048277,27.07.2022 18:10:13,CONSOLIDATED,NON_CONSOLIDATED,False,,False,RESOLVED,https://www.kap.org.tr/tr/Bildirim/1048277
AKBNK.IS:2022Q2,AKBNK.IS,AKBNK,2022Q2,1048278,27.07.2022 18:10:32,NON_CONSOLIDATED,NON_CONSOLIDATED,True,,False,RESOLVED,https://www.kap.org.tr/tr/Bildirim/1048278
AKBNK.IS:2022Q3,AKBNK.IS,AKBNK,2022Q3,1074401,26.10.2022 18:11:09,CONSOLIDATED,NON_CONSOLIDATED,False,,False,RESOLVED,https://www.kap.org.tr/tr/Bildirim/1074401
AKBNK.IS:2022Q3,AKBNK.IS,AKBNK,2022Q3,1074407,26.10.2022 18:11:34,NON_CONSOLIDATED,NON_CONSOLIDATED,True,,False,RESOLVED,https://www.kap.org.tr/tr/Bildirim/1074407
AKBNK.IS:2022Q4,AKBNK.IS,AKBNK,2022Q4,1107379,31.01.2023 18:16:09,CONSOLIDATED,NON_CONSOLIDATED,False,,False,RESOLVED,https://www.kap.org.tr/tr/Bildirim/1107379
AKBNK.IS:2022Q4,AKBNK.IS,AKBNK,2022Q4,1107380,31.01.2023 18:16:27,NON_CONSOLIDATED,NON_CONSOLIDATED,True,,False,RESOLVED,https://www.kap.org.tr/tr/Bildirim/1107380
AKBNK.IS:2023Q1,AKBNK.IS,AKBNK,2023Q1,1141351,26.04.2023 18:17:05,CONSOLIDATED,NON_CONSOLIDATED,False,,False,RESOLVED,https://www.kap.org.tr/tr/Bildirim/1141351
AKBNK.IS:2023Q1,AKBNK.IS,AKBNK,2023Q1,1141352,26.04.2023 18:17:21,NON_CONSOLIDATED,NON_CONSOLIDATED,True,,False,RESOLVED,https://www.kap.org.tr/tr/Bildirim/1141352
AKBNK.IS:2023Q2,AKBNK.IS,AKBNK,2023Q2,1175513,26.07.2023 18:15:25,CONSOLIDATED,NON_CONSOLIDATED,False,,False,RESOLVED,https://www.kap.org.tr/tr/Bildirim/1175513
AKBNK.IS:2023Q2,AKBNK.IS,AKBNK,2023Q2,1175516,26.07.2023 18:15:49,NON_CONSOLIDATED,NON_CONSOLIDATED,True,,False,RESOLVED,https://www.kap.org.tr/tr/Bildirim/1175516
AKBNK.IS:2023Q3,AKBNK.IS,AKBNK,2023Q3,1210587,26.10.2023 18:15:10,CONSOLIDATED,NON_CONSOLIDATED,False,,False,RESOLVED,https://www.kap.org.tr/tr/Bildirim/1210587
AKBNK.IS:2023Q3,AKBNK.IS,AKBNK,2023Q3,1210588,26.10.2023 18:15:24,NON_CONSOLIDATED,NON_CONSOLIDATED,True,,False,RESOLVED,https://www.kap.org.tr/tr/Bildirim/1210588
AKBNK.IS:2023Q4,AKBNK.IS,AKBNK,2023Q4,1246214,01.02.2024 18:15:52,CONSOLIDATED,NON_CONSOLIDATED,False,,False,RESOLVED,https://www.kap.org.tr/tr/Bildirim/1246214
AKBNK.IS:2023Q4,AKBNK.IS,AKBNK,2023Q4,1246216,01.02.2024 18:16:07,NON_CONSOLIDATED,NON_CONSOLIDATED,True,,False,RESOLVED,https://www.kap.org.tr/tr/Bildirim/1246216
AKBNK.IS:2024Q1,AKBNK.IS,AKBNK,2024Q1,1279558,30.04.2024 18:15:20,CONSOLIDATED,NON_CONSOLIDATED,False,,False,RESOLVED,https://www.kap.org.tr/tr/Bildirim/1279558
AKBNK.IS:2024Q1,AKBNK.IS,AKBNK,2024Q1,1279561,30.04.2024 18:15:35,NON_CONSOLIDATED,NON_CONSOLIDATED,True,,False,RESOLVED,https://www.kap.org.tr/tr/Bildirim/1279561
AKBNK.IS:2024Q2,AKBNK.IS,AKBNK,2024Q2,1316531,29.07.2024 18:15:07,CONSOLIDATED,NON_CONSOLIDATED,False,,False,RESOLVED,https://www.kap.org.tr/tr/Bildirim/1316531
AKBNK.IS:2024Q2,AKBNK.IS,AKBNK,2024Q2,1316532,29.07.2024 18:15:26,NON_CONSOLIDATED,NON_CONSOLIDATED,True,,False,RESOLVED,https://www.kap.org.tr/tr/Bildirim/1316532
AKBNK.IS:2024Q3,AKBNK.IS,AKBNK,2024Q3,1350568,24.10.2024 18:15:59,CONSOLIDATED,NON_CONSOLIDATED,False,,False,RESOLVED,https://www.kap.org.tr/tr/Bildirim/1350568
AKBNK.IS:2024Q3,AKBNK.IS,AKBNK,2024Q3,1350569,24.10.2024 18:16:18,NON_CONSOLIDATED,NON_CONSOLIDATED,True,,False,RESOLVED,https://www.kap.org.tr/tr/Bildirim/1350569
AKBNK.IS:2024Q4,AKBNK.IS,AKBNK,2024Q4,1386664,30.01.2025 18:15:07,CONSOLIDATED,NON_CONSOLIDATED,False,,False,RESOLVED,https://www.kap.org.tr/tr/Bildirim/1386664
AKBNK.IS:2024Q4,AKBNK.IS,AKBNK,2024Q4,1386666,30.01.2025 18:15:20,NON_CONSOLIDATED,NON_CONSOLIDATED,True,,False,RESOLVED,https://www.kap.org.tr/tr/Bildirim/1386666
AKBNK.IS:2025Q1,AKBNK.IS,AKBNK,2025Q1,1429676,25.04.2025 18:15:10,CONSOLIDATED,NON_CONSOLIDATED,False,,False,RESOLVED,https://www.kap.org.tr/tr/Bildirim/1429676
AKBNK.IS:2025Q1,AKBNK.IS,AKBNK,2025Q1,1429678,25.04.2025 18:15:25,NON_CONSOLIDATED,NON_CONSOLIDATED,True,,False,RESOLVED,https://www.kap.org.tr/tr/Bildirim/1429678
AKBNK.IS:2025Q2,AKBNK.IS,AKBNK,2025Q2,1467846,29.07.2025 18:15:09,CONSOLIDATED,NON_CONSOLIDATED,False,,False,RESOLVED,https://www.kap.org.tr/tr/Bildirim/1467846
AKBNK.IS:2025Q2,AKBNK.IS,AKBNK,2025Q2,1467850,29.07.2025 18:15:23,NON_CONSOLIDATED,NON_CONSOLIDATED,True,,False,RESOLVED,https://www.kap.org.tr/tr/Bildirim/1467850
AKBNK.IS:2025Q3,AKBNK.IS,AKBNK,2025Q3,1507401,23.10.2025 18:15:09,CONSOLIDATED,NON_CONSOLIDATED,False,,False,RESOLVED,https://www.kap.org.tr/tr/Bildirim/1507401
AKBNK.IS:2025Q3,AKBNK.IS,AKBNK,2025Q3,1507402,23.10.2025 18:15:23,NON_CONSOLIDATED,NON_CONSOLIDATED,True,,False,RESOLVED,https://www.kap.org.tr/tr/Bildirim/1507402
AKBNK.IS:2025Q4,AKBNK.IS,AKBNK,2025Q4,1551575,02.02.2026 18:25:46,CONSOLIDATED,NON_CONSOLIDATED,False,,False,RESOLVED,https://www.kap.org.tr/tr/Bildirim/1551575
AKBNK.IS:2025Q4,AKBNK.IS,AKBNK,2025Q4,1551576,02.02.2026 18:27:24,NON_CONSOLIDATED,NON_CONSOLIDATED,True,,False,RESOLVED,https://www.kap.org.tr/tr/Bildirim/1551576
AKBNK.IS:2026Q1,AKBNK.IS,AKBNK,2026Q1,1598259,28.04.2026 18:15:32,CONSOLIDATED,NON_CONSOLIDATED,False,,False,RESOLVED,https://www.kap.org.tr/tr/Bildirim/1598259
AKBNK.IS:2026Q1,AKBNK.IS,AKBNK,2026Q1,1598264,28.04.2026 18:15:51,NON_CONSOLIDATED,NON_CONSOLIDATED,True,,False,RESOLVED,https://www.kap.org.tr/tr/Bildirim/1598264
AKBNK.IS:2026Q2,AKBNK.IS,AKBNK,2026Q2,1637884,28.07.2026 18:15:15,CONSOLIDATED,NON_CONSOLIDATED,False,,False,RESOLVED,https://www.kap.org.tr/tr/Bildirim/1637884
AKBNK.IS:2026Q2,AKBNK.IS,AKBNK,2026Q2,1637885,28.07.2026 18:15:32,NON_CONSOLIDATED,NON_CONSOLIDATED,True,,False,RESOLVED,https://www.kap.org.tr/tr/Bildirim/1637885
ALARK.IS:2018Q1,ALARK.IS,ALARK,2018Q1,682464,09.05.2018 18:19:16,CONSOLIDATED,CONSOLIDATED,True,,False,RESOLVED,https://www.kap.org.tr/tr/Bildirim/682464
ALARK.IS:2018Q2,ALARK.IS,ALARK,2018Q2,704847,17.08.2018 18:45:23,CONSOLIDATED,CONSOLIDATED,True,,False,RESOLVED,https://www.kap.org.tr/tr/Bildirim/704847
ALARK.IS:2018Q3,ALARK.IS,ALARK,2018Q3,719167,09.11.2018 18:44:04,CONSOLIDATED,CONSOLIDATED,True,,False,RESOLVED,https://www.kap.org.tr/tr/Bildirim/719167
ALARK.IS:2018Q4,ALARK.IS,ALARK,2018Q4,747294,12.03.2019 00:14:24,CONSOLIDATED,CONSOLIDATED,True,,False,RESOLVED,https://www.kap.org.tr/tr/Bildirim/747294
ALARK.IS:2019Q1,ALARK.IS,ALARK,2019Q1,763141,10.05.2019 18:20:33,CONSOLIDATED,CONSOLIDATED,True,,False,RESOLVED,https://www.kap.org.tr/tr/Bildirim/763141
ALARK.IS:2019Q2,ALARK.IS,ALARK,2019Q2,782018,09.08.2019 18:33:48,CONSOLIDATED,CONSOLIDATED,True,,False,RESOLVED,https://www.kap.org.tr/tr/Bildirim/782018
ALARK.IS:2019Q3,ALARK.IS,ALARK,2019Q3,797322,07.11.2019 18:24:15,CONSOLIDATED,CONSOLIDATED,True,,False,RESOLVED,https://www.kap.org.tr/tr/Bildirim/797322
ALARK.IS:2019Q4,ALARK.IS,ALARK,2019Q4,823712,02.03.2020 22:10:24,CONSOLIDATED,CONSOLIDATED,True,,False,RESOLVED,https://www.kap.org.tr/tr/Bildirim/823712
ALARK.IS:2020Q1,ALARK.IS,ALARK,2020Q1,847817,29.05.2020 18:43:30,CONSOLIDATED,CONSOLIDATED,True,,False,RESOLVED,https://www.kap.org.tr/tr/Bildirim/847817
ALARK.IS:2020Q2,ALARK.IS,ALARK,2020Q2,869544,17.08.2020 19:48:02,CONSOLIDATED,CONSOLIDATED,True,,False,RESOLVED,https://www.kap.org.tr/tr/Bildirim/869544
ALARK.IS:2020Q3,ALARK.IS,ALARK,2020Q3,886848,06.11.2020 18:38:01,CONSOLIDATED,CONSOLIDATED,True,,False,RESOLVED,https://www.kap.org.tr/tr/Bildirim/886848
ALARK.IS:2020Q4,ALARK.IS,ALARK,2020Q4,917148,10.03.2021 23:25:15,CONSOLIDATED,CONSOLIDATED,True,,False,RESOLVED,https://www.kap.org.tr/tr/Bildirim/917148
ALARK.IS:2021Q1,ALARK.IS,ALARK,2021Q1,936440,12.05.2021 18:44:23,CONSOLIDATED,CONSOLIDATED,True,,False,RESOLVED,https://www.kap.org.tr/tr/Bildirim/936440
ALARK.IS:2021Q2,ALARK.IS,ALARK,2021Q2,959164,18.08.2021 20:54:49,CONSOLIDATED,CONSOLIDATED,True,,False,RESOLVED,https://www.kap.org.tr/tr/Bildirim/959164
ALARK.IS:2021Q3,ALARK.IS,ALARK,2021Q3,975999,08.11.2021 19:08:48,CONSOLIDATED,CONSOLIDATED,True,,False,RESOLVED,https://www.kap.org.tr/tr/Bildirim/975999
ALARK.IS:2021Q4,ALARK.IS,ALARK,2021Q4,1009377,11.03.2022 00:18:22,CONSOLIDATED,CONSOLIDATED,True,,False,RESOLVED,https://www.kap.org.tr/tr/Bildirim/1009377
ALARK.IS:2022Q1,ALARK.IS,ALARK,2022Q1,1028066,09.05.2022 20:15:38,CONSOLIDATED,CONSOLIDATED,True,,False,RESOLVED,https://www.kap.org.tr/tr/Bildirim/1028066
ALARK.IS:2022Q2,ALARK.IS,ALARK,2022Q2,1056898,18.08.2022 19:40:38,CONSOLIDATED,CONSOLIDATED,True,,False,RESOLVED,https://www.kap.org.tr/tr/Bildirim/1056898
ALARK.IS:2022Q3,ALARK.IS,ALARK,2022Q3,1078290,08.11.2022 18:56:50,CONSOLIDATED,CONSOLIDATED,True,,False,RESOLVED,https://www.kap.org.tr/tr/Bildirim/1078290
ALARK.IS:2022Q4,ALARK.IS,ALARK,2022Q4,1123127,10.03.2023 21:46:49,CONSOLIDATED,CONSOLIDATED,True,,False,RESOLVED,https://www.kap.org.tr/tr/Bildirim/1123127
ALARK.IS:2023Q1,ALARK.IS,ALARK,2023Q1,1149025,09.05.2023 18:20:49,CONSOLIDATED,CONSOLIDATED,True,,False,RESOLVED,https://www.kap.org.tr/tr/Bildirim/1149025
ALARK.IS:2023Q2,ALARK.IS,ALARK,2023Q2,1187286,18.08.2023 18:20:41,CONSOLIDATED,CONSOLIDATED,True,,False,RESOLVED,https://www.kap.org.tr/tr/Bildirim/1187286
ALARK.IS:2023Q3,ALARK.IS,ALARK,2023Q3,1216029,08.11.2023 18:56:29,CONSOLIDATED,CONSOLIDATED,True,,False,RESOLVED,https://www.kap.org.tr/tr/Bildirim/1216029
ALARK.IS:2023Q4,ALARK.IS,ALARK,2023Q4,1274831,19.04.2024 02:46:51,CONSOLIDATED,CONSOLIDATED,True,,False,RESOLVED,https://www.kap.org.tr/tr/Bildirim/1274831
ALARK.IS:2024Q1,ALARK.IS,ALARK,2024Q1,1299720,14.06.2024 18:52:33,CONSOLIDATED,CONSOLIDATED,True,,False,RESOLVED,https://www.kap.org.tr/tr/Bildirim/1299720
ALARK.IS:2024Q2,ALARK.IS,ALARK,2024Q2,1338197,26.09.2024 21:02:01,CONSOLIDATED,CONSOLIDATED,True,,False,RESOLVED,https://www.kap.org.tr/tr/Bildirim/1338197
ALARK.IS:2024Q3,ALARK.IS,ALARK,2024Q3,1356071,08.11.2024 21:26:05,CONSOLIDATED,CONSOLIDATED,True,,False,RESOLVED,https://www.kap.org.tr/tr/Bildirim/1356071
ALARK.IS:2024Q4,ALARK.IS,ALARK,2024Q4,1403943,11.03.2025 03:13:16,CONSOLIDATED,CONSOLIDATED,True,,False,RESOLVED,https://www.kap.org.tr/tr/Bildirim/1403943
ALARK.IS:2025Q1,ALARK.IS,ALARK,2025Q1,1437035,10.05.2025 01:37:42,CONSOLIDATED,CONSOLIDATED,True,,False,RESOLVED,https://www.kap.org.tr/tr/Bildirim/1437035
ALARK.IS:2025Q2,ALARK.IS,ALARK,2025Q2,1480267,18.08.2025 20:58:19,CONSOLIDATED,CONSOLIDATED,True,,False,RESOLVED,https://www.kap.org.tr/tr/Bildirim/1480267
ALARK.IS:2025Q3,ALARK.IS,ALARK,2025Q3,1513604,07.11.2025 23:22:53,CONSOLIDATED,CONSOLIDATED,True,,False,RESOLVED,https://www.kap.org.tr/tr/Bildirim/1513604
ALARK.IS:2025Q4,ALARK.IS,ALARK,2025Q4,1570170,11.03.2026 04:06:01,CONSOLIDATED,CONSOLIDATED,True,,False,RESOLVED,https://www.kap.org.tr/tr/Bildirim/1570170
ALARK.IS:2026Q1,ALARK.IS,ALARK,2026Q1,1605770,11.05.2026 22:10:14,CONSOLIDATED,CONSOLIDATED,True,,False,RESOLVED,https://www.kap.org.tr/tr/Bildirim/1605770
ALARK.IS:2026Q2,ALARK.IS,ALARK,2026Q2,1653272,19.08.2026 23:29:44,CONSOLIDATED,CONSOLIDATED,True,,False,RESOLVED,https://www.kap.org.tr/tr/Bildirim/1653272
ALFAS.IS:2022Q3,ALFAS.IS,ALFAS,2022Q3,1082980,29.11.2022 19:30:27,NON_CONSOLIDATED,CONSOLIDATED,False,,False,RESOLVED,https://www.kap.org.tr/tr/Bildirim/1082980
ALFAS.IS:2022Q4,ALFAS.IS,ALFAS,2022Q4,1117227,27.02.2023 18:16:25,NON_CONSOLIDATED,CONSOLIDATED,False,,False,RESOLVED,https://www.kap.org.tr/tr/Bildirim/1117227
ALFAS.IS:2023Q1,ALFAS.IS,ALFAS,2023Q1,1145337,02.05.2023 19:43:52,NON_CONSOLIDATED,CONSOLIDATED,False,,False,RESOLVED,https://www.kap.org.tr/tr/Bildirim/1145337
ALFAS.IS:2023Q2,ALFAS.IS,ALFAS,2023Q2,1178270,31.07.2023 21:17:35,NON_CONSOLIDATED,CONSOLIDATED,False,DUZELTILEN,False,RESOLVED,https://www.kap.org.tr/tr/Bildirim/1178270
ALFAS.IS:2023Q2,ALFAS.IS,ALFAS,2023Q2,1180932,04.08.2023 18:11:37,NON_CONSOLIDATED,CONSOLIDATED,False,DUZENLENEN,True,RESOLVED,https://www.kap.org.tr/tr/Bildirim/1180932
ALFAS.IS:2023Q3,ALFAS.IS,ALFAS,2023Q3,1216041,08.11.2023 19:10:47,CONSOLIDATED,CONSOLIDATED,True,,False,RESOLVED,https://www.kap.org.tr/tr/Bildirim/1216041
ALFAS.IS:2023Q4,ALFAS.IS,ALFAS,2023Q4,1286722,15.05.2024 18:56:37,CONSOLIDATED,CONSOLIDATED,True,,False,RESOLVED,https://www.kap.org.tr/tr/Bildirim/1286722
ALFAS.IS:2024Q1,ALFAS.IS,ALFAS,2024Q1,1299790,14.06.2024 19:29:59,CONSOLIDATED,CONSOLIDATED,True,,False,RESOLVED,https://www.kap.org.tr/tr/Bildirim/1299790
ALFAS.IS:2024Q2,ALFAS.IS,ALFAS,2024Q2,1337431,24.09.2024 19:02:59,CONSOLIDATED,CONSOLIDATED,True,,False,RESOLVED,https://www.kap.org.tr/tr/Bildirim/1337431
ALFAS.IS:2024Q3,ALFAS.IS,ALFAS,2024Q3,1356515,11.11.2024 18:19:15,CONSOLIDATED,CONSOLIDATED,True,,False,RESOLVED,https://www.kap.org.tr/tr/Bildirim/1356515
ALFAS.IS:2024Q4,ALFAS.IS,ALFAS,2024Q4,1405002,11.03.2025 21:56:12,CONSOLIDATED,CONSOLIDATED,True,,False,RESOLVED,https://www.kap.org.tr/tr/Bildirim/1405002
ALFAS.IS:2025Q1,ALFAS.IS,ALFAS,2025Q1,1437827,12.05.2025 18:56:34,CONSOLIDATED,CONSOLIDATED,True,,False,RESOLVED,https://www.kap.org.tr/tr/Bildirim/1437827
ALFAS.IS:2025Q2,ALFAS.IS,ALFAS,2025Q2,1480706,19.08.2025 18:16:53,CONSOLIDATED,CONSOLIDATED,True,,False,RESOLVED,https://www.kap.org.tr/tr/Bildirim/1480706
ALFAS.IS:2025Q3,ALFAS.IS,ALFAS,2025Q3,1514818,10.11.2025 19:19:02,CONSOLIDATED,CONSOLIDATED,True,,False,RESOLVED,https://www.kap.org.tr/tr/Bildirim/1514818
ALFAS.IS:2025Q4,ALFAS.IS,ALFAS,2025Q4,1563291,28.02.2026 20:18:42,CONSOLIDATED,CONSOLIDATED,True,DUZELTILEN,False,RESOLVED,https://www.kap.org.tr/tr/Bildirim/1563291
ALFAS.IS:2025Q4,ALFAS.IS,ALFAS,2025Q4,1605555,11.05.2026 19:47:52,CONSOLIDATED,CONSOLIDATED,True,DUZENLENEN,True,RESOLVED,https://www.kap.org.tr/tr/Bildirim/1605555
ALFAS.IS:2026Q1,ALFAS.IS,ALFAS,2026Q1,1605558,11.05.2026 19:48:55,CONSOLIDATED,CONSOLIDATED,True,,False,RESOLVED,https://www.kap.org.tr/tr/Bildirim/1605558
ALFAS.IS:2026Q2,ALFAS.IS,ALFAS,2026Q2,1653016,19.08.2026 18:56:45,CONSOLIDATED,CONSOLIDATED,True,,False,RESOLVED,https://www.kap.org.tr/tr/Bildirim/1653016
