date,equity_before_terminal_liquidation,equity,positions,terminal_liquidation_cost
2020-01-08,1.0,1.0,0,
2020-01-09,1.024414687637426,1.024414687637426,60,
2020-01-10,1.0340010324789306,1.0340010324789306,60,
2020-01-13,1.0520183871756246,1.0520183871756246,60,
2020-01-14,1.0699064352474779,1.0699064352474779,60,
2020-01-15,1.075535825118861,1.075535825118861,60,
2020-01-16,1.069227860889676,1.069227860889676,60,
2020-01-17,1.0712156604140335,1.0712156604140335,60,
2020-01-20,1.0823974255131124,1.0823974255131124,60,
2020-01-21,1.096130966909716,1.096130966909716,60,
2020-01-22,1.090441083174768,1.090441083174768,60,
2020-01-23,1.0916766428414126,1.0916766428414126,60,
2020-01-24,1.0954066767434836,1.0954066767434836,60,
2020-01-27,1.0857535937286156,1.0857535937286156,60,
2020-01-28,1.085166764681997,1.085166764681997,60,
2020-01-29,1.0838064484160492,1.0838064484160492,60,
2020-01-30,1.0761549876239753,1.0761549876239753,60,
2020-01-31,1.0792565266014085,1.0792565266014085,60,
2020-02-03,1.0802253907716004,1.0802253907716004,60,
2020-02-04,1.104233680880698,1.104233680880698,60,
2020-02-05,1.1080665688676827,1.1080665688676827,60,
2020-02-06,1.1104670865234696,1.1104670865234696,60,
2020-02-07,1.1036647421364905,1.1036647421364905,60,
2020-02-10,1.0758431056319222,1.0758431056319222,60,
2020-02-11,1.0879828395025108,1.0879828395025108,60,
2020-02-12,1.0993382807633294,1.0993382807633294,60,
2020-02-13,1.1107966445438435,1.1107966445438435,60,
2020-02-14,1.1102817127003046,1.1102817127003046,60,
2020-02-17,1.1232547607892969,1.1232547607892969,60,
2020-02-18,1.1082537204589251,1.1082537204589251,60,
2020-02-19,1.0998144612286422,1.0998144612286422,60,
2020-02-20,1.0595875493418152,1.0595875493418152,60,
2020-02-21,1.0748007780908475,1.0748007780908475,60,
2020-02-24,1.0626628570657761,1.0626628570657761,60,
2020-02-25,1.0653985088269118,1.0653985088269118,60,
2020-02-26,1.068245063626657,1.068245063626657,60,
2020-02-27,1.0219582803873832,1.0219582803873832,60,
2020-02-28,0.9809438417341034,0.9809438417341034,60,
2020-03-02,1.0021060731209814,1.0021060731209814,60,
2020-03-03,1.0280361821817319,1.0280361821817319,60,
2020-03-04,1.0207942755439532,1.0207942755439532,60,
2020-03-05,1.0265434400023108,1.0265434400023108,60,
2020-03-06,0.9987859766160225,0.9987859766160225,60,
2020-03-09,0.9317542613767342,0.9317542613767342,60,
2020-03-10,0.9017516890339075,0.9017516890339075,60,
2020-03-11,0.9002515064198024,0.9002515064198024,60,
2020-03-12,0.8273198617784155,0.8273198617784155,60,
2020-03-13,0.8486510236511708,0.8486510236511708,60,
2020-03-16,0.7761946184419215,0.7761946184419215,60,
2020-03-17,0.7522384154605175,0.7522384154605175,60,
2020-03-18,0.7453348686590302,0.7453348686590302,60,
2020-03-19,0.7401008707993598,0.7401008707993598,60,
2020-03-20,0.7564762249346059,0.7564762249346059,60,
2020-03-23,0.7529064945994418,0.7529064945994418,60,
2020-03-24,0.803560659553993,0.803560659553993,60,
2020-03-25,0.8120913443291796,0.8120913443291796,60,
2020-03-26,0.8354796075111708,0.8354796075111708,60,
2020-03-27,0.8093023478711473,0.8093023478711473,60,
2020-03-30,0.8046589549130987,0.8046589549130987,60,
2020-03-31,0.8264676023482416,0.8264676023482416,60,
2020-04-01,0.8204012468216578,0.8204012468216578,60,
2020-04-02,0.8210438313634818,0.8210438313634818,60,
2020-04-03,0.8256020710378978,0.8256020710378978,60,
2020-04-06,0.8555804800153758,0.8555804800153758,60,
2020-04-07,0.8603413694245301,0.8603413694245301,60,
2020-04-08,0.8669351622804891,0.8669351622804891,60,
2020-04-09,0.889579271563488,0.889579271563488,60,
2020-04-10,0.8979372605403269,0.8979372605403269,60,
2020-04-13,0.9063222726226667,0.9063222726226667,60,
2020-04-14,0.9277570193175512,0.9277570193175512,60,
2020-04-15,0.8997421780956527,0.8997421780956527,60,
2020-04-16,0.9040485677059193,0.9040485677059193,60,
2020-04-17,0.9185011416395349,0.9185011416395349,60,
2020-04-20,0.9331200890878061,0.9331200890878061,60,
2020-04-21,0.9288885509048778,0.9288885509048778,60,
2020-04-22,0.940383683611916,0.940383683611916,60,
2020-04-24,0.9465758297309089,0.9465758297309089,60,
2020-04-27,0.9766659195724409,0.9766659195724409,60,
2020-04-28,0.9743644181784025,0.9743644181784025,60,
2020-04-29,0.9855914514186286,0.9855914514186286,60,
2020-04-30,0.9795238427105449,0.9795238427105449,60,
2020-05-04,0.9625923249584688,0.9625923249584688,60,
2020-05-05,0.9611954290118702,0.9611954290118702,60,
2020-05-06,0.9597511215893899,0.9597511215893899,60,
2020-05-07,0.9640696075570533,0.9640696075570533,60,
2020-05-08,0.9526754641069611,0.9526754641069611,60,
2020-05-11,0.9561219577452624,0.9561219577452624,60,
2020-05-12,0.9732386118814849,0.9732386118814849,60,
2020-05-13,0.983743645550893,0.983743645550893,60,
2020-05-14,0.9710544328195385,0.9710544328195385,60,
2020-05-15,0.9831793102728807,0.9831793102728807,60,
2020-05-18,1.0042833055086817,1.0042833055086817,60,
2020-05-20,1.0147603157870713,1.0147603157870713,60,
2020-05-21,1.0144707195712472,1.0144707195712472,60,
2020-05-22,1.0173630725661054,1.0173630725661054,60,
2020-05-27,1.0420055791475602,1.0420055791475602,60,
2020-05-28,1.0410101229730155,1.0410101229730155,60,
2020-05-29,1.0416038414589592,1.0416038414589592,60,
2020-06-01,1.0649435540685919,1.0649435540685919,60,
2020-06-02,1.0749474253915234,1.0749474253915234,60,
2020-06-03,1.0832288598169757,1.0832288598169757,60,
2020-06-04,1.0823408651175275,1.0823408651175275,60,
2020-06-05,1.0860824666457545,1.0860824666457545,60,
2020-06-08,1.0874170389032305,1.0874170389032305,60,
2020-06-09,1.0888748898834864,1.0888748898834864,60,
2020-06-10,1.1041603108527056,1.1041603108527056,60,
2020-06-11,1.1032272712136193,1.1032272712136193,60,
2020-06-12,1.113533159059634,1.113533159059634,60,
2020-06-15,1.1103466844125138,1.1103466844125138,60,
2020-06-16,1.1296996370591452,1.1296996370591452,60,
2020-06-17,1.135569650090267,1.135569650090267,60,
2020-06-18,1.1468520077185476,1.1468520077185476,60,
2020-06-19,1.145901692013625,1.145901692013625,60,
2020-06-22,1.1662764200777977,1.1662764200777977,60,
2020-06-23,1.172677626237564,1.172677626237564,60,
2020-06-24,1.166101134582134,1.166101134582134,60,
2020-06-25,1.1624686749257163,1.1624686749257163,60,
2020-06-26,1.1686237747137616,1.1686237747137616,60,
2020-06-29,1.1825361901228881,1.1825361901228881,60,
2020-06-30,1.1946800490543092,1.1946800490543092,60,
2020-07-01,1.1943493697618497,1.1943493697618497,60,
2020-07-02,1.2137197311233419,1.2137197311233419,60,
2020-07-03,1.2107759517588055,1.2107759517588055,60,
2020-07-06,1.2415609177333387,1.2415609177333387,60,
2020-07-07,1.2507171437762408,1.2507171437762408,60,
2020-07-08,1.2435673389615673,1.2435673389615673,60,
2020-07-09,1.2097204951822897,1.2097204951822897,60,
2020-07-10,1.1939853906315487,1.1939853906315487,60,
2020-07-13,1.2428016335564702,1.2428016335564702,60,
2020-07-14,1.2383957695525973,1.2383957695525973,60,
2020-07-16,1.255007252210606,1.255007252210606,60,
2020-07-17,1.260691843040872,1.260691843040872,60,
2020-07-20,1.2703687928221823,1.2703687928221823,60,
2020-07-21,1.2582023029731628,1.2582023029731628,60,
2020-07-22,1.2527063733767123,1.2527063733767123,60,
2020-07-23,1.2577869672110544,1.2577869672110544,60,
2020-07-24,1.2610276445337782,1.2610276445337782,60,
2020-07-27,1.271462912660669,1.271462912660669,60,
2020-07-28,1.2227115840962992,1.2227115840962992,60,
2020-07-29,1.2145768893915645,1.2145768893915645,60,
2020-07-30,1.2130257551173274,1.2130257551173274,60,
2020-08-04,1.16432112683845,1.16432112683845,60,
2020-08-05,1.165811666856349,1.165811666856349,60,
2020-08-06,1.087348146741554,1.087348146741554,60,
2020-08-07,1.1188089353199422,1.1188089353199422,60,
2020-08-10,1.1389622348441704,1.1389622348441704,60,
2020-08-11,1.1821148685658507,1.1821148685658507,60,
2020-08-12,1.183803467569062,1.183803467569062,60,
2020-08-13,1.1631951716291513,1.1631951716291513,60,
2020-08-14,1.1426618599039469,1.1426618599039469,60,
2020-08-17,1.1382539876242832,1.1382539876242832,60,
2020-08-18,1.1451300514417986,1.1451300514417986,60,
2020-08-19,1.1700262983610692,1.1700262983610692,60,
2020-08-20,1.176610783833066,1.176610783833066,60,
2020-08-21,1.1640494676591862,1.1640494676591862,60,
2020-08-24,1.1630770736584846,1.1630770736584846,60,
2020-08-25,1.1456051553643516,1.1456051553643516,60,
2020-08-26,1.1528050356259694,1.1528050356259694,60,
2020-08-27,1.1665211728002014,1.1665211728002014,60,
2020-08-28,1.1630300950401793,1.1630300950401793,60,
2020-08-31,1.144931850028392,1.144931850028392,60,
2020-09-01,1.1473673631782186,1.1473673631782186,60,
2020-09-02,1.1470748448339796,1.1470748448339796,60,
2020-09-03,1.1392302162111203,1.1392302162111203,60,
2020-09-04,1.146436625327423,1.146436625327423,60,
2020-09-07,1.1611934712939098,1.1611934712939098,60,
2020-09-08,1.1554799195191345,1.1554799195191345,60,
2020-09-09,1.1653853658265232,1.1653853658265232,60,
2020-09-10,1.1695555718166981,1.1695555718166981,60,
2020-09-11,1.1726655231575323,1.1726655231575323,60,
2020-09-14,1.1805186038783617,1.1805186038783617,60,
2020-09-15,1.1844838521611467,1.1844838521611467,60,
2020-09-16,1.184427332419713,1.184427332419713,60,
2020-09-17,1.1872290401794883,1.1872290401794883,60,
2020-09-18,1.192195497165542,1.192195497165542,60,
2020-09-21,1.1620995030957688,1.1620995030957688,60,
2020-09-22,1.172474967667148,1.172474967667148,60,
2020-09-23,1.1798735108219973,1.1798735108219973,60,
2020-09-24,1.1915192598262285,1.1915192598262285,60,
2020-09-25,1.1980180293376739,1.1980180293376739,60,
2020-09-28,1.199495328517187,1.199495328517187,60,
2020-09-29,1.203218882971324,1.203218882971324,60,
2020-09-30,1.2258258734260876,1.2258258734260876,60,
2020-10-01,1.2281442985222746,1.2281442985222746,60,
2020-10-02,1.2298427235539804,1.2298427235539804,60,
2020-10-05,1.2512608890309094,1.2512608890309094,60,
2020-10-06,1.2485500355546395,1.2485500355546395,60,
2020-10-07,1.2488945049379607,1.2488945049379607,60,
2020-10-08,1.2475122670288632,1.2475122670288632,60,
2020-10-09,1.2593111634992635,1.2593111634992635,60,
2020-10-12,1.2823504927773113,1.2823504927773113,60,
2020-10-13,1.2898524525443529,1.2898524525443529,60,
2020-10-14,1.3041477400156485,1.3041477400156485,60,
2020-10-15,1.2993328490675926,1.2993328490675926,60,
2020-10-16,1.3124480412439115,1.3124480412439115,60,
2020-10-19,1.3294127489600305,1.3294127489600305,60,
2020-10-20,1.339410330783728,1.339410330783728,60,
2020-10-21,1.3359103300417219,1.3359103300417219,60,
2020-10-22,1.3273127977276307,1.3273127977276307,60,
2020-10-23,1.3185004077330484,1.3185004077330484,60,
2020-10-26,1.2538019402038214,1.2538019402038214,60,
2020-10-27,1.2679026670640168,1.2679026670640168,60,
2020-10-28,1.2453334014336535,1.2453334014336535,60,
2020-10-30,1.2321784458581644,1.2321784458581644,60,
2020-11-02,1.2510386759565746,1.2510386759565746,60,
2020-11-03,1.2567389240434517,1.2567389240434517,60,
2020-11-04,1.281426769993887,1.281426769993887,60,
2020-11-05,1.3027065705297647,1.3027065705297647,60,
2020-11-06,1.3148479943308355,1.3148479943308355,60,
2020-11-09,1.3502994883526733,1.3502994883526733,60,
2020-11-10,1.3707087756535354,1.3707087756535354,60,
2020-11-11,1.4060101292842546,1.4060101292842546,60,
2020-11-12,1.3992147903321435,1.3992147903321435,60,
2020-11-13,1.4193146103910024,1.4193146103910024,60,
2020-11-16,1.4285173402470948,1.4285173402470948,60,
2020-11-17,1.3885134286901308,1.3885134286901308,60,
2020-11-18,1.4190624890964982,1.4190624890964982,60,
2020-11-19,1.4365930280535817,1.4365930280535817,60,
2020-11-20,1.4580922895358268,1.4580922895358268,60,
2020-11-23,1.4568350407850799,1.4568350407850799,60,
2020-11-24,1.47138579711577,1.47138579711577,60,
2020-11-25,1.4788509988747804,1.4788509988747804,60,
2020-11-26,1.4954045308607566,1.4954045308607566,60,
2020-11-27,1.4816162179620298,1.4816162179620298,60,
2020-11-30,1.4396802267281095,1.4396802267281095,60,
2020-12-01,1.4852813546039407,1.4852813546039407,60,
2020-12-02,1.488622603045421,1.488622603045421,60,
2020-12-03,1.4892564037973226,1.4892564037973226,60,
2020-12-04,1.488191090869955,1.488191090869955,60,
2020-12-07,1.4923276430559103,1.4923276430559103,60,
2020-12-08,1.5021410213178523,1.5021410213178523,60,
2020-12-09,1.5078575468074125,1.5078575468074125,60,
2020-12-10,1.5071334272823298,1.5071334272823298,60,
2020-12-11,1.5157213016776463,1.5157213016776463,60,
2020-12-14,1.5481078476713281,1.5481078476713281,60,
2020-12-15,1.5483109006322957,1.5483109006322957,60,
2020-12-16,1.545623316609546,1.545623316609546,60,
2020-12-17,1.5550759864176704,1.5550759864176704,60,
2020-12-18,1.5750891463075807,1.5750891463075807,60,
2020-12-21,1.5608458314433624,1.5608458314433624,60,
2020-12-22,1.5912120089431434,1.5912120089431434,60,
2020-12-23,1.6174046006267897,1.6174046006267897,60,
2020-12-24,1.6306357540391292,1.6306357540391292,60,
2020-12-28,1.6424470074330169,1.6424470074330169,60,
2020-12-29,1.6570956090993016,1.6570956090993016,60,
2020-12-30,1.6758693277489614,1.6758693277489614,60,
2020-12-31,1.6786172580998062,1.6786172580998062,60,
2021-01-04,1.6949034624899664,1.6949034624899664,60,
2021-01-05,1.6921848670172817,1.6921848670172817,60,
2021-01-06,1.7113894618121777,1.7113894618121777,60,
2021-01-07,1.7423449956665589,1.7423449956665589,60,
2021-01-08,1.7640184404189823,1.7640184404189823,60,
2021-01-11,1.763533950176485,1.763533950176485,60,
2021-01-12,1.785065849154289,1.785065849154289,60,
2021-01-13,1.799998934777364,1.799998934777364,60,
2021-01-14,1.7946515746251355,1.7946515746251355,60,
2021-01-15,1.7724025829344623,1.7724025829344623,60,
2021-01-18,1.8035051262292383,1.8035051262292383,60,
2021-01-19,1.8179707801848237,1.8179707801848237,60,
2021-01-20,1.8322565171258902,1.8322565171258902,60,
2021-01-21,1.820888128323361,1.820888128323361,60,
2021-01-22,1.8140678033925586,1.8140678033925586,60,
2021-01-25,1.8208650818099512,1.8208650818099512,60,
2021-01-26,1.8106711845748324,1.8106711845748324,60,
2021-01-27,1.714541904256019,1.714541904256019,60,
2021-01-28,1.766751816570037,1.766751816570037,60,
2021-01-29,1.749328502223972,1.749328502223972,60,
2021-02-01,1.773999895279869,1.773999895279869,60,
2021-02-02,1.79482085047465,1.79482085047465,60,
2021-02-03,1.8137391094005364,1.8137391094005364,60,
2021-02-04,1.8247094499550474,1.8247094499550474,60,
2021-02-05,1.8132316389387402,1.8132316389387402,60,
2021-02-08,1.817855681591506,1.817855681591506,60,
2021-02-09,1.8187109721420962,1.8187109721420962,60,
2021-02-10,1.8210538307958326,1.8210538307958326,60,
2021-02-11,1.8122525610361877,1.8122525610361877,60,
2021-02-12,1.8107787647992735,1.8107787647992735,60,
2021-02-15,1.8402977920530361,1.8402977920530361,60,
2021-02-16,1.8298547558703198,1.8298547558703198,60,
2021-02-17,1.8440003867444372,1.8440003867444372,60,
2021-02-18,1.8587846457442165,1.8587846457442165,60,
2021-02-19,1.871953267095621,1.871953267095621,60,
2021-02-22,1.867601794031319,1.867601794031319,60,
2021-02-23,1.8183989283669548,1.8183989283669548,60,
2021-02-24,1.7665087141847582,1.7665087141847582,60,
2021-02-25,1.7616148493470707,1.7616148493470707,60,
2021-02-26,1.7419059048155578,1.7419059048155578,60,
2021-03-01,1.8143092012656945,1.8143092012656945,60,
2021-03-02,1.812961055884939,1.812961055884939,60,
2021-03-03,1.8239020418104979,1.8239020418104979,60,
2021-03-04,1.8288602145120845,1.8288602145120845,60,
2021-03-05,1.8330395358098093,1.8330395358098093,60,
2021-03-08,1.8249224293094564,1.8249224293094564,60,
2021-03-09,1.8556527923388726,1.8556527923388726,60,
2021-03-10,1.885085849301829,1.885085849301829,60,
2021-03-11,1.8751983396597045,1.8751983396597045,60,
2021-03-12,1.8790742767094963,1.8790742767094963,60,
2021-03-15,1.8820457563021504,1.8820457563021504,60,
2021-03-16,1.9001339541680886,1.9001339541680886,60,
2021-03-17,1.8859342996005906,1.8859342996005906,60,
2021-03-18,1.878381039497555,1.878381039497555,60,
2021-03-19,1.8502435947013007,1.8502435947013007,60,
2021-03-22,1.6707522626121556,1.6707522626121556,60,
2021-03-23,1.6667969452571263,1.6667969452571263,60,
2021-03-24,1.739553915163961,1.739553915163961,60,
2021-03-25,1.7182256485818213,1.7182256485818213,60,
2021-03-26,1.698502357658393,1.698502357658393,60,
2021-03-29,1.7158257755242265,1.7158257755242265,60,
2021-03-30,1.7083890282994725,1.7083890282994725,60,
2021-03-31,1.6989858557886512,1.6989858557886512,60,
2021-04-01,1.7448751748636304,1.7448751748636304,60,
2021-04-05,1.7722437627619076,1.7722437627619076,60,
2021-04-06,1.7442136417815963,1.7442136417815963,60,
2021-04-07,1.7437158879506771,1.7437158879506771,60,
2021-04-08,1.7397795863114476,1.7397795863114476,60,
2021-04-09,1.6988333701064706,1.6988333701064706,60,
2021-04-12,1.670966787405908,1.670966787405908,60,
2021-04-13,1.662651386490441,1.662651386490441,60,
2021-04-14,1.7044794789386,1.7044794789386,60,
2021-04-15,1.7003571581419605,1.7003571581419605,60,
2021-04-16,1.6987968938186255,1.6987968938186255,60,
2021-04-19,1.656767102643319,1.656767102643319,60,
2021-04-20,1.6335859951405352,1.6335859951405352,60,
2021-04-21,1.5794133662616294,1.5794133662616294,60,
2021-04-22,1.601030462875211,1.601030462875211,60,
2021-04-26,1.6359813206544171,1.6359813206544171,60,
2021-04-27,1.654390373748626,1.654390373748626,60,
2021-04-28,1.6497044844251152,1.6497044844251152,60,
2021-04-29,1.6644054947930025,1.6644054947930025,60,
2021-04-30,1.67970244109138,1.67970244109138,60,
2021-05-03,1.7172368427046771,1.7172368427046771,60,
2021-05-04,1.7118514189260887,1.7118514189260887,60,
2021-05-05,1.7193558062394219,1.7193558062394219,60,
2021-05-06,1.7218308843513603,1.7218308843513603,60,
2021-05-07,1.7314326010238656,1.7314326010238656,60,
2021-05-10,1.7591290751439639,1.7591290751439639,60,
2021-05-11,1.74404958863957,1.74404958863957,60,
2021-05-12,1.7417095223833021,1.7417095223833021,60,
2021-05-17,1.7598204070058237,1.7598204070058237,60,
2021-05-18,1.7597458597149966,1.7597458597149966,60,
2021-05-20,1.757240689141366,1.757240689141366,60,
2021-05-21,1.759003290177503,1.759003290177503,60,
2021-05-24,1.7580383073187182,1.7580383073187182,60,
2021-05-25,1.685987461354171,1.685987461354171,60,
2021-05-26,1.7161514444820665,1.7161514444820665,60,
2021-05-27,1.7099452213225126,1.7099452213225126,60,
2021-05-28,1.7098392426937385,1.7098392426937385,60,
2021-05-31,1.7105908613376224,1.7105908613376224,60,
2021-06-01,1.7206423783704707,1.7206423783704707,60,
2021-06-02,1.7217937278513016,1.7217937278513016,60,
2021-06-03,1.7202703838001552,1.7202703838001552,60,
2021-06-04,1.7223709877555682,1.7223709877555682,60,
2021-06-07,1.7365273997304802,1.7365273997304802,60,
2021-06-08,1.7381455264375925,1.7381455264375925,60,
2021-06-09,1.7370625477945538,1.7370625477945538,60,
2021-06-10,1.7407502066283163,1.7407502066283163,60,
2021-06-11,1.7411506504766303,1.7411506504766303,60,
2021-06-14,1.7291041579510786,1.7291041579510786,60,
2021-06-15,1.716851619369305,1.716851619369305,60,
2021-06-16,1.6973903338537943,1.6973903338537943,60,
2021-06-17,1.6830273753545404,1.6830273753545404,60,
2021-06-18,1.6576617465564873,1.6576617465564873,60,
2021-06-21,1.6644287401374118,1.6644287401374118,60,
2021-06-22,1.6811758757911222,1.6811758757911222,60,
2021-06-23,1.677041599085458,1.677041599085458,60,
2021-06-24,1.6850946270663805,1.6850946270663805,60,
2021-06-25,1.663591620130538,1.663591620130538,60,
2021-06-28,1.6307124525091063,1.6307124525091063,60,
2021-06-29,1.630324821153683,1.630324821153683,60,
2021-06-30,1.615793919330365,1.615793919330365,60,
2021-07-01,1.6379805153156732,1.6379805153156732,60,
2021-07-02,1.6430006934339236,1.6430006934339236,60,
2021-07-05,1.664511342052083,1.664511342052083,60,
2021-07-06,1.6571236799011895,1.6571236799011895,60,
2021-07-07,1.667838873031214,1.667838873031214,60,
2021-07-08,1.6515789049372616,1.6515789049372616,60,
2021-07-09,1.6497831287264004,1.6497831287264004,60,
2021-07-12,1.616748462977289,1.616748462977289,60,
2021-07-13,1.6038080472859888,1.6038080472859888,60,
2021-07-14,1.6303605354894686,1.6303605354894686,60,
2021-07-16,1.634470615291362,1.634470615291362,60,
2021-07-19,1.625693190352091,1.625693190352091,60,
2021-07-26,1.6250851373528215,1.6250851373528215,60,
2021-07-27,1.6361503034315517,1.6361503034315517,60,
2021-07-28,1.6368269463524554,1.6368269463524554,60,
2021-07-29,1.6626251267059398,1.6626251267059398,60,
2021-07-30,1.664428243197524,1.664428243197524,60,
2021-08-02,1.679262624946716,1.679262624946716,60,
2021-08-03,1.6867257088359122,1.6867257088359122,60,
2021-08-04,1.6985338594685584,1.6985338594685584,60,
2021-08-05,1.711553067945808,1.711553067945808,60,
2021-08-06,1.7153566326151957,1.7153566326151957,60,
2021-08-09,1.72226243485198,1.72226243485198,60,
2021-08-10,1.7224372127863778,1.7224372127863778,60,
2021-08-11,1.6912129489796304,1.6912129489796304,60,
2021-08-12,1.7250575235447332,1.7250575235447332,60,
2021-08-13,1.7315459007546377,1.7315459007546377,60,
2021-08-16,1.7430833662258554,1.7430833662258554,60,
2021-08-17,1.7491500073969155,1.7491500073969155,60,
2021-08-18,1.7385930072478462,1.7385930072478462,60,
2021-08-19,1.7273909094212878,1.7273909094212878,60,
2021-08-20,1.728185654089959,1.728185654089959,60,
2021-08-23,1.7449822864334996,1.7449822864334996,60,
2021-08-24,1.7510285142762023,1.7510285142762023,60,
2021-08-25,1.735643072280768,1.735643072280768,60,
2021-08-26,1.7274887511456314,1.7274887511456314,60,
2021-08-27,1.7379405749749217,1.7379405749749217,60,
2021-08-31,1.75478391309182,1.75478391309182,60,
2021-09-01,1.7645904555501761,1.7645904555501761,60,
2021-09-02,1.7719908020081638,1.7719908020081638,60,
2021-09-03,1.76854363269583,1.76854363269583,60,
2021-09-06,1.776546847880265,1.776546847880265,60,
2021-09-07,1.755095683591521,1.755095683591521,60,
2021-09-08,1.730009386311796,1.730009386311796,60,
2021-09-09,1.752692281430915,1.752692281430915,60,
2021-09-10,1.7390071228398194,1.7390071228398194,60,
2021-09-13,1.7408747462802012,1.7408747462802012,60,
2021-09-14,1.7394636107372585,1.7394636107372585,60,
2021-09-15,1.7319603521272917,1.7319603521272917,60,
2021-09-16,1.7245531716484337,1.7245531716484337,60,
2021-09-17,1.7251505079245781,1.7251505079245781,60,
2021-09-20,1.6950119318817063,1.6950119318817063,60,
2021-09-21,1.6901953862764239,1.6901953862764239,60,
2021-09-22,1.710629380003017,1.710629380003017,60,
2021-09-23,1.7108594118365517,1.7108594118365517,60,
2021-09-24,1.6923579975548786,1.6923579975548786,60,
2021-09-27,1.7021914112724226,1.7021914112724226,60,
2021-09-28,1.6985169146362054,1.6985169146362054,60,
2021-09-29,1.7068998170619856,1.7068998170619856,60,
2021-09-30,1.7233329718005361,1.7233329718005361,60,
2021-10-01,1.7239953353253203,1.7239953353253203,60,
2021-10-04,1.720381150124273,1.720381150124273,60,
2021-10-05,1.716180427323532,1.716180427323532,60,
2021-10-06,1.6857419050981395,1.6857419050981395,60,
2021-10-07,1.7111335055027126,1.7111335055027126,60,
2021-10-08,1.7155897301783087,1.7155897301783087,60,
2021-10-11,1.7333184269403874,1.7333184269403874,60,
2021-10-12,1.7290775316822304,1.7290775316822304,60,
2021-10-13,1.7251409986895716,1.7251409986895716,60,
2021-10-14,1.7224421469869937,1.7224421469869937,60,
2021-10-15,1.719696685835851,1.719696685835851,60,
2021-10-18,1.7289653484727483,1.7289653484727483,60,
2021-10-19,1.7459445819705512,1.7459445819705512,60,
2021-10-20,1.7434366780923196,1.7434366780923196,60,
2021-10-21,1.7668282448341015,1.7668282448341015,60,
2021-10-22,1.7911138219289744,1.7911138219289744,60,
2021-10-25,1.805771304712067,1.805771304712067,60,
2021-10-26,1.8263367756048317,1.8263367756048317,60,
2021-10-27,1.8369039783546337,1.8369039783546337,60,
2021-10-28,1.8348238156666328,1.8348238156666328,60,
2021-11-01,1.8520759751575842,1.8520759751575842,60,
2021-11-02,1.8481005587220976,1.8481005587220976,60,
2021-11-03,1.8615512572074533,1.8615512572074533,60,
2021-11-04,1.9026557721798274,1.9026557721798274,60,
2021-11-05,1.9119055956077018,1.9119055956077018,60,
2021-11-08,1.939404646786391,1.939404646786391,60,
2021-11-09,1.9464527756061272,1.9464527756061272,60,
2021-11-10,1.9561085154886126,1.9561085154886126,60,
2021-11-11,1.9584685398722486,1.9584685398722486,60,
2021-11-12,1.9821771865794375,1.9821771865794375,60,
2021-11-15,2.0543791249817933,2.0543791249817933,60,
2021-11-16,2.0283684487728344,2.0283684487728344,60,
2021-11-17,2.0540460969696266,2.0540460969696266,60,
2021-11-18,2.0756193810784755,2.0756193810784755,60,
2021-11-19,2.0799723073600207,2.0799723073600207,60,
2021-11-22,2.1059349785763684,2.1059349785763684,60,
2021-11-23,2.1221875540684785,2.1221875540684785,60,
2021-11-24,2.1647451296855613,2.1647451296855613,60,
2021-11-25,2.175006348660816,2.175006348660816,60,
2021-11-26,2.1261501740761144,2.1261501740761144,60,
2021-11-29,2.164233590782784,2.164233590782784,60,
2021-11-30,2.16886478950267,2.16886478950267,60,
2021-12-01,2.2266577494373725,2.2266577494373725,60,
2021-12-02,2.253623596537314,2.253623596537314,60,
2021-12-03,2.2918788219491835,2.2918788219491835,60,
2021-12-06,2.3139444576629,2.3139444576629,60,
2021-12-07,2.366248362020655,2.366248362020655,60,
2021-12-08,2.402647583309599,2.402647583309599,60,
2021-12-09,2.429522006698549,2.429522006698549,60,
2021-12-10,2.429695460726294,2.429695460726294,60,
2021-12-13,2.486700902854862,2.486700902854862,60,
2021-12-14,2.537989530658335,2.537989530658335,61,
2021-12-15,2.5151299917507033,2.5151299917507033,61,
2021-12-16,2.6282667988978208,2.6282667988978208,61,
2021-12-17,2.4099079108832004,2.4099079108832004,61,
2021-12-20,2.355687434655056,2.355687434655056,61,
2021-12-21,2.1971852160426746,2.1971852160426746,61,
2021-12-22,2.1206500276928506,2.1206500276928506,61,
2021-12-23,2.124453220369667,2.124453220369667,61,
2021-12-24,2.214557142182447,2.214557142182447,61,
2021-12-27,2.2304266953175578,2.2304266953175578,61,
2021-12-28,2.183501209727129,2.183501209727129,61,
2021-12-29,2.2139576385931803,2.2139576385931803,61,
2021-12-30,2.1858759280367863,2.1858759280367863,61,
2021-12-31,2.193920774176454,2.193920774176454,61,
2022-01-03,2.263105440264256,2.263105440264256,61,
2022-01-04,2.3039497285274737,2.3039497285274737,61,
2022-01-05,2.340336301522009,2.340336301522009,61,
2022-01-06,2.3413243213018076,2.3413243213018076,61,
2022-01-07,2.366430212746668,2.366430212746668,61,
2022-01-10,2.3867545206491756,2.3867545206491756,61,
2022-01-11,2.3761199648018185,2.3761199648018185,61,
2022-01-12,2.398435480714218,2.398435480714218,61,
2022-01-13,2.4183667958002766,2.4183667958002766,61,
2022-01-14,2.4347860447720957,2.4347860447720957,61,
2022-01-17,2.4684966511269506,2.4684966511269506,61,
2022-01-18,2.344869040412242,2.344869040412242,61,
2022-01-19,2.4193227030113595,2.4193227030113595,61,
2022-01-20,2.396951992151778,2.396951992151778,61,
2022-01-21,2.4005584140447587,2.4005584140447587,61,
2022-01-24,2.2998614475735923,2.2998614475735923,61,
2022-01-25,2.332373467571126,2.332373467571126,61,
2022-01-26,2.3590803413060484,2.3590803413060484,61,
2022-01-27,2.419417542804076,2.419417542804076,61,
2022-01-28,2.4179828934420122,2.4179828934420122,61,
2022-01-31,2.4346358971300557,2.4346358971300557,61,
2022-02-01,2.455115743484064,2.455115743484064,61,
2022-02-02,2.426737265770179,2.426737265770179,61,
2022-02-03,2.385130958599035,2.385130958599035,61,
2022-02-04,2.377928215260168,2.377928215260168,61,
2022-02-07,2.4197773669824336,2.4197773669824336,61,
2022-02-08,2.427306832544431,2.427306832544431,61,
2022-02-09,2.4668682627826075,2.4668682627826075,61,
2022-02-10,2.4627562403802714,2.4627562403802714,61,
2022-02-11,2.470446119009696,2.470446119009696,61,
2022-02-14,2.4175836289798927,2.4175836289798927,61,
2022-02-15,2.464380723515179,2.464380723515179,61,
2022-02-16,2.472223466860619,2.472223466860619,61,
2022-02-17,2.4334880142596726,2.4334880142596726,61,
2022-02-18,2.4554278331052255,2.4554278331052255,61,
2022-02-21,2.4592932822764655,2.4592932822764655,61,
2022-02-22,2.4262764139626527,2.4262764139626527,61,
2022-02-23,2.416407244342313,2.416407244342313,61,
2022-02-24,2.1955696023905107,2.1955696023905107,61,
2022-02-25,2.313107168029574,2.313107168029574,61,
2022-02-28,2.285780005407687,2.285780005407687,61,
2022-03-01,2.3115695289668032,2.3115695289668032,61,
2022-03-02,2.3326465931609244,2.3326465931609244,61,
2022-03-03,2.3725653488834455,2.3725653488834455,61,
2022-03-04,2.3530932279178156,2.3530932279178156,61,
2022-03-07,2.361263345660585,2.361263345660585,61,
2022-03-08,2.376659298576244,2.376659298576244,61,
2022-03-09,2.4319674695536153,2.4319674695536153,61,
2022-03-10,2.424258777695793,2.424258777695793,61,
2022-03-11,2.449160089825639,2.449160089825639,61,
2022-03-14,2.5005178582091188,2.5005178582091188,61,
2022-03-15,2.4987853222702516,2.4987853222702516,61,
2022-03-16,2.515939916919418,2.515939916919418,61,
2022-03-17,2.553218085638999,2.553218085638999,61,
2022-03-18,2.5674747212293627,2.5674747212293627,61,
2022-03-21,2.6165468015833953,2.6165468015833953,61,
2022-03-22,2.6645395393137257,2.6645395393137257,61,
2022-03-23,2.6607816423182182,2.6607816423182182,61,
2022-03-24,2.649587021045528,2.649587021045528,61,
2022-03-25,2.652721194817258,2.652721194817258,61,
2022-03-28,2.667304492294931,2.667304492294931,61,
2022-03-29,2.707287161918178,2.707287161918178,61,
2022-03-30,2.732582912763551,2.732582912763551,61,
2022-03-31,2.735955886288458,2.735955886288458,61,
2022-04-01,2.751950832640985,2.751950832640985,61,
2022-04-04,2.8145075931647536,2.8145075931647536,61,
2022-04-05,2.841227390085211,2.841227390085211,61,
2022-04-06,2.8466814439887607,2.8466814439887607,61,
2022-04-07,2.895126202330858,2.895126202330858,61,
2022-04-08,2.948418558354428,2.948418558354428,61,
2022-04-11,3.0291082505910194,3.0291082505910194,61,
2022-04-12,3.052826546207315,3.052826546207315,61,
2022-04-13,3.027051291688668,3.027051291688668,61,
2022-04-14,3.060361171041438,3.060361171041438,61,
2022-04-15,3.0899801418533897,3.0899801418533897,61,
2022-04-18,3.1234211096403093,3.1234211096403093,61,
2022-04-19,3.127405332055603,3.127405332055603,61,
2022-04-20,3.1378875436615883,3.1378875436615883,61,
2022-04-21,3.1741503585078905,3.1741503585078905,61,
2022-04-22,3.0709971815020256,3.0709971815020256,61,
2022-04-25,3.070543693342497,3.070543693342497,61,
2022-04-26,2.9986368355905406,2.9986368355905406,61,
2022-04-27,3.020942571703659,3.020942571703659,61,
2022-04-28,3.019801021741243,3.019801021741243,61,
2022-04-29,3.0227057582999195,3.0227057582999195,61,
2022-05-05,3.0816635313302294,3.0816635313302294,61,
2022-05-06,3.0758770595599643,3.0758770595599643,61,
2022-05-09,3.0818972046411903,3.0818972046411903,61,
2022-05-10,3.1009495055888174,3.1009495055888174,61,
2022-05-11,3.0376182941928342,3.0376182941928342,61,
2022-05-12,2.959269691121876,2.959269691121876,61,
2022-05-13,3.0131431533226394,3.0131431533226394,61,
2022-05-16,2.9816861234262495,2.9816861234262495,61,
2022-05-17,2.985205076862508,2.985205076862508,61,
2022-05-18,2.972654619040934,2.972654619040934,61,
2022-05-20,2.9607549967595514,2.9607549967595514,61,
2022-05-23,2.972173379284816,2.972173379284816,61,
2022-05-24,2.978131621813236,2.978131621813236,61,
2022-05-25,3.020439132242702,3.020439132242702,61,
2022-05-26,3.0590505920678024,3.0590505920678024,61,
2022-05-27,3.03459139380594,3.03459139380594,61,
2022-05-30,3.138205261308667,3.138205261308667,61,
2022-05-31,3.171077300896805,3.171077300896805,61,
2022-06-01,3.2039859180846237,3.2039859180846237,61,
2022-06-02,3.233473094108926,3.233473094108926,61,
2022-06-03,3.254407982111303,3.254407982111303,61,
2022-06-06,3.3323839496041647,3.3323839496041647,64,
2022-06-07,3.3363265758274463,3.3363265758274463,64,
2022-06-08,3.200457720015046,3.200457720015046,64,
2022-06-09,3.243032507021125,3.243032507021125,64,
2022-06-10,3.2257446370824443,3.2257446370824443,64,
2022-06-13,3.185535891203594,3.185535891203594,64,
2022-06-14,3.1855489477443713,3.1855489477443713,64,
2022-06-15,3.2177212439986813,3.2177212439986813,64,
2022-06-16,3.174046546992703,3.174046546992703,64,
2022-06-17,3.2148106075452834,3.2148106075452834,64,
2022-06-20,3.2399899078006205,3.2399899078006205,64,
2022-06-21,3.2818910141192146,3.2818910141192146,64,
2022-06-22,3.2889302506398503,3.2889302506398503,64,
2022-06-23,3.2681237247350867,3.2681237247350867,64,
2022-06-24,3.29626192463515,3.29626192463515,64,
2022-06-27,3.2519743899631237,3.2519743899631237,64,
2022-06-28,3.2356467206510167,3.2356467206510167,64,
2022-06-29,3.164550904040846,3.164550904040846,64,
2022-06-30,3.14862074471984,3.14862074471984,64,
2022-07-01,3.1955405968561204,3.1955405968561204,64,
2022-07-04,3.142150448612969,3.142150448612969,64,
2022-07-05,3.1053827346446328,3.1053827346446328,64,
2022-07-06,3.1612664464672013,3.1612664464672013,64,
2022-07-07,3.2062651617786444,3.2062651617786444,64,
2022-07-08,3.230348068241917,3.230348068241917,64,
2022-07-13,3.2446789537743808,3.2446789537743808,64,
2022-07-14,3.224275101329642,3.224275101329642,64,
2022-07-18,3.30147285351917,3.30147285351917,64,
2022-07-19,3.3658162631204935,3.3658162631204935,64,
2022-07-20,3.3864878342904343,3.3864878342904343,64,
2022-07-21,3.3905605172155715,3.3905605172155715,64,
2022-07-22,3.4043231891408503,3.4043231891408503,64,
2022-07-25,3.4427195261976857,3.4427195261976857,64,
2022-07-26,3.4489819281528766,3.4489819281528766,64,
2022-07-27,3.4652706473757804,3.4652706473757804,64,
2022-07-28,3.474680066788139,3.474680066788139,64,
2022-07-29,3.5321462876722944,3.5321462876722944,64,
2022-08-01,3.6203963510799775,3.6203963510799775,64,
2022-08-02,3.609405323626612,3.609405323626612,64,
2022-08-03,3.6662174748732883,3.6662174748732883,64,
2022-08-04,3.722145347443845,3.722145347443845,64,
2022-08-05,3.784781098772805,3.784781098772805,64,
2022-08-08,3.83789768242322,3.83789768242322,64,
2022-08-09,3.83028360468744,3.83028360468744,64,
2022-08-10,3.87955262531436,3.87955262531436,64,
2022-08-11,3.927305566120456,3.927305566120456,64,
2022-08-12,3.930530406654342,3.930530406654342,64,
2022-08-15,3.956786749186845,3.956786749186845,64,
2022-08-16,4.008715712347436,4.008715712347436,64,
2022-08-17,4.092568588786598,4.092568588786598,64,
2022-08-18,4.126342982772387,4.126342982772387,64,
2022-08-19,4.153536431692583,4.153536431692583,64,
2022-08-22,4.24456148431862,4.24456148431862,64,
2022-08-23,4.31883631149495,4.31883631149495,64,
2022-08-24,4.252324401912863,4.252324401912863,64,
2022-08-25,4.354310468846261,4.354310468846261,64,
2022-08-26,4.361053261301288,4.361053261301288,64,
2022-08-29,4.378651117842134,4.378651117842134,64,
2022-08-31,4.420813237414002,4.420813237414002,64,
2022-09-01,4.444573623867455,4.444573623867455,64,
2022-09-02,4.543615441904037,4.543615441904037,65,
2022-09-05,4.683453041959995,4.683453041959995,65,
2022-09-06,4.7257487998263725,4.7257487998263725,65,
2022-09-07,4.737820280217371,4.737820280217371,65,
2022-09-08,4.786651233761793,4.786651233761793,65,
2022-09-09,4.875141223182027,4.875141223182027,65,
2022-09-12,5.050542319740655,5.050542319740655,65,
2022-09-13,4.790591176954366,4.790591176954366,65,
2022-09-14,4.820351440013508,4.820351440013508,65,
2022-09-15,4.725722194385869,4.725722194385869,65,
2022-09-16,4.74114777827686,4.74114777827686,65,
2022-09-19,4.54735388891185,4.54735388891185,65,
2022-09-20,4.596062311544736,4.596062311544736,65,
2022-09-21,4.568765798100666,4.568765798100666,65,
2022-09-22,4.6113086405615125,4.6113086405615125,65,
2022-09-23,4.634745181650841,4.634745181650841,65,
2022-09-26,4.6215970014134165,4.6215970014134165,65,
2022-09-27,4.613313268289213,4.613313268289213,65,
2022-09-28,4.531661028788383,4.531661028788383,65,
2022-09-29,4.454547224063112,4.454547224063112,65,
2022-09-30,4.518622725603092,4.518622725603092,65,
2022-10-03,4.748320754261906,4.748320754261906,65,
2022-10-04,4.827069777209306,4.827069777209306,65,
2022-10-05,4.851112535059824,4.851112535059824,65,
2022-10-06,4.927672835226351,4.927672835226351,65,
2022-10-07,4.969462859157382,4.969462859157382,65,
2022-10-10,5.011583660238433,5.011583660238433,65,
2022-10-11,4.989985313530614,4.989985313530614,65,
2022-10-12,4.945171826014062,4.945171826014062,65,
2022-10-13,4.993179015185707,4.993179015185707,65,
2022-10-14,5.096010259909824,5.096010259909824,65,
2022-10-17,5.3473658501076065,5.3473658501076065,65,
2022-10-18,5.341027449008967,5.341027449008967,65,
2022-10-19,5.421460967820874,5.421460967820874,65,
2022-10-20,5.4647045529896845,5.4647045529896845,65,
2022-10-21,5.507080452858418,5.507080452858418,65,
2022-10-24,5.572388942584552,5.572388942584552,65,
2022-10-25,5.571089381913786,5.571089381913786,65,
2022-10-26,5.594204553352602,5.594204553352602,65,
2022-10-27,5.561388598934178,5.561388598934178,65,
2022-10-28,5.507041503441117,5.507041503441117,65,
2022-10-31,5.608541472555022,5.608541472555022,65,
2022-11-01,5.727643185929052,5.727643185929052,65,
2022-11-02,5.77065483715081,5.77065483715081,65,
2022-11-03,5.844835424512888,5.844835424512888,65,
2022-11-04,5.957548053154581,5.957548053154581,65,
2022-11-07,6.071417052293458,6.071417052293458,65,
2022-11-08,6.136504610511733,6.136504610511733,65,
2022-11-09,6.194237848081792,6.194237848081792,65,
2022-11-10,6.305047079103472,6.305047079103472,65,
2022-11-11,6.370925533326091,6.370925533326091,65,
2022-11-14,6.567943686500362,6.567943686500362,65,
2022-11-15,6.675543860786498,6.675543860786498,65,
2022-11-16,6.681203787982481,6.681203787982481,65,
2022-11-17,6.484315305625173,6.484315305625173,65,
2022-11-18,6.508567823693031,6.508567823693031,65,
2022-11-21,6.610296645483252,6.610296645483252,65,
2022-11-22,6.883956034599845,6.883956034599845,65,
2022-11-23,7.001345451161374,7.001345451161374,65,
2022-11-24,7.057848416784588,7.057848416784588,65,
2022-11-25,7.114064890291157,7.114064890291157,66,
2022-11-28,7.203600472774971,7.203600472774971,66,
2022-11-29,7.24226017539713,7.24226017539713,66,
2022-11-30,7.331968624610537,7.331968624610537,66,
2022-12-01,7.40805253504952,7.40805253504952,66,
2022-12-02,7.338127202896822,7.338127202896822,66,
2022-12-05,7.327602368329468,7.327602368329468,66,
2022-12-06,7.387997194100252,7.387997194100252,66,
2022-12-07,7.1357807597206975,7.1357807597206975,66,
2022-12-08,7.175768890504524,7.175768890504524,66,
2022-12-09,7.394937010522638,7.394937010522638,66,
2022-12-12,7.678845875291127,7.678845875291127,66,
2022-12-13,7.7736020888401205,7.7736020888401205,66,
2022-12-14,7.573166116338121,7.573166116338121,66,
2022-12-15,7.767667938405102,7.767667938405102,66,
2022-12-16,7.804588414956288,7.804588414956288,66,
2022-12-19,8.1187238786644,8.1187238786644,66,
2022-12-20,8.09084173909052,8.09084173909052,66,
2022-12-21,8.090487511281696,8.090487511281696,66,
2022-12-22,8.120365790769208,8.120365790769208,66,
2022-12-23,8.162659794947064,8.162659794947064,66,
2022-12-26,8.252978617388463,8.252978617388463,66,
2022-12-27,8.101633039335352,8.101633039335352,66,
2022-12-28,7.947505191822425,7.947505191822425,66,
2022-12-29,8.20960309904977,8.20960309904977,66,
2022-12-30,8.273084749920532,8.273084749920532,66,
2023-01-02,8.531500686273748,8.531500686273748,66,
2023-01-03,8.466085491231206,8.466085491231206,66,
2023-01-04,8.33686633808855,8.33686633808855,66,
2023-01-05,8.050980284326329,8.050980284326329,66,
2023-01-06,8.043881904944165,8.043881904944165,66,
2023-01-09,7.748427597706088,7.748427597706088,66,
2023-01-10,7.460683069554211,7.460683069554211,66,
2023-01-11,7.013755836961892,7.013755836961892,66,
2023-01-12,7.3082910942743435,7.3082910942743435,66,
2023-01-13,7.332269202949246,7.332269202949246,66,
2023-01-16,7.63970182236917,7.63970182236917,66,
2023-01-17,7.811658974902389,7.811658974902389,66,
2023-01-18,7.927286559613301,7.927286559613301,66,
2023-01-19,7.953512826699639,7.953512826699639,66,
2023-01-20,8.062580358027667,8.062580358027667,66,
2023-01-23,7.96129351299498,7.96129351299498,66,
2023-01-24,7.894968901944985,7.894968901944985,66,
2023-01-25,7.775671965715688,7.775671965715688,66,
2023-01-26,7.718996456346037,7.718996456346037,66,
2023-01-27,7.572298874740441,7.572298874740441,66,
2023-01-30,7.453048429099609,7.453048429099609,66,
2023-01-31,7.307250085888413,7.307250085888413,66,
2023-02-01,6.852556785671929,6.852556785671929,66,
2023-02-02,6.810975193309654,6.810975193309654,66,
2023-02-03,7.161434429488015,7.161434429488015,66,
2023-02-06,7.103195415627522,7.103195415627522,66,
2023-02-07,6.5125427015332065,6.5125427015332065,66,
2023-02-08,6.05588248812084,6.05588248812084,66,
2023-02-15,7.131023971918977,7.131023971918977,66,
2023-02-16,7.1080192864500455,7.1080192864500455,66,
2023-02-17,7.123130772869661,7.123130772869661,66,
2023-02-20,7.354336121774641,7.354336121774641,66,
2023-02-21,7.472294182852681,7.472294182852681,66,
2023-02-22,7.375317911941518,7.375317911941518,66,
2023-02-23,7.423656306977103,7.423656306977103,66,
2023-02-24,7.416468274665877,7.416468274665877,66,
2023-02-27,7.577042743726437,7.577042743726437,66,
2023-02-28,7.63753867736247,7.63753867736247,66,
2023-03-01,7.755562426609751,7.755562426609751,66,
2023-03-02,7.72652786750734,7.72652786750734,66,
2023-03-03,7.654933314419021,7.654933314419021,66,
2023-03-06,7.918853009844113,7.918853009844113,66,
2023-03-07,7.943080546943494,7.943080546943494,66,
2023-03-08,8.02494955856768,8.02494955856768,66,
2023-03-09,8.083404930522594,8.083404930522594,66,
2023-03-10,8.068241163980453,8.068241163980453,66,
2023-03-13,7.984297136871548,7.984297136871548,66,
2023-03-14,7.830453389653113,7.830453389653113,66,
2023-03-15,7.678282933228735,7.678282933228735,66,
2023-03-16,7.8204211328445465,7.8204211328445465,66,
2023-03-17,7.744498452655587,7.744498452655587,66,
2023-03-20,7.512382381491132,7.512382381491132,66,
2023-03-21,7.408791336614284,7.408791336614284,66,
2023-03-22,7.548899875865855,7.548899875865855,66,
2023-03-23,7.638283028196184,7.638283028196184,66,
2023-03-24,7.579933168726231,7.579933168726231,66,
2023-03-27,7.543151170986219,7.543151170986219,66,
2023-03-28,7.263891787445749,7.263891787445749,66,
2023-03-29,7.3796072810877265,7.3796072810877265,66,
2023-03-30,7.382343764190255,7.382343764190255,66,
2023-03-31,7.272680567971119,7.272680567971119,66,
2023-04-03,7.287624770083595,7.287624770083595,66,
2023-04-04,7.458287130107147,7.458287130107147,66,
2023-04-05,7.405879083372138,7.405879083372138,66,
2023-04-06,7.402688332597313,7.402688332597313,66,
2023-04-07,7.450755566476162,7.450755566476162,66,
2023-04-10,7.675377307169719,7.675377307169719,66,
2023-04-11,7.754261171263115,7.754261171263115,66,
2023-04-12,7.800275536585836,7.800275536585836,66,
2023-04-13,7.795001219874098,7.795001219874098,66,
2023-04-14,7.763115776632179,7.763115776632179,66,
2023-04-17,7.6842832304891795,7.6842832304891795,66,
2023-04-18,7.6607879672074075,7.6607879672074075,66,
2023-04-19,7.766887401410021,7.766887401410021,66,
2023-04-20,7.720492235323755,7.720492235323755,66,
2023-04-24,7.750023837894122,7.750023837894122,66,
2023-04-25,7.515408711104287,7.515408711104287,66,
2023-04-26,7.362063072695624,7.362063072695624,66,
2023-04-27,7.342070891111876,7.342070891111876,66,
2023-04-28,7.091798426704317,7.091798426704317,66,
2023-05-02,6.853446481831415,6.853446481831415,66,
2023-05-03,6.745813714631974,6.745813714631974,66,
2023-05-04,6.798707820845029,6.798707820845029,66,
2023-05-05,6.716610284150333,6.716610284150333,66,
2023-05-08,6.925301082684512,6.925301082684512,66,
2023-05-09,6.924668323647608,6.924668323647608,66,
2023-05-10,6.881578725962504,6.881578725962504,66,
2023-05-11,7.366417480933845,7.366417480933845,66,
2023-05-12,7.260064005859687,7.260064005859687,66,
2023-05-15,6.879245310985809,6.879245310985809,66,
2023-05-16,6.994147645130617,6.994147645130617,66,
2023-05-17,7.134133214696905,7.134133214696905,66,
2023-05-18,6.941826169445322,6.941826169445322,66,
2023-05-22,6.893427112634809,6.893427112634809,66,
2023-05-23,6.8899291123643245,6.8899291123643245,66,
2023-05-24,6.834646720135044,6.834646720135044,66,
2023-05-25,6.889994358953221,6.889994358953221,66,
2023-05-26,7.0870416037573785,7.0870416037573785,66,
2023-05-29,7.36535893489599,7.36535893489599,66,
2023-05-30,7.672093509101513,7.672093509101513,66,
2023-05-31,7.6060177627912156,7.6060177627912156,66,
2023-06-01,7.7394780611813365,7.7394780611813365,66,
2023-06-02,7.94778686902421,7.94778686902421,66,
2023-06-05,8.277543684185117,8.277543684185117,66,
2023-06-06,8.251789256366132,8.251789256366132,66,
2023-06-07,8.458830717676099,8.458830717676099,66,
2023-06-08,8.45764890044726,8.45764890044726,66,
2023-06-09,8.591253250464655,8.591253250464655,66,
2023-06-12,8.531328640114616,8.531328640114616,66,
2023-06-13,8.317664997226185,8.317664997226185,66,
2023-06-14,8.229254098434536,8.229254098434536,66,
2023-06-15,8.417473179464833,8.417473179464833,66,
2023-06-16,8.40044993169206,8.40044993169206,66,
2023-06-19,8.09986549687774,8.09986549687774,66,
2023-06-20,8.061251607915665,8.061251607915665,66,
2023-06-21,7.9757729076051165,7.9757729076051165,66,
2023-06-22,8.305536075478837,8.305536075478837,66,
2023-06-23,8.550955301646086,8.550955301646086,66,
2023-06-26,8.805694854738213,8.805694854738213,66,
2023-06-27,8.891308166139398,8.891308166139398,66,
2023-07-03,9.243687918756345,9.243687918756345,66,
2023-07-04,9.249904819341666,9.249904819341666,66,
2023-07-05,9.393173092205638,9.393173092205638,66,
2023-07-06,9.458753172025007,9.458753172025007,66,
2023-07-07,9.549420802799796,9.549420802799796,66,
2023-07-10,9.73784705797275,9.73784705797275,66,
2023-07-11,9.83234643109298,9.83234643109298,66,
2023-07-12,9.800135651679017,9.800135651679017,66,
2023-07-13,9.825312495472481,9.825312495472481,66,
2023-07-14,9.946209858117065,9.946209858117065,66,
2023-07-17,10.200818277518534,10.200818277518534,66,
2023-07-18,9.855581778871786,9.855581778871786,66,
2023-07-19,10.197507269399006,10.197507269399006,66,
2023-07-20,10.436614689069492,10.436614689069492,66,
2023-07-21,10.501586231054759,10.501586231054759,66,
2023-07-24,10.497575231703834,10.497575231703834,66,
2023-07-25,10.360060079665502,10.360060079665502,66,
2023-07-26,10.53789825394512,10.53789825394512,66,
2023-07-27,10.72925408663092,10.72925408663092,66,
2023-07-28,11.0171773699151,11.0171773699151,66,
2023-07-31,11.262951845604581,11.262951845604581,66,
2023-08-01,11.191075228805117,11.191075228805117,66,
2023-08-02,11.354650184780171,11.354650184780171,66,
2023-08-03,11.396097511856148,11.396097511856148,66,
2023-08-04,11.622852993876913,11.622852993876913,66,
2023-08-07,11.790929031467728,11.790929031467728,66,
2023-08-08,11.739367971018678,11.739367971018678,66,
2023-08-09,12.036097555425664,12.036097555425664,66,
2023-08-10,11.785379962941665,11.785379962941665,66,
2023-08-11,12.258314075041332,12.258314075041332,66,
2023-08-14,12.338298199263042,12.338298199263042,66,
2023-08-15,12.279418671251095,12.279418671251095,66,
2023-08-16,12.299374983479568,12.299374983479568,66,
2023-08-17,12.46071087688907,12.46071087688907,66,
2023-08-18,12.090598995358787,12.090598995358787,67,
2023-08-21,12.626303301383848,12.626303301383848,67,
2023-08-22,12.712304325739627,12.712304325739627,67,
2023-08-23,12.548764824327137,12.548764824327137,67,
2023-08-24,12.363100235502607,12.363100235502607,67,
2023-08-25,12.686635112809782,12.686635112809782,67,
2023-08-28,12.958091472175832,12.958091472175832,67,
2023-08-29,12.987466462772238,12.987466462772238,67,
2023-08-31,13.136349649439547,13.136349649439547,67,
2023-09-01,13.408369632721032,13.408369632721032,67,
2023-09-04,13.566130794632604,13.566130794632604,67,
2023-09-05,13.741420232457386,13.741420232457386,67,
2023-09-06,13.698456679061191,13.698456679061191,67,
2023-09-07,14.068271021733581,14.068271021733581,67,
2023-09-08,14.097450259672916,14.097450259672916,67,
2023-09-11,13.866434232086807,13.866434232086807,67,
2023-09-12,13.971899727426566,13.971899727426566,67,
2023-09-13,13.7147478281003,13.7147478281003,67,
2023-09-14,13.8001955070481,13.8001955070481,67,
2023-09-15,13.66297336994115,13.66297336994115,67,
2023-09-18,13.229867835940775,13.229867835940775,67,
2023-09-19,13.426770171437235,13.426770171437235,67,
2023-09-20,13.401822144145902,13.401822144145902,67,
2023-09-21,13.89383413043305,13.89383413043305,67,
2023-09-22,14.090043062002572,14.090043062002572,67,
2023-09-25,14.661619285620041,14.661619285620041,67,
2023-09-26,14.600236247480781,14.600236247480781,67,
2023-09-27,14.64576483837573,14.64576483837573,67,
2023-09-28,14.546228046198662,14.546228046198662,67,
2023-09-29,14.631397610515776,14.631397610515776,67,
2023-10-02,14.948604337589233,14.948604337589233,67,
2023-10-03,15.110239657837106,15.110239657837106,67,
2023-10-04,14.836783781068373,14.836783781068373,67,
2023-10-05,15.151166189436422,15.151166189436422,67,
2023-10-06,15.204398539631049,15.204398539631049,67,
2023-10-09,14.677947622061149,14.677947622061149,67,
2023-10-10,15.275931047234405,15.275931047234405,67,
2023-10-11,15.089979896186744,15.089979896186744,67,
2023-10-12,14.975743167126193,14.975743167126193,67,
2023-10-13,14.686754893989932,14.686754893989932,67,
2023-10-16,14.216513592179822,14.216513592179822,67,
2023-10-17,14.664964718926758,14.664964718926758,67,
2023-10-18,14.225965273514522,14.225965273514522,67,
2023-10-19,14.23936649411662,14.23936649411662,67,
2023-10-20,13.76369889826219,13.76369889826219,67,
2023-10-23,14.197271370363367,14.197271370363367,67,
2023-10-24,14.652690666733012,14.652690666733012,67,
2023-10-25,13.594961812891484,13.594961812891484,67,
2023-10-26,14.078049701844629,14.078049701844629,67,
2023-10-27,14.160389379125371,14.160389379125371,67,
2023-10-30,14.264070601658997,14.264070601658997,67,
2023-10-31,13.826253909515147,13.826253909515147,67,
2023-11-01,13.728146248418538,13.728146248418538,67,
2023-11-02,14.029519556792762,14.029519556792762,67,
2023-11-03,14.030567104905355,14.030567104905355,67,
2023-11-06,14.269486888284765,14.269486888284765,67,
2023-11-07,14.265578518703062,14.265578518703062,67,
2023-11-08,14.371182456829498,14.371182456829498,67,
2023-11-09,14.360123634506008,14.360123634506008,67,
2023-11-10,14.240622781418601,14.240622781418601,67,
2023-11-13,13.886653798280268,13.886653798280268,67,
2023-11-14,13.996785823088143,13.996785823088143,67,
2023-11-15,13.989431862263277,13.989431862263277,67,
2023-11-16,14.103512598478682,14.103512598478682,67,
2023-11-17,14.265540347404308,14.265540347404308,67,
2023-11-20,14.496377023546499,14.496377023546499,67,
2023-11-21,14.65436591675859,14.65436591675859,67,
2023-11-22,14.565953177945437,14.565953177945437,67,
2023-11-23,14.437703548432916,14.437703548432916,67,
2023-11-24,14.546451542269201,14.546451542269201,67,
2023-11-27,14.747102814318021,14.747102814318021,67,
2023-11-28,14.71645446785816,14.71645446785816,67,
2023-11-29,14.545445168101146,14.545445168101146,67,
2023-11-30,14.442426518756633,14.442426518756633,67,
2023-12-01,14.506262495303323,14.506262495303323,67,
2023-12-04,14.589148853958285,14.589148853958285,67,
2023-12-05,14.545402273085156,14.545402273085156,67,
2023-12-06,14.129681485527515,14.129681485527515,67,
2023-12-07,14.295269689101854,14.295269689101854,67,
2023-12-08,14.224159636851756,14.224159636851756,67,
2023-12-11,13.802175385147903,13.802175385147903,67,
2023-12-12,13.755948765057054,13.755948765057054,67,
2023-12-13,13.326291835956432,13.326291835956432,67,
2023-12-14,13.796678754267603,13.796678754267603,67,
2023-12-15,14.148208311823293,14.148208311823293,67,
2023-12-18,13.775693327396592,13.775693327396592,67,
2023-12-19,13.679496755781052,13.679496755781052,67,
2023-12-20,13.519999504165076,13.519999504165076,67,
2023-12-21,13.697258174877701,13.697258174877701,67,
2023-12-22,13.365280071610623,13.365280071610623,67,
2023-12-26,12.866461297874466,12.866461297874466,67,
2023-12-27,12.816799349637757,12.816799349637757,67,
2023-12-28,13.060616866898762,13.060616866898762,67,
2023-12-29,13.357323158260686,13.357323158260686,67,
2024-01-02,13.685337664887841,13.685337664887841,67,
2024-01-03,13.332254091030217,13.332254091030217,67,
2024-01-04,13.587077209240952,13.587077209240952,67,
2024-01-05,13.783258830211096,13.783258830211096,67,
2024-01-08,14.08385996752357,14.08385996752357,67,
2024-01-09,13.889758090459116,13.889758090459116,67,
2024-01-10,14.118718077745537,14.118718077745537,67,
2024-01-11,14.118382374498529,14.118382374498529,67,
2024-01-12,14.262676856480514,14.262676856480514,67,
2024-01-15,14.350788041718062,14.350788041718062,67,
2024-01-16,14.374459059406417,14.374459059406417,67,
2024-01-17,14.376718675642,14.376718675642,67,
2024-01-18,14.398830943877698,14.398830943877698,67,
2024-01-19,14.359765619620633,14.359765619620633,67,
2024-01-22,14.469731600180728,14.469731600180728,67,
2024-01-23,14.38949028042229,14.38949028042229,67,
2024-01-24,14.634053349952923,14.634053349952923,67,
2024-01-25,14.79246127358308,14.79246127358308,67,
2024-01-26,15.100132821572778,15.100132821572778,67,
2024-01-29,15.268467754012638,15.268467754012638,67,
2024-01-30,15.34766014694048,15.34766014694048,67,
2024-01-31,15.429689129507276,15.429689129507276,67,
2024-02-01,15.711449531368125,15.711449531368125,67,
2024-02-02,15.703566128511573,15.703566128511573,67,
2024-02-05,15.908406657095167,15.908406657095167,67,
2024-02-06,16.13053213428558,16.13053213428558,67,
2024-02-07,16.121369618672293,16.121369618672293,73,
2024-02-08,16.317346976821565,16.317346976821565,73,
2024-02-09,16.491915434264143,16.491915434264143,73,
2024-02-12,16.749566634305282,16.749566634305282,73,
2024-02-13,16.454025008217915,16.454025008217915,73,
2024-02-14,16.601002750833317,16.601002750833317,73,
2024-02-15,16.96582510646281,16.96582510646281,73,
2024-02-16,16.993207525990044,16.993207525990044,73,
2024-02-19,16.882294988721615,16.882294988721615,73,
2024-02-20,17.14675013422211,17.14675013422211,73,
2024-02-21,17.204475833857458,17.204475833857458,73,
2024-02-22,17.350181277140642,17.350181277140642,73,
2024-02-23,17.372302639691753,17.372302639691753,73,
2024-02-26,17.39511959567698,17.39511959567698,73,
2024-02-27,17.086839554213896,17.086839554213896,73,
2024-02-28,16.811099389371716,16.811099389371716,73,
2024-02-29,17.09473462764267,17.09473462764267,73,
2024-03-01,16.99609124015468,16.99609124015468,73,
2024-03-04,16.75118298385635,16.75118298385635,73,
2024-03-05,16.589389097644375,16.589389097644375,73,
2024-03-06,16.29411465882808,16.29411465882808,73,
2024-03-07,16.881171128706466,16.881171128706466,73,
2024-03-08,17.042827572970946,17.042827572970946,73,
2024-03-11,16.973109869418472,16.973109869418472,73,
2024-03-12,16.7736660742694,16.7736660742694,73,
2024-03-13,16.595768359223165,16.595768359223165,73,
2024-03-14,16.50813478834561,16.50813478834561,73,
2024-03-15,16.43989142385065,16.43989142385065,73,
2024-03-18,16.171992121745266,16.171992121745266,73,
2024-03-19,16.48340030150239,16.48340030150239,73,
2024-03-20,16.5033350683794,16.5033350683794,73,
2024-03-21,16.708365870139303,16.708365870139303,73,
2024-03-22,16.553318226733115,16.553318226733115,73,
2024-03-25,16.29261842393864,16.29261842393864,73,
2024-03-26,15.826479234601987,15.826479234601987,73,
2024-03-27,15.902768894453079,15.902768894453079,73,
2024-03-28,16.307624912695744,16.307624912695744,73,
2024-03-29,16.51953921260535,16.51953921260535,73,
2024-04-01,16.45535705888293,16.45535705888293,73,
2024-04-02,16.167317062536394,16.167317062536394,73,
2024-04-03,16.098658704931985,16.098658704931985,73,
2024-04-04,16.35799079425808,16.35799079425808,73,
2024-04-05,17.14961052464945,17.14961052464945,73,
2024-04-08,17.609397750370643,17.609397750370643,73,
2024-04-09,17.609397750370647,17.609397750370647,73,
2024-04-15,17.638296560731924,17.638296560731924,73,
2024-04-16,17.394104607352023,17.394104607352023,73,
2024-04-17,17.328208156690046,17.328208156690046,73,
2024-04-18,17.260576454497595,17.260576454497595,73,
2024-04-19,17.473402761980594,17.473402761980594,73,
2024-04-22,17.463510585881018,17.463510585881018,73,
2024-04-24,17.66675862522836,17.66675862522836,73,
2024-04-25,17.637873128194983,17.637873128194983,73,
2024-04-26,17.877163634997416,17.877163634997416,73,
2024-04-29,18.053374727110125,18.053374727110125,73,
2024-04-30,18.00023843507635,18.00023843507635,73,
2024-05-02,18.30832209689157,18.30832209689157,73,
2024-05-03,18.511031746339334,18.511031746339334,73,
2024-05-06,18.55911734793317,18.55911734793317,73,
2024-05-07,18.669293749640065,18.669293749640065,73,
2024-05-08,18.610880861627425,18.610880861627425,76,
2024-05-09,18.6963570830627,18.6963570830627,76,
2024-05-10,18.710201804292716,18.710201804292716,76,
2024-05-13,18.290831042528676,18.290831042528676,76,
2024-05-14,18.364244606587697,18.364244606587697,76,
2024-05-15,18.433982519653185,18.433982519653185,76,
2024-05-16,18.84926928263228,18.84926928263228,76,
2024-05-17,19.226799627853726,19.226799627853726,76,
2024-05-20,19.39363773760266,19.39363773760266,76,
2024-05-21,19.308829662897992,19.308829662897992,76,
2024-05-22,19.437633722503733,19.437633722503733,76,
2024-05-23,19.316074973417408,19.316074973417408,76,
2024-05-24,19.110430697275838,19.110430697275838,76,
2024-05-27,18.99400599239687,18.99400599239687,76,
2024-05-28,19.0017897987242,19.0017897987242,76,
2024-05-29,18.64911203883655,18.64911203883655,76,
2024-05-30,18.61580524481629,18.61580524481629,76,
2024-05-31,18.518264398790386,18.518264398790386,76,
2024-06-03,18.759838315889223,18.759838315889223,76,
2024-06-04,18.594978758324647,18.594978758324647,76,
2024-06-05,18.4577069141477,18.4577069141477,76,
2024-06-06,18.473614359958763,18.473614359958763,76,
2024-06-07,18.229113765328265,18.229113765328265,76,
2024-06-10,17.99302839773814,17.99302839773814,76,
2024-06-11,18.01087317273838,18.01087317273838,76,
2024-06-12,18.13040720335732,18.13040720335732,76,
2024-06-13,18.55854086570881,18.55854086570881,76,
2024-06-14,18.692080279134863,18.692080279134863,76,
2024-06-20,19.066937187440473,19.066937187440473,76,
2024-06-21,19.17327885881212,19.17327885881212,76,
2024-06-24,19.137276201967282,19.137276201967282,76,
2024-06-25,19.063037194686736,19.063037194686736,76,
2024-06-26,18.70682763718183,18.70682763718183,76,
2024-06-27,19.035846540814884,19.035846540814884,76,
2024-06-28,19.07646498498344,19.07646498498344,76,
2024-07-01,18.47082618618404,18.47082618618404,76,
2024-07-02,18.751722071866876,18.751722071866876,76,
2024-07-03,18.96273580575623,18.96273580575623,76,
2024-07-04,19.303010771016275,19.303010771016275,76,
2024-07-05,19.290462147239708,19.290462147239708,76,
2024-07-08,19.335963459662757,19.335963459662757,76,
2024-07-09,19.35366154080228,19.35366154080228,76,
2024-07-10,19.392766453936183,19.392766453936183,76,
2024-07-11,19.803806452167095,19.803806452167095,76,
2024-07-12,19.923428834563484,19.923428834563484,76,
2024-07-16,19.991422231504917,19.991422231504917,76,
2024-07-17,20.01734518470276,20.01734518470276,76,
2024-07-18,20.0078099238034,20.0078099238034,76,
2024-07-19,20.031041274851788,20.031041274851788,76,
2024-07-22,20.134698322918982,20.134698322918982,76,
2024-07-23,20.071158848607958,20.071158848607958,76,
2024-07-24,19.915865308547623,19.915865308547623,76,
2024-07-25,19.80156868971898,19.80156868971898,76,
2024-07-26,19.864165091574023,19.864165091574023,76,
2024-07-29,19.622802032802422,19.622802032802422,76,
2024-07-30,19.5639186038185,19.5639186038185,76,
2024-07-31,19.502218481704315,19.502218481704315,76,
2024-08-01,19.538640229977805,19.538640229977805,76,
2024-08-02,19.120054124147124,19.120054124147124,76,
2024-08-05,18.051191384778026,18.051191384778026,76,
2024-08-06,18.063209855027395,18.063209855027395,77,
2024-08-07,18.272051869608585,18.272051869608585,77,
2024-08-08,18.456900960505703,18.456900960505703,77,
2024-08-09,18.119487672473362,18.119487672473362,77,
2024-08-12,17.91268005886611,17.91268005886611,77,
2024-08-13,18.038545207150005,18.038545207150005,77,
2024-08-14,17.928145213035105,17.928145213035105,77,
2024-08-15,18.24730436637978,18.24730436637978,77,
2024-08-16,18.0521307433226,18.0521307433226,77,
2024-08-19,18.464607059093993,18.464607059093993,77,
2024-08-20,18.299062058713183,18.299062058713183,77,
2024-08-21,18.113455101785966,18.113455101785966,77,
2024-08-22,18.202293156999627,18.202293156999627,77,
2024-08-23,17.74643298819239,17.74643298819239,77,
2024-08-26,17.54649801812236,17.54649801812236,77,
2024-08-27,17.817106897238933,17.817106897238933,77,
2024-08-28,17.834673896853257,17.834673896853257,77,
2024-08-29,18.03031809443893,18.03031809443893,77,
2024-09-02,18.430644488847047,18.430644488847047,77,
2024-09-03,18.366540796294966,18.366540796294966,77,
2024-09-04,18.396446190739795,18.396446190739795,77,
2024-09-05,18.512998797446556,18.512998797446556,77,
2024-09-06,18.324581003264022,18.324581003264022,77,
2024-09-09,17.929253694369553,17.929253694369553,77,
2024-09-10,17.758161847772342,17.758161847772342,77,
2024-09-11,17.29129445472395,17.29129445472395,77,
2024-09-12,17.409778342797868,17.409778342797868,77,
2024-09-13,17.8308866956237,17.8308866956237,77,
2024-09-16,17.724023054880302,17.724023054880302,77,
2024-09-17,17.924387408155013,17.924387408155013,77,
2024-09-18,17.793697693648717,17.793697693648717,77,
2024-09-19,18.098498033574874,18.098498033574874,77,
2024-09-20,18.023404761559622,18.023404761559622,77,
2024-09-23,17.885544417421258,17.885544417421258,77,
2024-09-24,17.97421226817977,17.97421226817977,77,
2024-09-25,17.713994995031502,17.713994995031502,77,
2024-09-26,17.55567076043805,17.55567076043805,77,
2024-09-27,17.551532859905222,17.551532859905222,77,
2024-09-30,17.440260700182694,17.440260700182694,77,
2024-10-01,16.825446762759587,16.825446762759587,77,
2024-10-02,16.244810395900558,16.244810395900558,77,
2024-10-03,16.166664499897994,16.166664499897994,77,
2024-10-04,16.54997374336744,16.54997374336744,77,
2024-10-07,16.557438383189936,16.557438383189936,77,
2024-10-08,16.499915860794506,16.499915860794506,77,
2024-10-09,16.61487648609985,16.61487648609985,77,
2024-10-10,16.45146509528662,16.45146509528662,77,
2024-10-11,16.29506211819631,16.29506211819631,77,
2024-10-14,15.90667054412935,15.90667054412935,77,
2024-10-15,16.210589197719187,16.210589197719187,77,
2024-10-16,16.40691775705297,16.40691775705297,77,
2024-10-17,16.56064879473621,16.56064879473621,77,
2024-10-18,16.2680188888269,16.2680188888269,77,
2024-10-21,16.02193144886336,16.02193144886336,77,
2024-10-22,16.359895971126754,16.359895971126754,77,
2024-10-23,16.144284860803307,16.144284860803307,77,
2024-10-24,16.438020061834386,16.438020061834386,77,
2024-10-25,16.504921493338394,16.504921493338394,77,
2024-10-28,16.61641148541027,16.61641148541027,77,
2024-10-30,16.743953569027855,16.743953569027855,77,
2024-10-31,16.615286800911747,16.615286800911747,77,
2024-11-01,16.675923992406567,16.675923992406567,77,
2024-11-04,16.26679682205078,16.26679682205078,77,
2024-11-05,16.18532138109802,16.18532138109802,77,
2024-11-06,16.649512951263198,16.649512951263198,77,
2024-11-07,16.758470328722826,16.758470328722826,77,
2024-11-08,17.15220749797649,17.15220749797649,77,
2024-11-11,17.332980301361463,17.332980301361463,77,
2024-11-12,17.22968821151575,17.22968821151575,77,
2024-11-13,17.3153429658628,17.3153429658628,77,
2024-11-14,17.59919405592437,17.59919405592437,77,
2024-11-15,17.61244183394538,17.61244183394538,77,
2024-11-18,17.67231510516534,17.67231510516534,77,
2024-11-19,17.493236735557986,17.493236735557986,77,
2024-11-20,17.179019717262253,17.179019717262253,77,
2024-11-21,17.671146986192845,17.671146986192845,77,
2024-11-22,17.96920155749219,17.96920155749219,77,
2024-11-25,18.083907057955525,18.083907057955525,77,
2024-11-26,18.12756431928015,18.12756431928015,77,
2024-11-27,18.128221254108404,18.128221254108404,77,
2024-11-28,18.050388481113,18.050388481113,77,
2024-11-29,18.191293416281965,18.191293416281965,77,
2024-12-02,18.08355101343488,18.08355101343488,77,
2024-12-03,18.29995718319181,18.29995718319181,77,
2024-12-04,18.415627701415413,18.415627701415413,77,
2024-12-05,18.566965172000714,18.566965172000714,77,
2024-12-06,18.73059129704358,18.73059129704358,77,
2024-12-09,19.051276113411244,19.051276113411244,77,
2024-12-10,18.760611078668088,18.760611078668088,77,
2024-12-11,18.599091849350902,18.599091849350902,77,
2024-12-12,18.683177310395852,18.683177310395852,77,
2024-12-13,18.92616492389441,18.92616492389441,77,
2024-12-16,18.845801380721255,18.845801380721255,77,
2024-12-17,18.854011944650495,18.854011944650495,77,
2024-12-18,18.67245790382385,18.67245790382385,77,
2024-12-19,18.40292555125078,18.40292555125078,77,
2024-12-20,18.323071138389434,18.323071138389434,77,
2024-12-23,18.15667059501295,18.15667059501295,77,
2024-12-24,18.216199436992575,18.216199436992575,77,
2024-12-26,18.5771000124732,18.5771000124732,77,
2024-12-27,18.73030422566979,18.73030422566979,77,
2024-12-30,18.587722305804697,18.587722305804697,77,
2024-12-31,18.52653071307106,18.52653071307106,77,
2025-01-02,18.692359700088698,18.692359700088698,77,
2025-01-03,18.876301375554327,18.876301375554327,77,
2025-01-06,18.931513325880736,18.931513325880736,77,
2025-01-07,18.801426100850435,18.801426100850435,77,
2025-01-08,18.651119127802072,18.651119127802072,77,
2025-01-09,18.862296794419134,18.862296794419134,77,
2025-01-10,18.761538575008466,18.761538575008466,77,
2025-01-13,18.397662591505153,18.397662591505153,77,
2025-01-14,18.376454002426346,18.376454002426346,77,
2025-01-15,18.34236364434073,18.34236364434073,77,
2025-01-16,18.613525098305807,18.613525098305807,77,
2025-01-17,18.738056795621603,18.738056795621603,77,
2025-01-20,18.817108409687854,18.817108409687854,77,
2025-01-21,18.689801653839364,18.689801653839364,77,
2025-01-22,18.79943932770353,18.79943932770353,77,
2025-01-23,18.84230861503938,18.84230861503938,77,
2025-01-24,18.91081231418931,18.91081231418931,77,
2025-01-27,18.692657195561008,18.692657195561008,79,
2025-01-28,18.802172183147224,18.802172183147224,79,
2025-01-29,18.64839478943474,18.64839478943474,79,
2025-01-30,18.67750272117686,18.67750272117686,79,
2025-01-31,18.544254070279358,18.544254070279358,79,
2025-02-03,18.1135644100004,18.1135644100004,79,
2025-02-04,18.241586455475183,18.241586455475183,79,
2025-02-05,18.007173095989035,18.007173095989035,79,
2025-02-06,18.1693690966717,18.1693690966717,79,
2025-02-07,18.38249690912587,18.38249690912587,79,
2025-02-10,18.252890095847903,18.252890095847903,79,
2025-02-11,18.241656194353123,18.241656194353123,79,
2025-02-12,18.019235027196842,18.019235027196842,79,
2025-02-13,18.234380177064615,18.234380177064615,79,
2025-02-14,18.18937311179692,18.18937311179692,79,
2025-02-17,18.119907758177668,18.119907758177668,79,
2025-02-18,18.200824764147598,18.200824764147598,79,
2025-02-19,17.91363561380104,17.91363561380104,79,
2025-02-20,18.024918765801733,18.024918765801733,79,
2025-02-21,17.566101421249208,17.566101421249208,79,
2025-02-24,17.560782193493313,17.560782193493313,79,
2025-02-25,17.223913597982996,17.223913597982996,79,
2025-02-26,17.331705666725586,17.331705666725586,79,
2025-02-27,17.651208033889166,17.651208033889166,79,
2025-02-28,17.59832524376582,17.59832524376582,79,
2025-03-03,17.88006264453956,17.88006264453956,79,
2025-03-04,17.810134832751665,17.810134832751665,79,
2025-03-05,18.297770649092396,18.297770649092396,79,
2025-03-06,18.819571549263184,18.819571549263184,79,
2025-03-07,19.007872618528587,19.007872618528587,79,
2025-03-10,19.025882530347694,19.025882530347694,79,
2025-03-11,19.138076466235283,19.138076466235283,79,
2025-03-12,19.359815622050096,19.359815622050096,79,
2025-03-13,19.70075523763854,19.70075523763854,79,
2025-03-14,20.037602977367822,20.037602977367822,79,
2025-03-17,20.2210865663272,20.2210865663272,79,
2025-03-18,20.248378998988787,20.248378998988787,79,
2025-03-19,18.49860262139721,18.49860262139721,79,
2025-03-20,18.653680795476024,18.653680795476024,79,
2025-03-21,17.368993055220965,17.368993055220965,79,
2025-03-24,17.733003887543184,17.733003887543184,79,
2025-03-25,18.549158115569476,18.549158115569476,79,
2025-03-26,18.679848085642767,18.679848085642767,79,
2025-03-27,18.737323909459487,18.737323909459487,79,
2025-03-28,18.97877941089058,18.97877941089058,79,
2025-04-02,18.833271229795848,18.833271229795848,79,
2025-04-03,18.81241377942658,18.81241377942658,79,
2025-04-04,18.60837585405741,18.60837585405741,79,
2025-04-07,18.718254973625573,18.718254973625573,79,
2025-04-08,18.929770841735092,18.929770841735092,79,
2025-04-09,18.602878980875925,18.602878980875925,79,
2025-04-10,18.814076031776946,18.814076031776946,79,
2025-04-11,18.9135133333314,18.9135133333314,79,
2025-04-14,19.018140389577503,19.018140389577503,79,
2025-04-15,18.880776844542964,18.880776844542964,79,
2025-04-16,18.478119607868503,18.478119607868503,79,
2025-04-17,18.78795715070408,18.78795715070408,79,
2025-04-18,18.64823812166375,18.64823812166375,79,
2025-04-21,18.711907326752925,18.711907326752925,79,
2025-04-22,18.688662059851623,18.688662059851623,79,
2025-04-24,19.018698396092248,19.018698396092248,87,
2025-04-25,19.06567335749327,19.06567335749327,87,
2025-04-28,18.85907890196721,18.85907890196721,87,
2025-04-29,18.812491919957598,18.812491919957598,87,
2025-04-30,18.555679983187165,18.555679983187165,87,
2025-05-02,18.741497507921242,18.741497507921242,87,
2025-05-05,18.745519242847976,18.745519242847976,87,
2025-05-06,18.907188570938338,18.907188570938338,87,
2025-05-07,18.700219560067623,18.700219560067623,87,
2025-05-08,18.904320875386844,18.904320875386844,87,
2025-05-09,19.215616281183568,19.215616281183568,87,
2025-05-12,19.877596104908417,19.877596104908417,87,
2025-05-13,19.830980340382837,19.830980340382837,87,
2025-05-14,19.856252292525028,19.856252292525028,87,
2025-05-15,19.562421735075567,19.562421735075567,87,
2025-05-16,19.728662315550174,19.728662315550174,87,
2025-05-20,19.418103977969835,19.418103977969835,87,
2025-05-21,19.136971669733537,19.136971669733537,87,
2025-05-22,19.156811211374027,19.156811211374027,87,
2025-05-23,18.93098524143967,18.93098524143967,87,
2025-05-26,18.87201330303713,18.87201330303713,87,
2025-05-27,18.560779268003586,18.560779268003586,87,
2025-05-28,18.434422619330356,18.434422619330356,87,
2025-05-29,18.354171869142608,18.354171869142608,87,
2025-05-30,18.105645038352588,18.105645038352588,87,0.0
