date,nav,outer_fold,cost_bps
2022-02-21,1.0,O1,0
2022-02-22,1.0081230073240224,O1,0
2022-02-23,1.0089529008757963,O1,0
2022-02-24,0.9242357013174637,O1,0
2022-02-25,0.9695459361380652,O1,0
2022-02-28,0.9427315802526886,O1,0
2022-03-01,0.9588629593206108,O1,0
2022-03-02,0.9688289488747762,O1,0
2022-03-03,0.9879230559383915,O1,0
2022-03-04,0.974482834189496,O1,0
2022-03-07,0.9794002182579611,O1,0
2022-03-08,0.9863021047039515,O1,0
2022-03-09,1.0151472185216754,O1,0
2022-03-10,1.0090324236209824,O1,0
2022-03-11,1.0095245387521028,O1,0
2022-03-14,1.0162270375735925,O1,0
2022-03-15,1.020955102973013,O1,0
2022-03-16,1.0396881239518099,O1,0
2022-03-17,1.048415420858846,O1,0
2022-03-18,1.0595292878841398,O1,0
2022-03-21,1.084638741621401,O1,0
2022-03-22,1.0985043630314413,O1,0
2022-03-23,1.097729711566807,O1,0
2022-03-24,1.1046230205388003,O1,0
2022-03-25,1.112137668882765,O1,0
2022-03-28,1.1272099004454919,O1,0
2022-03-29,1.1545610776501114,O1,0
2022-03-30,1.166116889020275,O1,0
2022-03-31,1.1711432867268772,O1,0
2022-04-01,1.1711285108637879,O1,0
2022-04-04,1.1838268420604423,O1,0
2022-04-05,1.2020950266146868,O1,0
2022-04-06,1.214125706686194,O1,0
2022-04-07,1.2430169276156249,O1,0
2022-04-08,1.2700741640494502,O1,0
2022-04-11,1.3140830093983096,O1,0
2022-04-12,1.2995610979050551,O1,0
2022-04-13,1.263740348367405,O1,0
2022-04-14,1.2534966787761177,O1,0
2022-04-15,1.2864769489576608,O1,0
2022-04-18,1.2784370898700683,O1,0
2022-04-19,1.259029212509702,O1,0
2022-04-20,1.2545751700688195,O1,0
2022-04-21,1.2747438305209025,O1,0
2022-04-22,1.2374656704709388,O1,0
2022-04-25,1.234342669552342,O1,0
2022-04-26,1.2287315030103965,O1,0
2022-04-27,1.237764709144646,O1,0
2022-04-28,1.2611895420585726,O1,0
2022-04-29,1.2676186820816904,O1,0
2022-05-05,1.279597839822687,O1,0
2022-05-06,1.2894360567910323,O1,0
2022-05-09,1.2782726804299052,O1,0
2022-05-10,1.2806952196367771,O1,0
2022-05-11,1.2623929728955445,O1,0
2022-05-12,1.2468621242039073,O1,0
2022-05-13,1.2935499689803798,O1,0
2022-05-16,1.2904495895773513,O1,0
2022-05-17,1.2836836899780422,O1,0
2022-05-18,1.2724728974958497,O1,0
2022-05-20,1.267258769174349,O1,0
2022-05-23,1.2808122910877582,O1,0
2022-05-24,1.2857009021656203,O1,0
2022-05-25,1.2850153782638436,O1,0
2022-05-26,1.2904762220450061,O1,0
2022-05-27,1.2814443226447207,O1,0
2022-05-30,1.3236326247261079,O1,0
2022-05-31,1.3420180487121887,O1,0
2022-06-01,1.3568837455906306,O1,0
2022-06-02,1.37486364546263,O1,0
2022-06-03,1.3819913745860992,O1,0
2022-06-06,1.4107524163975198,O1,0
2022-06-07,1.4084007668129521,O1,0
2022-06-08,1.354793516104883,O1,0
2022-06-09,1.3678891516989262,O1,0
2022-06-10,1.3769055778605699,O1,0
2022-06-13,1.374262833824964,O1,0
2022-06-14,1.3656642406666117,O1,0
2022-06-15,1.3857116248005013,O1,0
2022-06-16,1.3886567427530299,O1,0
2022-06-17,1.3834162715081355,O1,0
2022-06-20,1.3897616307481606,O1,0
2022-06-21,1.408393861484842,O1,0
2022-06-22,1.42778139072648,O1,0
2022-06-23,1.4241583143952008,O1,0
2022-06-24,1.4591954303715278,O1,0
2022-06-27,1.4380420272095913,O1,0
2022-06-28,1.4490418331062027,O1,0
2022-06-29,1.4444327190564585,O1,0
2022-06-30,1.439072406620928,O1,0
2022-07-01,1.4523364893059165,O1,0
2022-07-04,1.4361960752989429,O1,0
2022-07-05,1.4241916498803031,O1,0
2022-07-06,1.4632090474401465,O1,0
2022-07-07,1.504142046814558,O1,0
2022-07-08,1.540169060428469,O1,0
2022-07-13,1.5818625140871794,O1,0
2022-07-14,1.5909865908531882,O1,0
2022-07-18,1.5827339859123475,O1,0
2022-07-19,1.6016333056924694,O1,0
2022-07-20,1.6007437296298268,O1,0
2022-07-21,1.5921371632256223,O1,0
2022-07-22,1.5983027462567656,O1,0
2022-07-25,1.6110090056590627,O1,0
2022-07-26,1.625761986201055,O1,0
2022-07-27,1.6453606622969026,O1,0
2022-07-28,1.6640093612405373,O1,0
2022-07-29,1.7067670415868972,O1,0
2022-08-01,1.7849587097710882,O1,0
2022-08-02,1.7924351092006028,O1,0
2022-08-03,1.8195148901001204,O1,0
2022-08-04,1.8070324824729211,O1,0
2022-08-05,1.8491815822769353,O1,0
2022-08-08,1.869105850406243,O1,0
2022-08-09,1.8672896505513417,O1,0
2022-08-10,1.857145174897307,O1,0
2022-08-11,1.8772700779473106,O1,0
2022-08-12,1.879180024611323,O1,0
2022-08-15,1.8860706655037023,O1,0
2022-08-16,1.860958683836966,O1,0
2022-08-17,1.8792031162199232,O1,0
2022-08-18,1.8959054388124044,O1,0
2022-08-19,1.9028586144772068,O1,0
2022-08-22,1.9317905064674976,O1,0
2022-08-23,1.9555200387618719,O1,0
2022-08-24,1.9465487542754007,O1,0
2022-08-25,1.9746546385355392,O1,0
2022-08-26,1.9429634826122875,O1,0
2022-08-29,1.9278170825337257,O1,0
2022-08-31,1.9284446326298728,O1,0
2022-09-01,1.925429185074757,O1,0
2022-09-02,1.9339072888533584,O1,0
2022-09-05,1.9369167340477706,O1,0
2022-09-06,1.9321400878871207,O1,0
2022-09-07,1.9139459960288379,O1,0
2022-09-08,1.9290320231168747,O1,0
2022-09-09,1.9247570597348131,O1,0
2022-09-12,1.9624631041907623,O1,0
2022-09-13,1.9056394040723348,O1,0
2022-09-14,1.9027444792988015,O1,0
2022-09-15,1.8992494789551888,O1,0
2022-09-16,1.9235506422518742,O1,0
2022-09-19,1.895218893148709,O1,0
2022-09-20,1.8824652981171794,O1,0
2022-09-21,1.8570032636657676,O1,0
2022-09-22,1.856098591544052,O1,0
2022-09-23,1.8565850434368465,O1,0
2022-09-26,1.829842025469621,O1,0
2022-09-27,1.837333243282857,O1,0
2022-09-28,1.8375753900425427,O1,0
2022-09-29,1.7948811575129888,O1,0
2022-09-30,1.8440109352471346,O1,0
2022-10-03,1.8714090770192207,O1,0
2022-10-04,1.9031022129805124,O1,0
2022-10-05,1.9225505602973487,O1,0
2022-10-06,1.9413412829274552,O1,0
2022-10-07,1.9729678792190624,O1,0
2022-10-10,2.0175022079933553,O1,0
2022-10-11,1.9828284693464029,O1,0
2022-10-12,1.9261570132451735,O1,0
2022-10-13,1.9431347781160342,O1,0
2022-10-14,1.9712208533439795,O1,0
2022-10-17,2.028867085510726,O1,0
2022-10-18,2.0155692926769966,O1,0
2022-10-19,2.049299492040055,O1,0
2022-10-20,2.0716856043544314,O1,0
2022-10-21,2.087863109933979,O1,0
2022-10-24,2.1551662974947985,O1,0
2022-10-25,2.1499242272861596,O1,0
2022-10-26,2.175612644926937,O1,0
2022-10-27,2.2088487768563856,O1,0
2022-10-28,2.179837971330343,O1,0
2022-10-31,2.2026201738824813,O1,0
2022-11-01,2.242737158339242,O1,0
2022-11-02,2.2338256181213385,O1,0
2022-11-03,2.278239736607119,O1,0
2022-11-04,2.307001260856585,O1,0
2022-11-07,2.323742821627601,O1,0
2022-11-08,2.3040035280240447,O1,0
2022-11-09,2.3521845895147844,O1,0
2022-11-10,2.3708441827710747,O1,0
2022-11-11,2.453461406172437,O1,0
2022-02-21,1.0,O1,30
2022-02-22,1.0051230073240225,O1,30
2022-02-23,1.0059529008757964,O1,30
2022-02-24,0.9212357013174637,O1,30
2022-02-25,0.9665459361380652,O1,30
2022-02-28,0.9397315802526885,O1,30
2022-03-01,0.9558629593206109,O1,30
2022-03-02,0.9658289488747761,O1,30
2022-03-03,0.9849230559383915,O1,30
2022-03-04,0.9714828341894961,O1,30
2022-03-07,0.9764002182579612,O1,30
2022-03-08,0.9833021047039516,O1,30
2022-03-09,1.0121472185216756,O1,30
2022-03-10,1.0060324236209826,O1,30
2022-03-11,1.0065245387521027,O1,30
2022-03-14,1.0132270375735923,O1,30
2022-03-15,1.0179551029730132,O1,30
2022-03-16,1.03668812395181,O1,30
2022-03-17,1.045415420858846,O1,30
2022-03-18,1.05652928788414,O1,30
2022-03-21,1.081638741621401,O1,30
2022-03-22,1.0955043630314412,O1,30
2022-03-23,1.094729711566807,O1,30
2022-03-24,1.1016230205388002,O1,30
2022-03-25,1.1091376688827652,O1,30
2022-03-28,1.1242099004454917,O1,30
2022-03-29,1.1515610776501113,O1,30
2022-03-30,1.163116889020275,O1,30
2022-03-31,1.168143286726877,O1,30
2022-04-01,1.1681285108637878,O1,30
2022-04-04,1.1808268420604424,O1,30
2022-04-05,1.1990950266146867,O1,30
2022-04-06,1.2111257066861938,O1,30
2022-04-07,1.2400169276156248,O1,30
2022-04-08,1.26707416404945,O1,30
2022-04-11,1.3110830093983095,O1,30
2022-04-12,1.296561097905055,O1,30
2022-04-13,1.2607403483674051,O1,30
2022-04-14,1.2504966787761176,O1,30
2022-04-15,1.2834769489576607,O1,30
2022-04-18,1.2754370898700687,O1,30
2022-04-19,1.256029212509702,O1,30
2022-04-20,1.2515751700688194,O1,30
2022-04-21,1.2717438305209026,O1,30
2022-04-22,1.234465670470939,O1,30
2022-04-25,1.231342669552342,O1,30
2022-04-26,1.2257315030103966,O1,30
2022-04-27,1.234764709144646,O1,30
2022-04-28,1.2581895420585727,O1,30
2022-04-29,1.2646186820816903,O1,30
2022-05-05,1.2765978398226872,O1,30
2022-05-06,1.2864360567910325,O1,30
2022-05-09,1.275272680429905,O1,30
2022-05-10,1.277695219636777,O1,30
2022-05-11,1.2593929728955444,O1,30
2022-05-12,1.2438621242039074,O1,30
2022-05-13,1.2905499689803797,O1,30
2022-05-16,1.2874495895773512,O1,30
2022-05-17,1.2806836899780423,O1,30
2022-05-18,1.2694728974958496,O1,30
2022-05-20,1.2642587691743492,O1,30
2022-05-23,1.273040436767496,O1,30
2022-05-24,1.2779175600650234,O1,30
2022-05-25,1.277233647080514,O1,30
2022-05-26,1.2826816583878304,O1,30
2022-05-27,1.2736709831092157,O1,30
2022-05-30,1.3157601466133482,O1,30
2022-05-31,1.334102366566882,O1,30
2022-06-01,1.348933130443385,O1,30
2022-06-02,1.366870779226704,O1,30
2022-06-03,1.3739817588511538,O1,30
2022-06-06,1.402675214895315,O1,30
2022-06-07,1.4003290914680586,O1,30
2022-06-08,1.346847812802085,O1,30
2022-06-09,1.3599126748732089,O1,30
2022-06-10,1.3689079132738504,O1,30
2022-06-13,1.3662713794403816,O1,30
2022-06-14,1.3576929921744223,O1,30
2022-06-15,1.3776932668243398,O1,30
2022-06-16,1.380631464024213,O1,30
2022-06-17,1.375403307398247,O1,30
2022-06-20,1.3817337556355485,O1,30
2022-06-21,1.400322202366826,O1,30
2022-06-22,1.4196641727219796,O1,30
2022-06-23,1.416049610282349,O1,30
2022-06-24,1.4510043923021612,O1,30
2022-06-27,1.4299006976658135,O1,30
2022-06-28,1.440874655043929,O1,30
2022-06-29,1.4362763719825573,O1,30
2022-06-30,1.4309286557815821,O1,30
2022-07-01,1.4441615691086889,O1,30
2022-07-04,1.4280590835700826,O1,30
2022-07-05,1.416082867432169,O1,30
2022-07-06,1.4550085777448027,O1,30
2022-07-07,1.4958453883863068,O1,30
2022-07-08,1.5317877418765293,O1,30
2022-07-13,1.5733832198056503,O1,30
2022-07-14,1.582485855841771,O1,30
2022-07-18,1.5742526437532642,O1,30
2022-07-19,1.593107551893627,O1,30
2022-07-20,1.5922200662518091,O1,30
2022-07-21,1.5836337244763818,O1,30
2022-07-22,1.5897848189621346,O1,30
2022-07-25,1.602461219839267,O1,30
2022-07-26,1.6171795322522031,O1,30
2022-07-27,1.6367321532861419,O1,30
2022-07-28,1.6553370295256207,O1,30
2022-07-29,1.6979942333088789,O1,30
2022-08-01,1.7760021583615728,O1,30
2022-08-02,1.7834609889493502,O1,30
2022-08-03,1.8104771348880304,O1,30
2022-08-04,1.7980240597551918,O1,30
2022-08-05,1.8400741131036489,O1,30
2022-08-08,1.8599515610601183,O1,30
2022-08-09,1.858139629105577,O1,30
2022-08-10,1.8480189920236987,O1,30
2022-08-11,1.8680966034275035,O1,30
2022-08-12,1.870002061894894,O1,30
2022-08-15,1.8768765104234961,O1,30
2022-08-16,1.8518235395728306,O1,30
2022-08-17,1.8700250992403666,O1,30
2022-08-18,1.8815009308254786,O1,30
2022-08-19,1.888420228828366,O1,30
2022-08-22,1.917211157192443,O1,30
2022-08-23,1.9408250730963748,O1,30
2022-08-24,1.931897499017555,O1,30
2022-08-25,1.9598664441737947,O1,30
2022-08-26,1.9283296957210032,O1,30
2022-08-29,1.9132570928030235,O1,30
2022-08-31,1.9138815853135411,O1,30
2022-09-01,1.9108808297952327,O1,30
2022-09-02,1.9193176260695595,O1,30
2022-09-05,1.9223124084722114,O1,30
2022-09-06,1.917559035361391,O1,30
2022-09-07,1.8994535898026612,O1,30
2022-09-08,1.9144661138828685,O1,30
2022-09-09,1.9102119792229817,O1,30
2022-09-12,1.9477343101230231,O1,30
2022-09-13,1.89118746970068,O1,30
2022-09-14,1.8883066497459335,O1,30
2022-09-15,1.8848286779437728,O1,30
2022-09-16,1.909011439716609,O1,30
2022-09-19,1.8808177301890063,O1,30
2022-09-20,1.8681262739558482,O1,30
2022-09-21,1.8427882970914153,O1,30
2022-09-22,1.841888032765182,O1,30
2022-09-23,1.8423721145391194,O1,30
2022-09-26,1.8157593954403475,O1,30
2022-09-27,1.823214114111804,O1,30
2022-09-28,1.8234550810701362,O1,30
2022-09-29,1.7809688658329812,O1,30
2022-09-30,1.8298592706416774,O1,30
2022-10-03,1.8571239216134732,O1,30
2022-10-04,1.888662640457049,O1,30
2022-10-05,1.9080162304188344,O1,30
2022-10-06,1.926715399810666,O1,30
2022-10-07,1.9581879031829592,O1,30
2022-10-10,2.0025052492422213,O1,30
2022-10-11,1.968000449976617,O1,30
2022-10-12,1.9116051117994257,O1,30
2022-10-13,1.9285001566289561,O1,30
2022-10-14,1.9564493892677066,O1,30
2022-10-17,2.0138147541504714,O1,30
2022-10-18,2.000581751586908,O1,30
2022-10-19,2.0341476087349215,O1,30
2022-10-20,2.0564246501468593,O1,30
2022-10-21,2.0725233347543672,O1,30
2022-10-24,2.139498603858368,O1,30
2022-10-25,2.134282074365342,O1,30
2022-10-26,2.15984533142196,O1,30
2022-10-27,2.192919528360097,O1,30
2022-10-28,2.1640500709473303,O1,30
2022-10-31,2.1867212727434184,O1,30
2022-11-01,2.226642796923897,O1,30
2022-11-02,2.2177746760241868,O1,30
2022-11-03,2.2619723974904105,O1,30
2022-11-04,2.290593788189156,O1,30
2022-11-07,2.307253779766027,O1,30
2022-11-08,2.287610661082735,O1,30
2022-11-09,2.3355569720378084,O1,30
2022-11-10,2.354125650951892,O1,30
2022-11-11,2.4363403419712633,O1,30
2022-02-21,1.0,O1,50
2022-02-22,1.0031230073240225,O1,50
2022-02-23,1.0039529008757964,O1,50
2022-02-24,0.9192357013174637,O1,50
2022-02-25,0.9645459361380652,O1,50
2022-02-28,0.9377315802526885,O1,50
2022-03-01,0.9538629593206109,O1,50
2022-03-02,0.9638289488747761,O1,50
2022-03-03,0.9829230559383915,O1,50
2022-03-04,0.9694828341894961,O1,50
2022-03-07,0.9744002182579612,O1,50
2022-03-08,0.9813021047039516,O1,50
2022-03-09,1.0101472185216755,O1,50
2022-03-10,1.0040324236209826,O1,50
2022-03-11,1.0045245387521027,O1,50
2022-03-14,1.0112270375735923,O1,50
2022-03-15,1.0159551029730132,O1,50
2022-03-16,1.03468812395181,O1,50
2022-03-17,1.043415420858846,O1,50
2022-03-18,1.05452928788414,O1,50
2022-03-21,1.079638741621401,O1,50
2022-03-22,1.0935043630314412,O1,50
2022-03-23,1.092729711566807,O1,50
2022-03-24,1.0996230205388002,O1,50
2022-03-25,1.1071376688827652,O1,50
2022-03-28,1.1222099004454915,O1,50
2022-03-29,1.1495610776501113,O1,50
2022-03-30,1.161116889020275,O1,50
2022-03-31,1.166143286726877,O1,50
2022-04-01,1.1661285108637878,O1,50
2022-04-04,1.1788268420604424,O1,50
2022-04-05,1.1970950266146867,O1,50
2022-04-06,1.2091257066861938,O1,50
2022-04-07,1.2380169276156248,O1,50
2022-04-08,1.26507416404945,O1,50
2022-04-11,1.3090830093983095,O1,50
2022-04-12,1.2945610979050548,O1,50
2022-04-13,1.2587403483674051,O1,50
2022-04-14,1.2484966787761176,O1,50
2022-04-15,1.281476948957661,O1,50
2022-04-18,1.2734370898700684,O1,50
2022-04-19,1.254029212509702,O1,50
2022-04-20,1.2495751700688194,O1,50
2022-04-21,1.2697438305209026,O1,50
2022-04-22,1.232465670470939,O1,50
2022-04-25,1.229342669552342,O1,50
2022-04-26,1.2237315030103966,O1,50
2022-04-27,1.232764709144646,O1,50
2022-04-28,1.2561895420585727,O1,50
2022-04-29,1.2626186820816903,O1,50
2022-05-05,1.2745978398226872,O1,50
2022-05-06,1.2844360567910322,O1,50
2022-05-09,1.2732726804299053,O1,50
2022-05-10,1.275695219636777,O1,50
2022-05-11,1.2573929728955444,O1,50
2022-05-12,1.2418621242039074,O1,50
2022-05-13,1.2885499689803797,O1,50
2022-05-16,1.2854495895773512,O1,50
2022-05-17,1.2786836899780423,O1,50
2022-05-18,1.2674728974958498,O1,50
2022-05-20,1.262258769174349,O1,50
2022-05-23,1.267863200553988,O1,50
2022-05-24,1.2727326653312923,O1,50
2022-05-25,1.2720498262916273,O1,50
2022-05-26,1.2774892826163795,O1,50
2022-05-27,1.268492756752212,O1,50
2022-05-30,1.310515827871508,O1,50
2022-05-31,1.3288292451366777,O1,50
2022-06-01,1.343636720345221,O1,50
2022-06-02,1.3615462017360869,O1,50
2022-06-03,1.3686460150278568,O1,50
2022-06-06,1.397294413893845,O1,50
2022-06-07,1.3949519745714631,O1,50
2022-06-08,1.3415546772668867,O1,50
2022-06-09,1.3545990236560637,O1,50
2022-06-10,1.363580136882704,O1,50
2022-06-13,1.3609477431839931,O1,50
2022-06-14,1.3523828265129627,O1,50
2022-06-15,1.3723516948402321,O1,50
2022-06-16,1.3752852782050013,O1,50
2022-06-17,1.3700653313249875,O1,50
2022-06-20,1.3763858388938068,O1,50
2022-06-21,1.394945096288149,O1,50
2022-06-22,1.4142566940523125,O1,50
2022-06-23,1.4106478075404478,O1,50
2022-06-24,1.4455477002559167,O1,50
2022-06-27,1.4244771446366284,O1,50
2022-06-28,1.43543386966908,O1,50
2022-06-29,1.4308428072666235,O1,50
2022-06-30,1.4255034885553515,O1,50
2022-07-01,1.4387156223105375,O1,50
2022-07-04,1.422638422417509,O1,50
2022-07-05,1.4106810124667462,O1,50
2022-07-06,1.4495455979479073,O1,50
2022-07-07,1.4903182827674726,O1,50
2022-07-08,1.526204196175236,O1,50
2022-07-13,1.5677343569512974,O1,50
2022-07-14,1.5768226991674932,O1,50
2022-07-18,1.568602415647209,O1,50
2022-07-19,1.5874277160277321,O1,50
2022-07-20,1.586541623999797,O1,50
2022-07-21,1.5779687653102221,O1,50
2022-07-22,1.5841102007657144,O1,50
2022-07-25,1.5967666959594031,O1,50
2022-07-26,1.6114618962863023,O1,50
2022-07-27,1.630983813945634,O1,50
2022-07-28,1.6495594750490101,O1,50
2022-07-29,1.6921496944568661,O1,50
2022-08-01,1.7700351240885626,O1,50
2022-08-02,1.7774822421151824,O1,50
2022-08-03,1.8044559647466372,O1,50
2022-08-04,1.7920224446100388,O1,50
2022-08-05,1.8340064669881238,O1,50
2022-08-08,1.8538527014960355,O1,50
2022-08-09,1.8520436148084003,O1,50
2022-08-10,1.8419388701079593,O1,50
2022-08-11,1.861984953747632,O1,50
2022-08-12,1.8638874200839408,O1,50
2022-08-15,1.8707510737033581,O1,50
2022-08-16,1.8457374433967404,O1,50
2022-08-17,1.8639104212539948,O1,50
2022-08-18,1.8719250002198624,O1,50
2022-08-19,1.878821727846523,O1,50
2022-08-22,1.9075187417578867,O1,50
2022-08-23,1.9310556303440307,O1,50
2022-08-24,1.9221571775294877,O1,50
2022-08-25,1.9500348894978252,O1,50
2022-08-26,1.9186010122145158,O1,50
2022-08-29,1.9035775753128625,O1,50
2022-08-31,1.904200030762553,O1,50
2022-09-01,1.9012090635466106,O1,50
2022-09-02,1.9096183394473416,O1,50
2022-09-05,1.912603353031608,O1,50
2022-09-06,1.9078654851670436,O1,50
2022-09-07,1.8898190985934664,O1,50
2022-09-08,1.90478265263127,O1,50
2022-09-09,1.9005423947287874,O1,50
2022-09-12,1.937942329812812,O1,50
2022-09-13,1.881579942128629,O1,50
2022-09-14,1.8787085192529205,O1,50
2022-09-15,1.8752418924068597,O1,50
2022-09-16,1.8993457713174176,O1,50
2022-09-19,1.8712440281469518,O1,50
2022-09-20,1.8585939707582908,O1,50
2022-09-21,1.8333386450053468,O1,50
2022-09-22,1.832441317292703,O1,50
2022-09-23,1.8329238200180493,O1,50
2022-09-26,1.806397910171058,O1,50
2022-09-27,1.8138283119529968,O1,50
2022-09-28,1.8140684928901305,O1,50
2022-09-29,1.7717208653914942,O1,50
2022-09-30,1.8204517923413164,O1,50
2022-10-03,1.8476275074947854,O1,50
2022-10-04,1.8790633487415715,O1,50
2022-10-05,1.8983538083386,O1,50
2022-10-06,1.9169919820502157,O1,50
2022-10-07,1.9483618238170082,O1,50
2022-10-10,1.9925346090879479,O1,50
2022-10-11,1.9581423626132097,O1,50
2022-10-12,1.9019309829820399,O1,50
2022-10-13,1.9187709170881972,O1,50
2022-10-14,1.9466289808402129,O1,50
2022-10-17,2.003807223002254,O1,50
2022-10-18,1.990617385778057,O1,50
2022-10-19,2.0240737529136594,O1,50
2022-10-20,2.0462781278201683,O1,50
2022-10-21,2.0623242993883197,O1,50
2022-10-24,2.1290810987832627,O1,50
2022-10-25,2.123881585327587,O1,50
2022-10-26,2.149361456420902,O1,50
2022-10-27,2.182327767115668,O1,50
2022-10-28,2.153552480313127,O1,50
2022-10-31,2.1761497298739108,O1,50
2022-11-01,2.215941032199524,O1,50
2022-11-02,2.207101838631033,O1,50
2022-11-03,2.2511553895178924,O1,50
2022-11-04,2.279683418786629,O1,50
2022-11-07,2.2962890663711373,O1,50
2022-11-08,2.2767100224796475,O1,50
2022-11-09,2.3244999351589857,O1,50
2022-11-10,2.3430080440457415,O1,50
2022-11-11,2.4249545551851712,O1,50
2022-02-21,1.0,O1,100
2022-02-22,0.9981230073240225,O1,100
2022-02-23,0.9989529008757964,O1,100
2022-02-24,0.9142357013174637,O1,100
2022-02-25,0.9595459361380652,O1,100
2022-02-28,0.9327315802526885,O1,100
2022-03-01,0.9488629593206108,O1,100
2022-03-02,0.9588289488747762,O1,100
2022-03-03,0.9779230559383915,O1,100
2022-03-04,0.964482834189496,O1,100
2022-03-07,0.9694002182579613,O1,100
2022-03-08,0.9763021047039515,O1,100
2022-03-09,1.0051472185216754,O1,100
2022-03-10,0.9990324236209824,O1,100
2022-03-11,0.9995245387521028,O1,100
2022-03-14,1.0062270375735924,O1,100
2022-03-15,1.010955102973013,O1,100
2022-03-16,1.0296881239518099,O1,100
2022-03-17,1.038415420858846,O1,100
2022-03-18,1.04952928788414,O1,100
2022-03-21,1.074638741621401,O1,100
2022-03-22,1.0885043630314413,O1,100
2022-03-23,1.087729711566807,O1,100
2022-03-24,1.0946230205388001,O1,100
2022-03-25,1.1021376688827653,O1,100
2022-03-28,1.1172099004454916,O1,100
2022-03-29,1.1445610776501114,O1,100
2022-03-30,1.156116889020275,O1,100
2022-03-31,1.1611432867268772,O1,100
2022-04-01,1.1611285108637879,O1,100
2022-04-04,1.1738268420604425,O1,100
2022-04-05,1.1920950266146868,O1,100
2022-04-06,1.204125706686194,O1,100
2022-04-07,1.2330169276156246,O1,100
2022-04-08,1.2600741640494502,O1,100
2022-04-11,1.3040830093983096,O1,100
2022-04-12,1.289561097905055,O1,100
2022-04-13,1.253740348367405,O1,100
2022-04-14,1.2434966787761177,O1,100
2022-04-15,1.276476948957661,O1,100
2022-04-18,1.2684370898700685,O1,100
2022-04-19,1.249029212509702,O1,100
2022-04-20,1.2445751700688195,O1,100
2022-04-21,1.2647438305209027,O1,100
2022-04-22,1.2274656704709388,O1,100
2022-04-25,1.224342669552342,O1,100
2022-04-26,1.2187315030103965,O1,100
2022-04-27,1.227764709144646,O1,100
2022-04-28,1.2511895420585726,O1,100
2022-04-29,1.2576186820816904,O1,100
2022-05-05,1.269597839822687,O1,100
2022-05-06,1.2794360567910323,O1,100
2022-05-09,1.2682726804299054,O1,100
2022-05-10,1.2706952196367771,O1,100
2022-05-11,1.2523929728955445,O1,100
2022-05-12,1.2368621242039073,O1,100
2022-05-13,1.2835499689803798,O1,100
2022-05-16,1.280449589577351,O1,100
2022-05-17,1.2736836899780422,O1,100
2022-05-18,1.2624728974958495,O1,100
2022-05-20,1.257258769174349,O1,100
2022-05-23,1.254934110020218,O1,100
2022-05-24,1.259784428496964,O1,100
2022-05-25,1.2591042743194114,O1,100
2022-05-26,1.2645223431877533,O1,100
2022-05-27,1.2555611908597033,O1,100
2022-05-30,1.2974190310169078,O1,100
2022-05-31,1.315660441561167,O1,100
2022-06-01,1.330409695099811,O1,100
2022-06-02,1.3482487580095441,O1,100
2022-06-03,1.355320655469614,O1,100
2022-06-06,1.3838564113901697,O1,100
2022-06-07,1.3815231823299738,O1,100
2022-06-08,1.3283358384288904,O1,100
2022-06-09,1.3413288956132015,O1,100
2022-06-10,1.350274695904838,O1,100
2022-06-13,1.347652652543022,O1,100
2022-06-14,1.3391214123593138,O1,100
2022-06-15,1.3590117648799627,O1,100
2022-06-16,1.361933813656973,O1,100
2022-06-17,1.3567343911418395,O1,100
2022-06-20,1.3630300470394536,O1,100
2022-06-21,1.381516331091455,O1,100
2022-06-22,1.400751997378145,O1,100
2022-06-23,1.3971573006856948,O1,100
2022-06-24,1.4319199701403058,O1,100
2022-06-27,1.410932262063666,O1,100
2022-06-28,1.4218459062319573,O1,100
2022-06-29,1.4172728954767881,O1,100
2022-06-30,1.411954570489775,O1,100
2022-07-01,1.4251147553151586,O1,100
2022-07-04,1.409100769536075,O1,100
2022-07-05,1.3971903750531887,O1,100
2022-07-06,1.435902148455668,O1,100
2022-07-07,1.476514518720387,O1,100
2022-07-08,1.5122593319220028,O1,100
2022-07-13,1.5536261998154148,O1,100
2022-07-14,1.5626788074817983,O1,100
2022-07-18,1.55449084538207,O1,100
2022-07-19,1.5732421263629952,O1,100
2022-07-20,1.572359518369767,O1,100
2022-07-21,1.5638203673948217,O1,100
2022-07-22,1.569937655274663,O1,100
2022-07-25,1.5825443862597435,O1,100
2022-07-26,1.5971818063715497,O1,100
2022-07-27,1.6166269655943655,O1,100
2022-07-28,1.6351295888574826,O1,100
2022-07-29,1.6775523473268354,O1,100
2022-08-01,1.7551315384060373,O1,100
2022-08-02,1.7625493750297614,O1,100
2022-08-03,1.7894170393931539,O1,100
2022-08-04,1.7770324067471561,O1,100
2022-08-05,1.818851351699313,O1,100
2022-08-08,1.8386195525858278,O1,100
2022-08-09,1.8368175790654586,O1,100
2022-08-10,1.8267525653186125,O1,100
2022-08-11,1.8467198295479537,O1,100
2022-08-12,1.8486148155565587,O1,100
2022-08-15,1.8554514819030135,O1,100
2022-08-16,1.8305362029565153,O1,100
2022-08-17,1.8486377262880662,O1,100
2022-08-18,1.8480798512223287,O1,100
2022-08-19,1.854920204469429,O1,100
2022-08-22,1.8833826467923473,O1,100
2022-08-23,1.906727143049457,O1,100
2022-08-24,1.89790142686939,O1,100
2022-08-25,1.9255512642860808,O1,100
2022-08-26,1.8943743299219244,O1,100
2022-08-29,1.8794736957435383,O1,100
2022-08-31,1.8800910631947343,O1,100
2022-09-01,1.877124544373771,O1,100
2022-09-02,1.885465082209566,O1,100
2022-09-05,1.888425696064294,O1,100
2022-09-06,1.883726555894335,O1,100
2022-09-07,1.865827681866047,O1,100
2022-09-08,1.8806689226676967,O1,100
2022-09-09,1.8764633249578975,O1,100
2022-09-12,1.9135575501096096,O1,100
2022-09-13,1.8576558728968542,O1,100
2022-09-14,1.8548079212515374,O1,100
2022-09-15,1.8513696308786833,O1,100
2022-09-16,1.8752764828378932,O1,100
2022-09-19,1.8474044454672696,O1,100
2022-09-20,1.8348577906160561,O1,100
2022-09-21,1.809808903829092,O1,100
2022-09-22,1.808918910941861,O1,100
2022-09-23,1.8093974696529953,O1,100
2022-09-26,1.7830883846236323,O1,100
2022-09-27,1.7904580497326128,O1,100
2022-09-28,1.790696267412381,O1,100
2022-09-29,1.7486947926625966,O1,100
2022-09-30,1.797027389285216,O1,100
2022-10-03,1.8239809680627408,O1,100
2022-10-04,1.8551598503367857,O1,100
2022-10-05,1.8742926282403987,O1,100
2022-10-06,1.892778452093358,O1,100
2022-10-07,1.9238918743722107,O1,100
2022-10-10,1.9677035879149534,O1,100
2022-10-11,1.9335924662955994,O1,100
2022-10-12,1.877840562784473,O1,100
2022-10-13,1.894542845980162,O1,100
2022-10-14,1.9221731957865555,O1,100
2022-10-17,1.9788840586202134,O1,100
2022-10-18,1.9658020361351591,O1,100
2022-10-19,1.998984928364736,O1,100
2022-10-20,2.0210078030110314,O1,100
2022-10-21,2.036922811944462,O1,100
2022-10-24,2.1031339361509693,O1,100
2022-10-25,2.0979769239162995,O1,100
2022-10-26,2.123248520592832,O1,100
2022-10-27,2.1559453621404336,O1,100
2022-10-28,2.1274052867349433,O1,100
2022-10-31,2.149817824648015,O1,100
2022-11-01,2.189283869822425,O1,100
2022-11-02,2.180516928498796,O1,100
2022-11-03,2.224210382288441,O1,100
2022-11-04,2.2525052212621364,O1,100
2022-11-07,2.268975133012139,O1,100
2022-11-08,2.249556129724179,O1,100
2022-11-09,2.296955403998995,O1,100
2022-11-10,2.315312226186929,O1,100
2022-11-11,2.3965889002713627,O1,100
2023-02-02,1.0,O2,0
2023-02-03,1.0432611121214497,O2,0
2023-02-06,1.0218824701141687,O2,0
2023-02-07,0.924515945164154,O2,0
2023-02-08,0.8459560329290312,O2,0
2023-02-15,1.0079879792325057,O2,0
2023-02-16,0.9948732593760689,O2,0
2023-02-17,1.002904014564491,O2,0
2023-02-20,1.053378384611114,O2,0
2023-02-21,1.0476317519461056,O2,0
2023-02-22,1.0394805670826328,O2,0
2023-02-23,1.0754305410902332,O2,0
2023-02-24,1.0663123837970316,O2,0
2023-02-27,1.0746023940432547,O2,0
2023-02-28,1.0824035934712637,O2,0
2023-03-01,1.0992693927062995,O2,0
2023-03-02,1.0863786742380024,O2,0
2023-03-03,1.0591032141760042,O2,0
2023-03-06,1.0891328028497975,O2,0
2023-03-07,1.0898325796442223,O2,0
2023-03-08,1.06476516862112,O2,0
2023-03-09,1.0695014393682052,O2,0
2023-03-10,1.0617064970366916,O2,0
2023-03-13,1.0368632387684003,O2,0
2023-03-14,1.0013851689611895,O2,0
2023-03-15,0.9776155236227684,O2,0
2023-03-16,1.000959958892274,O2,0
2023-03-17,1.0033386078018554,O2,0
2023-03-20,0.9684812407712421,O2,0
2023-03-21,0.9560921822439701,O2,0
2023-03-22,0.9695321551037105,O2,0
2023-03-23,0.9876042965800468,O2,0
2023-03-24,0.9756453148236398,O2,0
2023-03-27,0.959694593566749,O2,0
2023-03-28,0.904020105561981,O2,0
2023-03-29,0.9165306734024734,O2,0
2023-03-30,0.9106547740921888,O2,0
2023-03-31,0.8859052008824942,O2,0
2023-04-03,0.8858327470288275,O2,0
2023-04-04,0.9139312999062955,O2,0
2023-04-05,0.9056484922149938,O2,0
2023-04-06,0.9096318425186506,O2,0
2023-04-07,0.932386310195876,O2,0
2023-04-10,0.9914571717328109,O2,0
2023-04-11,1.0012123571224107,O2,0
2023-04-12,0.9877800887167162,O2,0
2023-04-13,0.9988285938437808,O2,0
2023-04-14,0.9853298634668404,O2,0
2023-04-17,0.972931174955354,O2,0
2023-04-18,0.961235068465045,O2,0
2023-04-19,0.9747844986339161,O2,0
2023-04-20,0.9587219646826276,O2,0
2023-04-24,0.9611158692158317,O2,0
2023-04-25,0.9379255272748681,O2,0
2023-04-26,0.9156438513255893,O2,0
2023-04-27,0.9258906934017107,O2,0
2023-04-28,0.8929114582635445,O2,0
2023-05-02,0.8446517680853234,O2,0
2023-05-03,0.8118816006270461,O2,0
2023-05-04,0.8184082167339983,O2,0
2023-05-05,0.8000232619045777,O2,0
2023-05-08,0.805735459295019,O2,0
2023-05-09,0.798139220794412,O2,0
2023-05-10,0.8004689646056145,O2,0
2023-05-11,0.8466657221308422,O2,0
2023-05-12,0.8297019216519594,O2,0
2023-05-15,0.805770713502543,O2,0
2023-05-16,0.8314335336039786,O2,0
2023-05-17,0.8636932702001566,O2,0
2023-05-18,0.8347229903063369,O2,0
2023-05-22,0.8417079558289249,O2,0
2023-05-23,0.8355036625249659,O2,0
2023-05-24,0.8364896358296853,O2,0
2023-05-25,0.8498991358385479,O2,0
2023-05-26,0.8704950580681031,O2,0
2023-05-29,0.9022506642661646,O2,0
2023-05-30,0.9194158156670111,O2,0
2023-05-31,0.9376248014961134,O2,0
2023-06-01,0.9609888600336237,O2,0
2023-06-02,0.980907730368646,O2,0
2023-06-05,1.0319106037245078,O2,0
2023-06-06,1.0139806310383006,O2,0
2023-06-07,1.0374953872057033,O2,0
2023-06-08,1.042648069780092,O2,0
2023-06-09,1.0649928625044036,O2,0
2023-06-12,1.0560964871428662,O2,0
2023-06-13,1.0093998081665623,O2,0
2023-06-14,1.015590666143605,O2,0
2023-06-15,1.0310101615245217,O2,0
2023-06-16,1.0299393973223754,O2,0
2023-06-19,0.9882483294705973,O2,0
2023-06-20,0.97578485472676,O2,0
2023-06-21,0.9622730836561323,O2,0
2023-06-22,1.006216328787982,O2,0
2023-06-23,1.034653678908714,O2,0
2023-06-26,1.0562377836016654,O2,0
2023-06-27,1.065774735796313,O2,0
2023-07-03,1.1105941630238823,O2,0
2023-07-04,1.1086085973697846,O2,0
2023-07-05,1.1194906458586489,O2,0
2023-07-06,1.1224368153465571,O2,0
2023-07-07,1.1440807944513331,O2,0
2023-07-10,1.1863812724582417,O2,0
2023-07-11,1.1873811961968612,O2,0
2023-07-12,1.1921763409015347,O2,0
2023-07-13,1.2163165049712825,O2,0
2023-07-14,1.240391871441512,O2,0
2023-07-17,1.2730452774335566,O2,0
2023-07-18,1.2194685223428123,O2,0
2023-07-19,1.2639091446564545,O2,0
2023-07-20,1.3119143589119937,O2,0
2023-07-21,1.3325875372529241,O2,0
2023-07-24,1.3784101100332602,O2,0
2023-07-25,1.3628332875719007,O2,0
2023-07-26,1.368629495428476,O2,0
2023-07-27,1.3834986771033984,O2,0
2023-07-28,1.4020886903520529,O2,0
2023-07-31,1.4439024897123809,O2,0
2023-08-01,1.4504877124510025,O2,0
2023-08-02,1.4797138374225836,O2,0
2023-08-03,1.544785225731484,O2,0
2023-08-04,1.577814549951002,O2,0
2023-08-07,1.6289070862481356,O2,0
2023-08-08,1.6392293278531973,O2,0
2023-08-09,1.6627296250972587,O2,0
2023-08-10,1.6549540556222055,O2,0
2023-08-11,1.7357519764018208,O2,0
2023-08-14,1.7443505386717173,O2,0
2023-08-15,1.7220540969246392,O2,0
2023-08-16,1.719739786139993,O2,0
2023-08-17,1.7317184462934407,O2,0
2023-08-18,1.6665484961049375,O2,0
2023-08-21,1.7427122709043783,O2,0
2023-08-22,1.8050693894318162,O2,0
2023-08-23,1.7707406214901542,O2,0
2023-08-24,1.7014956932067369,O2,0
2023-08-25,1.782862551545279,O2,0
2023-08-28,1.8377418504875738,O2,0
2023-08-29,1.8709224343080462,O2,0
2023-08-31,1.9749901062286899,O2,0
2023-09-01,2.0410976747508545,O2,0
2023-09-04,2.1015303728935537,O2,0
2023-09-05,2.109775865047706,O2,0
2023-09-06,2.103538089410385,O2,0
2023-09-07,2.1600292505958283,O2,0
2023-09-08,2.1126850781811113,O2,0
2023-09-11,2.0679264478790667,O2,0
2023-09-12,2.10154624365292,O2,0
2023-09-13,2.085518636361949,O2,0
2023-09-14,2.1526159618988085,O2,0
2023-09-15,2.134847772030125,O2,0
2023-09-18,2.1126464755475585,O2,0
2023-09-19,2.1500626525065027,O2,0
2023-09-20,2.1987298337457446,O2,0
2023-09-21,2.312922055956447,O2,0
2023-09-22,2.3979388323692388,O2,0
2023-09-25,2.5150430882698234,O2,0
2023-09-26,2.409735549066566,O2,0
2023-09-27,2.345125894116911,O2,0
2023-09-28,2.292457869635774,O2,0
2023-09-29,2.2490209028812966,O2,0
2023-10-02,2.3288431112106265,O2,0
2023-10-03,2.3554377265772057,O2,0
2023-10-04,2.3104804861106314,O2,0
2023-10-05,2.33619537574174,O2,0
2023-10-06,2.349610703569911,O2,0
2023-10-09,2.221011943533264,O2,0
2023-10-10,2.33615683192102,O2,0
2023-10-11,2.308154115415028,O2,0
2023-10-12,2.3095688565521875,O2,0
2023-10-13,2.262993232501586,O2,0
2023-10-16,2.1628705740622425,O2,0
2023-10-17,2.276842136784471,O2,0
2023-10-18,2.2670873478095133,O2,0
2023-10-19,2.2938550102212534,O2,0
2023-10-20,2.19850408348515,O2,0
2023-10-23,2.301432903101532,O2,0
2023-10-24,2.3951154849629788,O2,0
2023-10-25,2.2088441499822626,O2,0
2023-10-26,2.3575889928056357,O2,0
2023-10-27,2.410237129971509,O2,0
2023-10-30,2.464859263511119,O2,0
2023-02-02,1.0,O2,30
2023-02-03,1.0402611121214498,O2,30
2023-02-06,1.0188824701141685,O2,30
2023-02-07,0.9215159451641539,O2,30
2023-02-08,0.8429560329290313,O2,30
2023-02-15,1.0049879792325056,O2,30
2023-02-16,0.9918732593760687,O2,30
2023-02-17,0.999904014564491,O2,30
2023-02-20,1.050378384611114,O2,30
2023-02-21,1.0446317519461057,O2,30
2023-02-22,1.036480567082633,O2,30
2023-02-23,1.0724305410902333,O2,30
2023-02-24,1.0633123837970317,O2,30
2023-02-27,1.0716023940432549,O2,30
2023-02-28,1.0794035934712638,O2,30
2023-03-01,1.0962693927062994,O2,30
2023-03-02,1.0833786742380025,O2,30
2023-03-03,1.0561032141760043,O2,30
2023-03-06,1.0861328028497976,O2,30
2023-03-07,1.0868325796442224,O2,30
2023-03-08,1.06176516862112,O2,30
2023-03-09,1.0665014393682053,O2,30
2023-03-10,1.0587064970366915,O2,30
2023-03-13,1.0338632387684001,O2,30
2023-03-14,0.9983851689611896,O2,30
2023-03-15,0.9746155236227685,O2,30
2023-03-16,0.9979599588922742,O2,30
2023-03-17,1.0003386078018552,O2,30
2023-03-20,0.965481240771242,O2,30
2023-03-21,0.9530921822439702,O2,30
2023-03-22,0.9665321551037106,O2,30
2023-03-23,0.9846042965800468,O2,30
2023-03-24,0.9726453148236398,O2,30
2023-03-27,0.956694593566749,O2,30
2023-03-28,0.9010201055619809,O2,30
2023-03-29,0.9135306734024733,O2,30
2023-03-30,0.9076547740921889,O2,30
2023-03-31,0.8829052008824942,O2,30
2023-04-03,0.8828327470288274,O2,30
2023-04-04,0.9109312999062956,O2,30
2023-04-05,0.9026484922149937,O2,30
2023-04-06,0.9066318425186506,O2,30
2023-04-07,0.929386310195876,O2,30
2023-04-10,0.988457171732811,O2,30
2023-04-11,0.9982123571224109,O2,30
2023-04-12,0.9847800887167163,O2,30
2023-04-13,0.9958285938437808,O2,30
2023-04-14,0.9823298634668405,O2,30
2023-04-17,0.9699311749553541,O2,30
2023-04-18,0.958235068465045,O2,30
2023-04-19,0.9717844986339161,O2,30
2023-04-20,0.9557219646826277,O2,30
2023-04-24,0.9581158692158318,O2,30
2023-04-25,0.9349255272748681,O2,30
2023-04-26,0.9126438513255893,O2,30
2023-04-27,0.9228906934017107,O2,30
2023-04-28,0.8899114582635446,O2,30
2023-05-02,0.8416517680853233,O2,30
2023-05-03,0.8088816006270461,O2,30
2023-05-04,0.8154082167339982,O2,30
2023-05-05,0.7970232619045778,O2,30
2023-05-08,0.7998209875291931,O2,30
2023-05-09,0.7922530660499306,O2,30
2023-05-10,0.7945741251146988,O2,30
2023-05-11,0.8405986718057378,O2,30
2023-05-12,0.8236981084540471,O2,30
2023-05-15,0.7998561103171801,O2,30
2023-05-16,0.825423265356952,O2,30
2023-05-17,0.8575627451115775,O2,30
2023-05-18,0.8287004597250451,O2,30
2023-05-22,0.8356593869106617,O2,30
2023-05-23,0.8294782217780867,O2,30
2023-05-24,0.8304605196022228,O2,30
2023-05-25,0.8438200320945086,O2,30
2023-05-26,0.8643391774865097,O2,30
2023-05-29,0.8959764061246187,O2,30
2023-05-30,0.9130775698085762,O2,30
2023-05-31,0.9312186767473113,O2,30
2023-06-01,0.9544956394749351,O2,30
2023-06-02,0.9743402568653734,O2,30
2023-06-05,1.0251530032981095,O2,30
2023-06-06,1.0072898694057635,O2,30
2023-06-07,1.0307169679973476,O2,30
2023-06-08,1.0358504425620836,O2,30
2023-06-09,1.058111939063869,O2,30
2023-06-12,1.0492487273333813,O2,30
2023-06-13,1.0027261227828848,O2,30
2023-06-14,1.008893902672337,O2,30
2023-06-15,1.0242559177385178,O2,30
2023-06-16,1.0231891450978219,O2,30
2023-06-19,0.9816534919105699,O2,30
2023-06-20,0.9692364781197849,O2,30
2023-06-21,0.9557750758086131,O2,30
2023-06-22,0.9995545106796022,O2,30
2023-06-23,1.0278858529320605,O2,30
2023-06-26,1.0493894970716413,O2,30
2023-06-27,1.0588908977128673,O2,30
2023-07-03,1.1035432484752428,O2,30
2023-07-04,1.1015650845509621,O2,30
2023-07-05,1.1124065672783239,O2,30
2023-07-06,1.1153417541273556,O2,30
2023-07-07,1.136905049480793,O2,30
2023-07-10,1.1790478410829757,O2,30
2023-07-11,1.1800440373370185,O2,30
2023-07-12,1.184821306850577,O2,30
2023-07-13,1.2088714819684026,O2,30
2023-07-14,1.2328571010371838,O2,30
2023-07-17,1.26538878267916,O2,30
2023-07-18,1.2120117493477247,O2,30
2023-07-19,1.256286707293336,O2,30
2023-07-20,1.304112969206,O2,30
2023-07-21,1.3247090827164498,O2,30
2023-07-24,1.3703608395368376,O2,30
2023-07-25,1.3548420838692052,O2,30
2023-07-26,1.3606166848026198,O2,30
2023-07-27,1.3754304376051034,O2,30
2023-07-28,1.3939511515812413,O2,30
2023-07-31,1.4356090787623472,O2,30
2023-08-01,1.4421697533126998,O2,30
2023-08-02,1.4712869300456795,O2,30
2023-08-03,1.5361157472594897,O2,30
2023-08-04,1.5651766201197528,O2,30
2023-08-07,1.6159831147412604,O2,30
2023-08-08,1.6262475672542371,O2,30
2023-08-09,1.6496162980330458,O2,30
2023-08-10,1.6418842601006167,O2,30
2023-08-11,1.7222298335449477,O2,30
2023-08-14,1.7307802567452675,O2,30
2023-08-15,1.7086086416758226,O2,30
2023-08-16,1.7063072875651397,O2,30
2023-08-17,1.718218885163655,O2,30
2023-08-18,1.6534137890830785,O2,30
2023-08-21,1.7291511608235883,O2,30
2023-08-22,1.791159172887274,O2,30
2023-08-23,1.7570225946276257,O2,30
2023-08-24,1.6881653342258658,O2,30
2023-08-25,1.769076660030962,O2,30
2023-08-28,1.8236487170987228,O2,30
2023-08-29,1.8566435393484817,O2,30
2023-08-31,1.9601285881814479,O2,30
2023-09-01,2.0258660533374044,O2,30
2023-09-04,2.085960418888063,O2,30
2023-09-05,2.09415974863645,O2,30
2023-09-06,2.087956895199606,O2,30
2023-09-07,2.1441317904962403,O2,30
2023-09-08,2.097052674533798,O2,30
2023-09-11,2.052544625520885,O2,30
2023-09-12,2.0859762007949483,O2,30
2023-09-13,2.070038324098269,O2,30
2023-09-14,2.1367600051121203,O2,30
2023-09-15,2.1190912904930768,O2,30
2023-09-18,2.0970142880171734,O2,30
2023-09-19,2.1342209904280027,O2,30
2023-09-20,2.1826157083471873,O2,30
2023-09-21,2.296168625153384,O2,30
2023-09-22,2.3807094349584506,O2,30
2023-09-25,2.497158082427581,O2,30
2023-09-26,2.3924401077116797,O2,30
2023-09-27,2.328192170055838,O2,30
2023-09-28,2.2758190076243534,O2,30
2023-09-29,2.2326252228227608,O2,30
2023-10-02,2.312000546345083,O2,30
2023-10-03,2.3384462716996675,O2,30
2023-10-04,2.293740724441663,O2,30
2023-10-05,2.3193116492072217,O2,30
2023-10-06,2.332651871293357,O2,30
2023-10-09,2.2047730716945795,O2,30
2023-10-10,2.319273321174166,O2,30
2023-10-11,2.2914273779374605,O2,30
2023-10-12,2.2928341986432854,O2,30
2023-10-13,2.2465193283252693,O2,30
2023-10-16,2.1469572068070453,O2,30
2023-10-17,2.2602906994873955,O2,30
2023-10-18,2.2505905227197376,O2,30
2023-10-19,2.2772083263152254,O2,30
2023-10-20,2.182391221949917,O2,30
2023-10-23,2.284743794345725,O2,30
2023-10-24,2.377901894068787,O2,30
2023-10-25,2.1926733995622474,O2,30
2023-10-26,2.340585494059437,O2,30
2023-10-27,2.3929388805148357,O2,30
2023-10-30,2.4472552119209774,O2,30
2023-02-02,1.0,O2,50
2023-02-03,1.0382611121214498,O2,50
2023-02-06,1.0168824701141685,O2,50
2023-02-07,0.9195159451641539,O2,50
2023-02-08,0.8409560329290313,O2,50
2023-02-15,1.0029879792325056,O2,50
2023-02-16,0.9898732593760687,O2,50
2023-02-17,0.997904014564491,O2,50
2023-02-20,1.048378384611114,O2,50
2023-02-21,1.0426317519461057,O2,50
2023-02-22,1.034480567082633,O2,50
2023-02-23,1.0704305410902333,O2,50
2023-02-24,1.0613123837970317,O2,50
2023-02-27,1.0696023940432549,O2,50
2023-02-28,1.0774035934712638,O2,50
2023-03-01,1.0942693927062994,O2,50
2023-03-02,1.0813786742380025,O2,50
2023-03-03,1.054103214176004,O2,50
2023-03-06,1.0841328028497976,O2,50
2023-03-07,1.0848325796442224,O2,50
2023-03-08,1.05976516862112,O2,50
2023-03-09,1.0645014393682053,O2,50
2023-03-10,1.0567064970366915,O2,50
2023-03-13,1.0318632387684001,O2,50
2023-03-14,0.9963851689611896,O2,50
2023-03-15,0.9726155236227685,O2,50
2023-03-16,0.9959599588922742,O2,50
2023-03-17,0.9983386078018553,O2,50
2023-03-20,0.963481240771242,O2,50
2023-03-21,0.9510921822439702,O2,50
2023-03-22,0.9645321551037106,O2,50
2023-03-23,0.9826042965800468,O2,50
2023-03-24,0.9706453148236398,O2,50
2023-03-27,0.954694593566749,O2,50
2023-03-28,0.8990201055619809,O2,50
2023-03-29,0.9115306734024733,O2,50
2023-03-30,0.9056547740921889,O2,50
2023-03-31,0.8809052008824942,O2,50
2023-04-03,0.8808327470288274,O2,50
2023-04-04,0.9089312999062956,O2,50
2023-04-05,0.9006484922149937,O2,50
2023-04-06,0.9046318425186506,O2,50
2023-04-07,0.927386310195876,O2,50
2023-04-10,0.986457171732811,O2,50
2023-04-11,0.9962123571224109,O2,50
2023-04-12,0.9827800887167163,O2,50
2023-04-13,0.9938285938437807,O2,50
2023-04-14,0.9803298634668405,O2,50
2023-04-17,0.9679311749553541,O2,50
2023-04-18,0.956235068465045,O2,50
2023-04-19,0.9697844986339161,O2,50
2023-04-20,0.9537219646826277,O2,50
2023-04-24,0.9561158692158318,O2,50
2023-04-25,0.9329255272748681,O2,50
2023-04-26,0.9106438513255893,O2,50
2023-04-27,0.9208906934017107,O2,50
2023-04-28,0.8879114582635446,O2,50
2023-05-02,0.8396517680853233,O2,50
2023-05-03,0.8068816006270461,O2,50
2023-05-04,0.8134082167339982,O2,50
2023-05-05,0.7950232619045778,O2,50
2023-05-08,0.7958820063519758,O2,50
2023-05-09,0.7883329628869429,O2,50
2023-05-10,0.7906482321207553,O2,50
2023-05-11,0.8365579715890014,O2,50
2023-05-12,0.8196995663221056,O2,50
2023-05-15,0.7959170415269379,O2,50
2023-05-16,0.8214204198589343,O2,50
2023-05-17,0.8534797283858582,O2,50
2023-05-18,0.8246894393375173,O2,50
2023-05-22,0.8316310076318195,O2,50
2023-05-23,0.825465261280167,O2,50
2023-05-24,0.8264451087839144,O2,50
2023-05-25,0.839771296265149,O2,50
2023-05-26,0.8602392570987807,O2,50
2023-05-29,0.8917975673635882,O2,50
2023-05-30,0.9088560725696195,O2,50
2023-05-31,0.9269519269147767,O2,50
2023-06-01,0.950170825769143,O2,50
2023-06-02,0.9699659411965248,O2,50
2023-06-05,1.0206519363471773,O2,50
2023-06-06,1.0028333616507388,O2,50
2023-06-07,1.0262020218584438,O2,50
2023-06-08,1.0313226910834115,O2,50
2023-06-09,1.053528656770179,O2,50
2023-06-12,1.0446875541270582,O2,50
2023-06-13,0.9982809991937663,O2,50
2023-06-14,1.0044333936914913,O2,50
2023-06-15,1.0197570885478486,O2,50
2023-06-16,1.0186929769481194,O2,50
2023-06-19,0.9772609335372185,O2,50
2023-06-20,0.9648748937151345,O2,50
2023-06-21,0.9514470705769338,O2,50
2023-06-22,0.995117298607349,O2,50
2023-06-23,1.0233779689476243,O2,50
2023-06-26,1.0448279727182919,O2,50
2023-06-27,1.0543056723239035,O2,50
2023-07-03,1.0988466387761495,O2,50
2023-07-04,1.096873409338414,O2,50
2023-07-05,1.1076878482247738,O2,50
2023-07-06,1.1106157133145544,O2,50
2023-07-07,1.132125219500433,O2,50
2023-07-10,1.1741628868327982,O2,50
2023-07-11,1.1751565980971233,O2,50
2023-07-12,1.1799219508166057,O2,50
2023-07-13,1.203912133299816,O2,50
2023-07-14,1.2278379207676313,O2,50
2023-07-17,1.2602884528428957,O2,50
2023-07-18,1.207044567351,O2,50
2023-07-19,1.2512090823845903,O2,50
2023-07-20,1.2989160427353375,O2,50
2023-07-21,1.3194607796921338,O2,50
2023-07-24,1.364998659205889,O2,50
2023-07-25,1.349518614734075,O2,50
2023-07-26,1.355278811052049,O2,50
2023-07-27,1.3700556112729072,O2,50
2023-07-28,1.3885301257340334,O2,50
2023-07-31,1.430084138128991,O2,50
2023-08-01,1.436628447220498,O2,50
2023-08-02,1.4656729917944102,O2,50
2023-08-03,1.530340094944827,O2,50
2023-08-04,1.556773150669529,O2,50
2023-08-07,1.6073890821832155,O2,50
2023-08-08,1.6176150351699896,O2,50
2023-08-09,1.6408961153837234,O2,50
2023-08-10,1.6331930784912039,O2,50
2023-08-11,1.7132372947509997,O2,50
2023-08-14,1.7217556473424267,O2,50
2023-08-15,1.6996671927410387,O2,50
2023-08-16,1.697374470463644,O2,50
2023-08-17,1.709241390485515,O2,50
2023-08-18,1.644679362945757,O2,50
2023-08-21,1.7201326617730577,O2,50
2023-08-22,1.7819080964944822,O2,50
2023-08-23,1.7478995564412088,O2,50
2023-08-24,1.6793005632872875,O2,50
2023-08-25,1.7599084099049642,O2,50
2023-08-28,1.8142757801335228,O2,50
2023-08-29,1.847146846632826,O2,50
2023-08-31,1.9502437475987613,O2,50
2023-09-01,2.015734647118696,O2,50
2023-09-04,2.075603612961164,O2,50
2023-09-05,2.083772188968901,O2,50
2023-09-06,2.077592600963713,O2,50
2023-09-07,2.133556797555211,O2,50
2023-09-08,2.086654264187535,O2,50
2023-09-11,2.0423131543072306,O2,50
2023-09-12,2.075619335673861,O2,50
2023-09-13,2.0597412381715148,O2,50
2023-09-14,2.12621266198916,O2,50
2023-09-15,2.1086102185268665,O2,50
2023-09-18,2.086616021649628,O2,50
2023-09-19,2.123683170546758,O2,50
2023-09-20,2.1718963713603534,O2,50
2023-09-21,2.2850233781152873,O2,50
2023-09-22,2.3692470953995213,O2,50
2023-09-25,2.4852589716186646,O2,50
2023-09-26,2.380933769182278,O2,50
2023-09-27,2.316926810298186,O2,50
2023-09-28,2.264750087173796,O2,50
2023-09-29,2.2217183120115553,O2,50
2023-10-02,2.300795917526614,O2,50
2023-10-03,2.327142451239467,O2,50
2023-10-04,2.2826045838831326,O2,50
2023-10-05,2.3080795981764273,O2,50
2023-10-06,2.3213697842543977,O2,50
2023-10-09,2.1939706276945175,O2,50
2023-10-10,2.308041413902731,O2,50
2023-10-11,2.280299914192841,O2,50
2023-10-12,2.2817014582479573,O2,50
2023-10-13,2.2355603040206087,O2,50
2023-10-16,2.1363716163997455,O2,50
2023-10-17,2.2492800220366718,O2,50
2023-10-18,2.2396162283307666,O2,50
2023-10-19,2.2661341948598652,O2,50
2023-10-20,2.171672726958302,O2,50
2023-10-23,2.2736413991375226,O2,50
2023-10-24,2.366450084929665,O2,50
2023-10-25,2.1819163385617877,O2,50
2023-10-26,2.329273649883681,O2,50
2023-10-27,2.3814306712069793,O2,50
2023-10-30,2.435543274940207,O2,50
2023-02-02,1.0,O2,100
2023-02-03,1.0332611121214497,O2,100
2023-02-06,1.0118824701141687,O2,100
2023-02-07,0.914515945164154,O2,100
2023-02-08,0.8359560329290312,O2,100
2023-02-15,0.9979879792325057,O2,100
2023-02-16,0.9848732593760688,O2,100
2023-02-17,0.992904014564491,O2,100
2023-02-20,1.0433783846111142,O2,100
2023-02-21,1.0376317519461056,O2,100
2023-02-22,1.029480567082633,O2,100
2023-02-23,1.0654305410902334,O2,100
2023-02-24,1.0563123837970316,O2,100
2023-02-27,1.0646023940432547,O2,100
2023-02-28,1.0724035934712637,O2,100
2023-03-01,1.0892693927062995,O2,100
2023-03-02,1.0763786742380026,O2,100
2023-03-03,1.0491032141760042,O2,100
2023-03-06,1.0791328028497975,O2,100
2023-03-07,1.0798325796442223,O2,100
2023-03-08,1.0547651686211201,O2,100
2023-03-09,1.0595014393682052,O2,100
2023-03-10,1.0517064970366916,O2,100
2023-03-13,1.0268632387684002,O2,100
2023-03-14,0.9913851689611896,O2,100
2023-03-15,0.9676155236227684,O2,100
2023-03-16,0.9909599588922741,O2,100
2023-03-17,0.9933386078018553,O2,100
2023-03-20,0.9584812407712421,O2,100
2023-03-21,0.9460921822439701,O2,100
2023-03-22,0.9595321551037105,O2,100
2023-03-23,0.9776042965800469,O2,100
2023-03-24,0.9656453148236398,O2,100
2023-03-27,0.949694593566749,O2,100
2023-03-28,0.894020105561981,O2,100
2023-03-29,0.9065306734024734,O2,100
2023-03-30,0.9006547740921887,O2,100
2023-03-31,0.8759052008824942,O2,100
2023-04-03,0.8758327470288275,O2,100
2023-04-04,0.9039312999062955,O2,100
2023-04-05,0.8956484922149938,O2,100
2023-04-06,0.8996318425186506,O2,100
2023-04-07,0.922386310195876,O2,100
2023-04-10,0.9814571717328109,O2,100
2023-04-11,0.9912123571224108,O2,100
2023-04-12,0.9777800887167162,O2,100
2023-04-13,0.9888285938437807,O2,100
2023-04-14,0.9753298634668404,O2,100
2023-04-17,0.962931174955354,O2,100
2023-04-18,0.951235068465045,O2,100
2023-04-19,0.9647844986339161,O2,100
2023-04-20,0.9487219646826276,O2,100
2023-04-24,0.9511158692158317,O2,100
2023-04-25,0.9279255272748681,O2,100
2023-04-26,0.9056438513255893,O2,100
2023-04-27,0.9158906934017107,O2,100
2023-04-28,0.8829114582635444,O2,100
2023-05-02,0.8346517680853234,O2,100
2023-05-03,0.801881600627046,O2,100
2023-05-04,0.8084082167339983,O2,100
2023-05-05,0.7900232619045777,O2,100
2023-05-08,0.7860485534089323,O2,100
2023-05-09,0.7785467049794735,O2,100
2023-05-10,0.7808474996358963,O2,100
2023-05-11,0.8264702210471607,O2,100
2023-05-12,0.8097172109922516,O2,100
2023-05-15,0.7860833695513327,O2,100
2023-05-16,0.8114273061138897,O2,100
2023-05-17,0.8432861865715595,O2,100
2023-05-18,0.8146758883686973,O2,100
2023-05-22,0.8215740594347141,O2,100
2023-05-23,0.8154468600353684,O2,100
2023-05-24,0.8164205817381434,O2,100
2023-05-25,0.8296634566917505,O2,100
2023-05-26,0.8500034561294583,O2,100
2023-05-29,0.8813644704610119,O2,100
2023-05-30,0.898316329472228,O2,100
2023-05-31,0.9162990523334401,O2,100
2023-06-01,0.9393727915046625,O2,100
2023-06-02,0.9590441520244036,O2,100
2023-06-05,1.009413268969847,O2,100
2023-06-06,0.9917060922631766,O2,100
2023-06-07,1.014928656511184,O2,100
2023-06-08,1.0200173123867313,O2,100
2023-06-09,1.0420844510359546,O2,100
2023-06-12,1.03329862111125,O2,100
2023-06-13,0.9871821902209706,O2,100
2023-06-14,0.9932961212393778,O2,100
2023-06-15,1.0085240155711754,O2,100
2023-06-16,1.0074665565738639,O2,100
2023-06-19,0.96629353760384,O2,100
2023-06-20,0.953984932703509,O2,100
2023-06-21,0.9406410574977351,O2,100
2023-06-22,0.9840382684267158,O2,100
2023-06-23,1.0121222589865346,O2,100
2023-06-26,1.0334381618349182,O2,100
2023-06-27,1.0428566088514941,O2,100
2023-07-03,1.087119114528417,O2,100
2023-07-04,1.0851582213070432,O2,100
2023-07-05,1.0959050505908992,O2,100
2023-07-06,1.0988146112825519,O2,100
2023-07-07,1.1201896445495332,O2,100
2023-07-10,1.1619645012073543,O2,100
2023-07-11,1.1629519999973859,O2,100
2023-07-12,1.1676875607316768,O2,100
2023-07-13,1.1915277616283495,O2,100
2023-07-14,1.2153039700937502,O2,100
2023-07-17,1.2475516282522348,O2,100
2023-07-18,1.1946406123591882,O2,100
2023-07-19,1.238529020112726,O2,100
2023-07-20,1.2859377265586815,O2,100
2023-07-21,1.3063540221313437,O2,100
2023-07-24,1.3516072083785173,O2,100
2023-07-25,1.336223941896249,O2,100
2023-07-26,1.3419481266756221,O2,100
2023-07-27,1.356632545442416,O2,100
2023-07-28,1.374991561116014,O2,100
2023-07-31,1.4162857865456016,O2,100
2023-08-01,1.4227891819899936,O2,100
2023-08-02,1.4516521461662364,O2,100
2023-08-03,1.5159149641581697,O2,100
2023-08-04,1.5358408089077689,O2,100
2023-08-07,1.5859807923509897,O2,100
2023-08-08,1.5961105893954113,O2,100
2023-08-09,1.619172754637619,O2,100
2023-08-10,1.6115421503851022,O2,100
2023-08-11,1.6908337006533516,O2,100
2023-08-14,1.6992719540870984,O2,100
2023-08-15,1.6773912000462394,O2,100
2023-08-16,1.675120036529326,O2,100
2023-08-17,1.6868753703861723,O2,100
2023-08-18,1.6229204278394977,O2,100
2023-08-21,1.6976642296583826,O2,100
2023-08-22,1.7588587820749961,O2,100
2023-08-23,1.7251700286686074,O2,100
2023-08-24,1.6572160806111824,O2,100
2023-08-25,1.737065961349051,O2,100
2023-08-28,1.7909221082496425,O2,100
2023-08-29,1.8234840839112068,O2,100
2023-08-31,1.9256115515462062,O2,100
2023-09-01,1.99048663177116,O2,100
2023-09-04,2.049792642079246,O2,100
2023-09-05,2.0578844079232055,O2,100
2023-09-06,2.0517629273735043,O2,100
2023-09-07,2.107200885474742,O2,100
2023-09-08,2.0607393826203593,O2,100
2023-09-11,2.016815217861061,O2,100
2023-09-12,2.049808216949267,O2,100
2023-09-13,2.0340794232262436,O2,100
2023-09-14,2.099925807753669,O2,100
2023-09-15,2.0824888823160532,O2,100
2023-09-18,2.0607014996819215,O2,100
2023-09-19,2.097420101442455,O2,100
2023-09-20,2.1451799473693187,O2,100
2023-09-21,2.257243206427186,O2,100
2023-09-22,2.340674957337788,O2,100
2023-09-25,2.4555959590637357,O2,100
2023-09-26,2.3522517398339335,O2,100
2023-09-27,2.288846646561443,O2,100
2023-09-28,2.2371605478304333,O2,100
2023-09-29,2.194533405947571,O2,100
2023-10-02,2.2728674346354056,O2,100
2023-10-03,2.2989662285258534,O2,100
2023-10-04,2.254847156426209,O2,100
2023-10-05,2.280082625905542,O2,100
2023-10-06,2.2932478426659326,O2,100
2023-10-09,2.167046636651074,O2,100
2023-10-10,2.2800448006834486,O2,100
2023-10-11,2.2525641578394486,O2,100
2023-10-12,2.2539525229967605,O2,100
2023-10-13,2.208245239937378,O2,100
2023-10-16,2.1099892362180737,O2,100
2023-10-17,2.2218359496921725,O2,100
2023-10-18,2.2122630258730833,O2,100
2023-10-19,2.2385316405751032,O2,100
2023-10-20,2.1449584059241515,O2,100
2023-10-23,2.2459682536518546,O2,100
2023-10-24,2.337904247514712,O2,100
2023-10-25,2.1551056955390555,O2,100
2023-10-26,2.301077387236944,O2,100
2023-10-27,2.352743969425415,O2,100
2023-10-30,2.406347745432578,O2,100
2024-01-23,1.0,O3,0
2024-01-24,1.0077469751564703,O3,0
2024-01-25,1.011699763223796,O3,0
2024-01-26,1.0452903669988955,O3,0
2024-01-29,1.0639708318997267,O3,0
2024-01-30,1.0581903819504603,O3,0
2024-01-31,1.0579460928064188,O3,0
2024-02-01,1.0845209984122282,O3,0
2024-02-02,1.0897028409748362,O3,0
2024-02-05,1.0973298000229164,O3,0
2024-02-06,1.1035640990254902,O3,0
2024-02-07,1.1042301706183946,O3,0
2024-02-08,1.1199223565821432,O3,0
2024-02-09,1.132828623212708,O3,0
2024-02-12,1.1398377788719574,O3,0
2024-02-13,1.1102496214708228,O3,0
2024-02-14,1.1187666756895793,O3,0
2024-02-15,1.1356030215592292,O3,0
2024-02-16,1.125181952709044,O3,0
2024-02-19,1.1147941656672036,O3,0
2024-02-20,1.134414547814384,O3,0
2024-02-21,1.1274676261611585,O3,0
2024-02-22,1.13013736622028,O3,0
2024-02-23,1.1428800868866833,O3,0
2024-02-26,1.1372069437020873,O3,0
2024-02-27,1.1153972126004086,O3,0
2024-02-28,1.1007279175257854,O3,0
2024-02-29,1.1205617216176802,O3,0
2024-03-01,1.0983099398265221,O3,0
2024-03-04,1.0802697151058016,O3,0
2024-03-05,1.0802471153572588,O3,0
2024-03-06,1.069071290650072,O3,0
2024-03-07,1.0985801277220195,O3,0
2024-03-08,1.1009012785493806,O3,0
2024-03-11,1.0987836580676236,O3,0
2024-03-12,1.0883512493924468,O3,0
2024-03-13,1.0680084185142602,O3,0
2024-03-14,1.0650190961411,O3,0
2024-03-15,1.0581045591815101,O3,0
2024-03-18,1.0491030939119053,O3,0
2024-03-19,1.070769157785048,O3,0
2024-03-20,1.0688073896594352,O3,0
2024-03-21,1.0962799392213756,O3,0
2024-03-22,1.0921808654655698,O3,0
2024-03-25,1.0844480553028135,O3,0
2024-03-26,1.0583393540721686,O3,0
2024-03-27,1.0643817850678579,O3,0
2024-03-28,1.0906444387570844,O3,0
2024-03-29,1.0919604135818013,O3,0
2024-04-01,1.1046125014369652,O3,0
2024-04-02,1.1037684159287018,O3,0
2024-04-03,1.1042665366663356,O3,0
2024-04-04,1.1353594739979107,O3,0
2024-04-05,1.197548238625922,O3,0
2024-04-08,1.2061934326771069,O3,0
2024-04-09,1.2061934326771069,O3,0
2024-04-15,1.1758926990432275,O3,0
2024-04-16,1.1707280428634241,O3,0
2024-04-17,1.1749862525424155,O3,0
2024-04-18,1.1626816113432112,O3,0
2024-04-19,1.1915000066098649,O3,0
2024-04-22,1.19875176298642,O3,0
2024-04-24,1.2134878394653692,O3,0
2024-04-25,1.2231747959764592,O3,0
2024-04-26,1.2524785869268482,O3,0
2024-04-29,1.2746836492344393,O3,0
2024-04-30,1.2747853278469146,O3,0
2024-05-02,1.3003891620783699,O3,0
2024-05-03,1.2867208616900276,O3,0
2024-05-06,1.292310116455609,O3,0
2024-05-07,1.3051910192888434,O3,0
2024-05-08,1.293294971769644,O3,0
2024-05-09,1.2933783525572207,O3,0
2024-05-10,1.3028617964325917,O3,0
2024-05-13,1.2914902882904489,O3,0
2024-05-14,1.3047578641161726,O3,0
2024-05-15,1.2903875931654925,O3,0
2024-05-16,1.3092651141843759,O3,0
2024-05-17,1.3453025236078857,O3,0
2024-05-20,1.3554226826595808,O3,0
2024-05-21,1.373563574246345,O3,0
2024-05-22,1.389598218994504,O3,0
2024-05-23,1.3819883018421288,O3,0
2024-05-24,1.3567131813294004,O3,0
2024-05-27,1.3552445167118004,O3,0
2024-05-28,1.362665186294617,O3,0
2024-05-29,1.3502814954235616,O3,0
2024-05-30,1.3481748828521471,O3,0
2024-05-31,1.324269041879837,O3,0
2024-06-03,1.3304431213266688,O3,0
2024-06-04,1.3058803942306227,O3,0
2024-06-05,1.3038302692781978,O3,0
2024-06-06,1.2861120480825976,O3,0
2024-06-07,1.2778063438599432,O3,0
2024-06-10,1.2517040875077998,O3,0
2024-06-11,1.2578641097437082,O3,0
2024-06-12,1.2881530734036943,O3,0
2024-06-13,1.3151330423939802,O3,0
2024-06-14,1.3331663128496445,O3,0
2024-06-20,1.361189826465625,O3,0
2024-06-21,1.3512534988774834,O3,0
2024-06-24,1.3651513525177235,O3,0
2024-06-25,1.3616854287384468,O3,0
2024-06-26,1.3430543191310684,O3,0
2024-06-27,1.3660202332566607,O3,0
2024-06-28,1.3673194726197058,O3,0
2024-07-01,1.3319014975090118,O3,0
2024-07-02,1.3330245214960508,O3,0
2024-07-03,1.3628227802085309,O3,0
2024-07-04,1.3947770566044881,O3,0
2024-07-05,1.3822932418708807,O3,0
2024-07-08,1.3629825805969447,O3,0
2024-07-09,1.3594034335415175,O3,0
2024-07-10,1.3637039649573168,O3,0
2024-07-11,1.383975427741174,O3,0
2024-07-12,1.3866039166485107,O3,0
2024-07-16,1.3990450143823916,O3,0
2024-07-17,1.394839336800923,O3,0
2024-07-18,1.3793531232733531,O3,0
2024-07-19,1.3805369072830365,O3,0
2024-07-22,1.3941722501816494,O3,0
2024-07-23,1.3678449362739846,O3,0
2024-07-24,1.3624505379413738,O3,0
2024-07-25,1.3694570198508933,O3,0
2024-07-26,1.3636854721638245,O3,0
2024-07-29,1.349775913479099,O3,0
2024-07-30,1.3428288318155797,O3,0
2024-07-31,1.3311600879322316,O3,0
2024-08-01,1.3454706779096095,O3,0
2024-08-02,1.3151717227871318,O3,0
2024-08-05,1.24482027663143,O3,0
2024-08-06,1.2446144427497199,O3,0
2024-08-07,1.2635232424210985,O3,0
2024-08-08,1.2779066332512659,O3,0
2024-08-09,1.263807930355173,O3,0
2024-08-12,1.2453444270282525,O3,0
2024-08-13,1.256317192778901,O3,0
2024-08-14,1.2467236073028696,O3,0
2024-08-15,1.2629815486795353,O3,0
2024-08-16,1.2426301221179203,O3,0
2024-08-19,1.275441286027576,O3,0
2024-08-20,1.2648125602243188,O3,0
2024-08-21,1.248520712002181,O3,0
2024-08-22,1.2487624050636463,O3,0
2024-08-23,1.222987292022484,O3,0
2024-08-26,1.205725754918593,O3,0
2024-08-27,1.2334841352794121,O3,0
2024-08-28,1.2444703917382824,O3,0
2024-08-29,1.244405488756258,O3,0
2024-09-02,1.2720289493693788,O3,0
2024-09-03,1.2572762784888818,O3,0
2024-09-04,1.2500102685314165,O3,0
2024-09-05,1.2536826580032705,O3,0
2024-09-06,1.2379328669412837,O3,0
2024-09-09,1.2279726743287682,O3,0
2024-09-10,1.2212795058638346,O3,0
2024-09-11,1.2021555372462345,O3,0
2024-09-12,1.2132335844292248,O3,0
2024-09-13,1.2262538055938346,O3,0
2024-09-16,1.2061824341508627,O3,0
2024-09-17,1.224091129350197,O3,0
2024-09-18,1.218346882309209,O3,0
2024-09-19,1.2400631992882085,O3,0
2024-09-20,1.2313199081984765,O3,0
2024-09-23,1.2178605355116363,O3,0
2024-09-24,1.228368560377714,O3,0
2024-09-25,1.206247236371883,O3,0
2024-09-26,1.1995441467166907,O3,0
2024-09-27,1.2118847119662117,O3,0
2024-09-30,1.207184445490123,O3,0
2024-10-01,1.1684901297512567,O3,0
2024-10-02,1.1428417467047547,O3,0
2024-10-03,1.125611744106713,O3,0
2024-10-04,1.1422066045442778,O3,0
2024-10-07,1.1279000754088677,O3,0
2024-10-08,1.1169633464283348,O3,0
2024-10-09,1.1309459891206357,O3,0
2024-10-10,1.1125071125217973,O3,0
2024-10-11,1.104199701970055,O3,0
2024-10-14,1.0750236864702292,O3,0
2024-10-15,1.0938528324900474,O3,0
2024-10-16,1.1131177006609947,O3,0
2024-01-23,1.0,O3,30
2024-01-24,1.0047469751564702,O3,30
2024-01-25,1.0086997632237962,O3,30
2024-01-26,1.0422903669988954,O3,30
2024-01-29,1.0609708318997266,O3,30
2024-01-30,1.0551903819504604,O3,30
2024-01-31,1.054946092806419,O3,30
2024-02-01,1.081520998412228,O3,30
2024-02-02,1.0867028409748363,O3,30
2024-02-05,1.0943298000229162,O3,30
2024-02-06,1.1005640990254901,O3,30
2024-02-07,1.1012301706183947,O3,30
2024-02-08,1.1169223565821431,O3,30
2024-02-09,1.129828623212708,O3,30
2024-02-12,1.1368377788719572,O3,30
2024-02-13,1.1072496214708232,O3,30
2024-02-14,1.1157666756895792,O3,30
2024-02-15,1.132603021559229,O3,30
2024-02-16,1.1221819527090442,O3,30
2024-02-19,1.1117941656672037,O3,30
2024-02-20,1.1314145478143838,O3,30
2024-02-21,1.1244676261611584,O3,30
2024-02-22,1.1271373662202802,O3,30
2024-02-23,1.1398800868866832,O3,30
2024-02-26,1.1342069437020874,O3,30
2024-02-27,1.1123972126004085,O3,30
2024-02-28,1.0977279175257852,O3,30
2024-02-29,1.11756172161768,O3,30
2024-03-01,1.095309939826522,O3,30
2024-03-04,1.0772697151058017,O3,30
2024-03-05,1.0772471153572587,O3,30
2024-03-06,1.066071290650072,O3,30
2024-03-07,1.0955801277220196,O3,30
2024-03-08,1.0979012785493807,O3,30
2024-03-11,1.0957836580676235,O3,30
2024-03-12,1.0853512493924466,O3,30
2024-03-13,1.0650084185142603,O3,30
2024-03-14,1.0620190961411,O3,30
2024-03-15,1.05510455918151,O3,30
2024-03-18,1.0461030939119051,O3,30
2024-03-19,1.0677691577850479,O3,30
2024-03-20,1.0658073896594353,O3,30
2024-03-21,1.0932799392213757,O3,30
2024-03-22,1.0891808654655697,O3,30
2024-03-25,1.0814480553028134,O3,30
2024-03-26,1.0553393540721685,O3,30
2024-03-27,1.061381785067858,O3,30
2024-03-28,1.0876444387570843,O3,30
2024-03-29,1.0889604135818014,O3,30
2024-04-01,1.1016125014369653,O3,30
2024-04-02,1.1007684159287017,O3,30
2024-04-03,1.1012665366663357,O3,30
2024-04-04,1.1323594739979106,O3,30
2024-04-05,1.1945482386259219,O3,30
2024-04-08,1.203193432677107,O3,30
2024-04-09,1.203193432677107,O3,30
2024-04-15,1.1728926990432273,O3,30
2024-04-16,1.1677280428634242,O3,30
2024-04-17,1.1719862525424156,O3,30
2024-04-18,1.1596816113432113,O3,30
2024-04-19,1.1885000066098648,O3,30
2024-04-22,1.1912232628433954,O3,30
2024-04-24,1.205922640970429,O3,30
2024-04-25,1.2155854733301854,O3,30
2024-04-26,1.2448162868612251,O3,30
2024-04-29,1.2669660502436217,O3,30
2024-04-30,1.2670674756382538,O3,30
2024-05-02,1.2926075467289324,O3,30
2024-05-03,1.2789732855299538,O3,30
2024-05-06,1.2845486209569223,O3,30
2024-05-07,1.2973974455157367,O3,30
2024-05-08,1.2855310236122086,O3,30
2024-05-09,1.285614196750382,O3,30
2024-05-10,1.2950740232971372,O3,30
2024-05-13,1.2837308344710763,O3,30
2024-05-14,1.296965369061745,O3,30
2024-05-15,1.2826308854701511,O3,30
2024-05-16,1.30146139438845,O3,30
2024-05-17,1.337409057159583,O3,30
2024-05-20,1.3475040132233014,O3,30
2024-05-21,1.3655997271927762,O3,30
2024-05-22,1.3815944396674666,O3,30
2024-05-23,1.374003474060172,O3,30
2024-05-24,1.3487912980678947,O3,30
2024-05-27,1.3473262909754884,O3,30
2024-05-28,1.3547284803105817,O3,30
2024-05-29,1.3423756294698594,O3,30
2024-05-30,1.3402742631530775,O3,30
2024-05-31,1.3164279566821049,O3,30
2024-06-03,1.3225866603577385,O3,30
2024-06-04,1.2980851036556083,O3,30
2024-06-05,1.2960400842824795,O3,30
2024-06-06,1.2783659880965232,O3,30
2024-06-07,1.2700809681894607,O3,30
2024-06-10,1.244043716235929,O3,30
2024-06-11,1.2501883977083617,O3,30
2024-06-12,1.2804019304998162,O3,30
2024-06-13,1.3073147092581496,O3,30
2024-06-14,1.3253030701134656,O3,30
2024-06-20,1.3532567946803689,O3,30
2024-06-21,1.3433452122709795,O3,30
2024-06-24,1.3572084550482473,O3,30
2024-06-25,1.353751162717833,O3,30
2024-06-26,1.3351664515542965,O3,30
2024-06-27,1.3580751719485817,O3,30
2024-06-28,1.3593711757187994,O3,30
2024-07-01,1.3240414046369466,O3,30
2024-07-02,1.32516163187347,O3,30
2024-07-03,1.3548856817566006,O3,30
2024-07-04,1.386760380031335,O3,30
2024-07-05,1.3743076546739936,O3,30
2024-07-08,1.3550450841821715,O3,30
2024-07-09,1.3514748505439882,O3,30
2024-07-10,1.3557646720251897,O3,30
2024-07-11,1.3759856512711697,O3,30
2024-07-12,1.3786075942562543,O3,30
2024-07-16,1.3910177089952038,O3,30
2024-07-17,1.3868225051267449,O3,30
2024-07-18,1.3713748580734122,O3,30
2024-07-19,1.3725556940173573,O3,30
2024-07-22,1.386157079803105,O3,30
2024-07-23,1.3549036396066587,O3,30
2024-07-24,1.349540227382795,O3,30
2024-07-25,1.3565064631708756,O3,30
2024-07-26,1.3507680679863183,O3,30
2024-07-29,1.3369384075722535,O3,30
2024-07-30,1.33003123082762,O3,30
2024-07-31,1.318429513690281,O3,30
2024-08-01,1.3326579018223494,O3,30
2024-08-02,1.302532987744019,O3,30
2024-08-05,1.232585649224922,O3,30
2024-08-06,1.2323809976791553,O3,30
2024-08-07,1.2511811828050798,O3,30
2024-08-08,1.2654819536125987,O3,30
2024-08-09,1.2514642354555252,O3,30
2024-08-12,1.2331067888353333,O3,30
2024-08-13,1.2440165256267095,O3,30
2024-08-14,1.2344780469233902,O3,30
2024-08-15,1.2506426006211266,O3,30
2024-08-16,1.23040807523694,O3,30
2024-08-19,1.2630307676562942,O3,30
2024-08-20,1.252463094603182,O3,30
2024-08-21,1.236264828825198,O3,30
2024-08-22,1.2365051335710393,O3,30
2024-08-23,1.2108780760508855,O3,30
2024-08-26,1.1937156914071698,O3,30
2024-08-27,1.2213146241077548,O3,30
2024-08-28,1.2322377741150121,O3,30
2024-08-29,1.232173243943955,O3,30
2024-09-02,1.2596380318929983,O3,30
2024-09-03,1.2449701022266328,O3,30
2024-09-04,1.237745829152656,O3,30
2024-09-05,1.2413971239532382,O3,30
2024-09-06,1.2257378016902722,O3,30
2024-09-09,1.2158348216883956,O3,30
2024-09-10,1.2091800996327051,O3,30
2024-09-11,1.1901659815182986,O3,30
2024-09-12,1.2011803949921052,O3,30
2024-09-13,1.2141258263536556,O3,30
2024-09-16,1.194169747415962,O3,30
2024-09-17,1.2119755727968753,O3,30
2024-09-18,1.2062643214400226,O3,30
2024-09-19,1.227855897137788,O3,30
2024-09-20,1.219162828621883,O3,30
2024-09-23,1.2057807682801884,O3,30
2024-09-24,1.2162284337176255,O3,30
2024-09-25,1.1942341774047995,O3,30
2024-09-26,1.1875695911474267,O3,30
2024-09-27,1.1998392706237355,O3,30
2024-09-30,1.1951660030749018,O3,30
2024-10-01,1.156693952397207,O3,30
2024-10-02,1.131192896918538,O3,30
2024-10-03,1.1140618656424672,O3,30
2024-10-04,1.1305614030952513,O3,30
2024-10-07,1.1163370524791587,O3,30
2024-10-08,1.105463145458117,O3,30
2024-10-09,1.119365470075941,O3,30
2024-10-10,1.1010325087247794,O3,30
2024-10-11,1.092772816993727,O3,30
2024-10-14,1.0637643922303175,O3,30
2024-10-15,1.082485381245367,O3,30
2024-10-16,1.1016395895682018,O3,30
2024-01-23,1.0,O3,50
2024-01-24,1.0027469751564702,O3,50
2024-01-25,1.0066997632237962,O3,50
2024-01-26,1.0402903669988954,O3,50
2024-01-29,1.0589708318997266,O3,50
2024-01-30,1.0531903819504604,O3,50
2024-01-31,1.052946092806419,O3,50
2024-02-01,1.079520998412228,O3,50
2024-02-02,1.0847028409748363,O3,50
2024-02-05,1.0923298000229162,O3,50
2024-02-06,1.0985640990254901,O3,50
2024-02-07,1.0992301706183947,O3,50
2024-02-08,1.1149223565821431,O3,50
2024-02-09,1.127828623212708,O3,50
2024-02-12,1.1348377788719572,O3,50
2024-02-13,1.1052496214708232,O3,50
2024-02-14,1.1137666756895792,O3,50
2024-02-15,1.130603021559229,O3,50
2024-02-16,1.1201819527090442,O3,50
2024-02-19,1.1097941656672037,O3,50
2024-02-20,1.1294145478143838,O3,50
2024-02-21,1.1224676261611584,O3,50
2024-02-22,1.1251373662202802,O3,50
2024-02-23,1.1378800868866832,O3,50
2024-02-26,1.1322069437020874,O3,50
2024-02-27,1.1103972126004085,O3,50
2024-02-28,1.0957279175257852,O3,50
2024-02-29,1.1155617216176799,O3,50
2024-03-01,1.093309939826522,O3,50
2024-03-04,1.0752697151058017,O3,50
2024-03-05,1.0752471153572587,O3,50
2024-03-06,1.064071290650072,O3,50
2024-03-07,1.0935801277220196,O3,50
2024-03-08,1.0959012785493807,O3,50
2024-03-11,1.0937836580676235,O3,50
2024-03-12,1.0833512493924466,O3,50
2024-03-13,1.0630084185142603,O3,50
2024-03-14,1.0600190961411,O3,50
2024-03-15,1.05310455918151,O3,50
2024-03-18,1.0441030939119051,O3,50
2024-03-19,1.065769157785048,O3,50
2024-03-20,1.063807389659435,O3,50
2024-03-21,1.0912799392213757,O3,50
2024-03-22,1.0871808654655697,O3,50
2024-03-25,1.0794480553028136,O3,50
2024-03-26,1.0533393540721685,O3,50
2024-03-27,1.059381785067858,O3,50
2024-03-28,1.0856444387570843,O3,50
2024-03-29,1.0869604135818014,O3,50
2024-04-01,1.099612501436965,O3,50
2024-04-02,1.0987684159287017,O3,50
2024-04-03,1.0992665366663357,O3,50
2024-04-04,1.1303594739979106,O3,50
2024-04-05,1.1925482386259219,O3,50
2024-04-08,1.201193432677107,O3,50
2024-04-09,1.201193432677107,O3,50
2024-04-15,1.1708926990432273,O3,50
2024-04-16,1.1657280428634242,O3,50
2024-04-17,1.1699862525424156,O3,50
2024-04-18,1.1576816113432113,O3,50
2024-04-19,1.1865000066098648,O3,50
2024-04-22,1.1862102627480458,O3,50
2024-04-24,1.2008851753071352,O3,50
2024-04-25,1.2105319248993365,O3,50
2024-04-26,1.2397140868174765,O3,50
2024-04-29,1.2618269842497434,O3,50
2024-04-30,1.26192824083248,O3,50
2024-05-02,1.287425803162641,O3,50
2024-05-03,1.273814234756571,O3,50
2024-05-06,1.2793802906244647,O3,50
2024-05-07,1.2922077296669991,O3,50
2024-05-08,1.2803610581739187,O3,50
2024-05-09,1.2804440928791563,O3,50
2024-05-10,1.2898881745401676,O3,50
2024-05-13,1.278563865258161,O3,50
2024-05-14,1.291776372358794,O3,50
2024-05-15,1.2774657470065907,O3,50
2024-05-16,1.2962649145245002,O3,50
2024-05-17,1.3321527461940483,O3,50
2024-05-20,1.3422309002657822,O3,50
2024-05-21,1.36029649582373,O3,50
2024-05-22,1.376264586782775,O3,50
2024-05-23,1.3686862555388677,O3,50
2024-05-24,1.343516042560224,O3,50
2024-05-27,1.3420534738179473,O3,50
2024-05-28,1.3494433429878918,O3,50
2024-05-29,1.3371110521673915,O3,50
2024-05-30,1.3350131833536982,O3,50
2024-05-31,1.3112065665502841,O3,50
2024-06-03,1.3173550197117856,O3,50
2024-06-04,1.2928942432722652,O3,50
2024-06-05,1.290852627618667,O3,50
2024-06-06,1.2732079481058074,O3,50
2024-06-07,1.2649367177424722,O3,50
2024-06-10,1.2389428020546818,O3,50
2024-06-11,1.245077256351464,O3,50
2024-06-12,1.2752405018972304,O3,50
2024-06-13,1.3021084871675959,O3,50
2024-06-14,1.3200669082893461,O3,50
2024-06-20,1.3479741068235314,O3,50
2024-06-21,1.338079021199977,O3,50
2024-06-24,1.3519191900685965,O3,50
2024-06-25,1.3484676520374241,O3,50
2024-06-26,1.3299138731697817,O3,50
2024-06-27,1.352784464409863,O3,50
2024-06-28,1.3540783111181949,O3,50
2024-07-01,1.3188073427222367,O3,50
2024-07-02,1.3199257054584168,O3,50
2024-07-03,1.3496002827886473,O3,50
2024-07-04,1.3814219289825664,O3,50
2024-07-05,1.3689899298760695,O3,50
2024-07-08,1.3497594199056562,O3,50
2024-07-09,1.346195128545636,O3,50
2024-07-10,1.3504778100704384,O3,50
2024-07-11,1.3706651336245002,O3,50
2024-07-12,1.3732827126614169,O3,50
2024-07-16,1.3856721720704117,O3,50
2024-07-17,1.381483950677293,O3,50
2024-07-18,1.3660620146067846,O3,50
2024-07-19,1.3672408851735713,O3,50
2024-07-22,1.3808196328840756,O3,50
2024-07-23,1.3463021505484096,O3,50
2024-07-24,1.340959372549984,O3,50
2024-07-25,1.3478988076981533,O3,50
2024-07-26,1.342182489380887,O3,50
2024-07-29,1.3284060347095112,O3,50
2024-07-30,1.3215254313916704,O3,50
2024-07-31,1.3099683486096432,O3,50
2024-08-01,1.3241419970058708,O3,50
2024-08-02,1.2941329800919672,O3,50
2024-08-05,1.2244547443551228,O3,50
2024-08-06,1.224250880148825,O3,50
2024-08-07,1.2429787368312182,O3,50
2024-08-08,1.257224489430837,O3,50
2024-08-09,1.2432607005159162,O3,50
2024-08-12,1.224973879026932,O3,50
2024-08-13,1.2358416436634503,O3,50
2024-08-14,1.2263398615837895,O3,50
2024-08-15,1.2424422266912805,O3,50
2024-08-16,1.2222855479727956,O3,50
2024-08-19,1.2547827337255566,O3,50
2024-08-20,1.2442557168329322,O3,50
2024-08-21,1.2281197693429746,O3,50
2024-08-22,1.2283591495836517,O3,50
2024-08-23,1.2028306849853392,O3,50
2024-08-26,1.1857343278067922,O3,50
2024-08-27,1.2132270813483956,O3,50
2024-08-28,1.2241082075972067,O3,50
2024-08-29,1.2240439256878979,O3,50
2024-09-02,1.2514030505622977,O3,50
2024-09-03,1.2367915516446453,O3,50
2024-09-04,1.2295950719367226,O3,50
2024-09-05,1.2332323194038322,O3,50
2024-09-06,1.2176332419947573,O3,50
2024-09-09,1.2077683609331338,O3,50
2024-09-10,1.201139241055571,O3,50
2024-09-11,1.1821982744319142,O3,50
2024-09-12,1.193170313036663,O3,50
2024-09-13,1.2060659404789993,O3,50
2024-09-16,1.186186636962339,O3,50
2024-09-17,1.2039239594201714,O3,50
2024-09-18,1.1982346805023396,O3,50
2024-09-19,1.2197431886636336,O3,50
2024-09-20,1.2110835642926165,O3,50
2024-09-23,1.1977529876777722,O3,50
2024-09-24,1.2081604586503907,O3,50
2024-09-25,1.1862508190748513,O3,50
2024-09-26,1.1796118729453573,O3,50
2024-09-27,1.1918343482684515,O3,50
2024-09-30,1.1871790598068312,O3,50
2024-10-01,1.1488550195623495,O3,50
2024-10-02,1.1234520722479795,O3,50
2024-10-03,1.106386947813782,O3,50
2024-10-04,1.1228230079202022,O3,50
2024-10-07,1.1086533815067392,O3,50
2024-10-08,1.0978213087955548,O3,50
2024-10-09,1.11167014811553,O3,50
2024-10-10,1.0934077176953656,O3,50
2024-10-11,1.0851798028134747,O3,50
2024-10-14,1.0562829798347488,O3,50
2024-10-15,1.0749319450911088,O3,50
2024-10-16,1.0940124629653771,O3,50
2024-01-23,1.0,O3,100
2024-01-24,0.9977469751564702,O3,100
2024-01-25,1.001699763223796,O3,100
2024-01-26,1.0352903669988955,O3,100
2024-01-29,1.0539708318997267,O3,100
2024-01-30,1.0481903819504603,O3,100
2024-01-31,1.0479460928064188,O3,100
2024-02-01,1.0745209984122281,O3,100
2024-02-02,1.0797028409748362,O3,100
2024-02-05,1.0873298000229163,O3,100
2024-02-06,1.0935640990254902,O3,100
2024-02-07,1.0942301706183946,O3,100
2024-02-08,1.1099223565821432,O3,100
2024-02-09,1.122828623212708,O3,100
2024-02-12,1.1298377788719574,O3,100
2024-02-13,1.100249621470823,O3,100
2024-02-14,1.1087666756895793,O3,100
2024-02-15,1.1256030215592292,O3,100
2024-02-16,1.115181952709044,O3,100
2024-02-19,1.1047941656672038,O3,100
2024-02-20,1.1244145478143839,O3,100
2024-02-21,1.1174676261611585,O3,100
2024-02-22,1.12013736622028,O3,100
2024-02-23,1.1328800868866833,O3,100
2024-02-26,1.1272069437020873,O3,100
2024-02-27,1.1053972126004086,O3,100
2024-02-28,1.0907279175257854,O3,100
2024-02-29,1.11056172161768,O3,100
2024-03-01,1.0883099398265221,O3,100
2024-03-04,1.0702697151058016,O3,100
2024-03-05,1.0702471153572588,O3,100
2024-03-06,1.059071290650072,O3,100
2024-03-07,1.0885801277220197,O3,100
2024-03-08,1.0909012785493806,O3,100
2024-03-11,1.0887836580676236,O3,100
2024-03-12,1.0783512493924468,O3,100
2024-03-13,1.0580084185142602,O3,100
2024-03-14,1.0550190961411,O3,100
2024-03-15,1.0481045591815101,O3,100
2024-03-18,1.0391030939119053,O3,100
2024-03-19,1.060769157785048,O3,100
2024-03-20,1.0588073896594352,O3,100
2024-03-21,1.0862799392213756,O3,100
2024-03-22,1.0821808654655698,O3,100
2024-03-25,1.0744480553028137,O3,100
2024-03-26,1.0483393540721684,O3,100
2024-03-27,1.0543817850678578,O3,100
2024-03-28,1.0806444387570844,O3,100
2024-03-29,1.0819604135818013,O3,100
2024-04-01,1.0946125014369652,O3,100
2024-04-02,1.0937684159287018,O3,100
2024-04-03,1.0942665366663356,O3,100
2024-04-04,1.1253594739979107,O3,100
2024-04-05,1.187548238625922,O3,100
2024-04-08,1.1961934326771069,O3,100
2024-04-09,1.1961934326771069,O3,100
2024-04-15,1.1658926990432275,O3,100
2024-04-16,1.1607280428634241,O3,100
2024-04-17,1.1649862525424155,O3,100
2024-04-18,1.1526816113432115,O3,100
2024-04-19,1.1815000066098649,O3,100
2024-04-22,1.1736987625096715,O3,100
2024-04-24,1.1883125111489012,O3,100
2024-04-25,1.1979190538222135,O3,100
2024-04-26,1.2269795867081057,O3,100
2024-04-29,1.2490003192650472,O3,100
2024-04-30,1.249101153818045,O3,100
2024-05-02,1.274492444246912,O3,100
2024-05-03,1.2609376078231151,O3,100
2024-05-06,1.2664804647933203,O3,100
2024-05-07,1.2792544400451549,O3,100
2024-05-08,1.2674571445781928,O3,100
2024-05-09,1.267539833201092,O3,100
2024-05-10,1.2769445526477434,O3,100
2024-05-13,1.2656674422258736,O3,100
2024-05-14,1.2788248806014157,O3,100
2024-05-15,1.2645739008476893,O3,100
2024-05-16,1.2832947148646245,O3,100
2024-05-17,1.3190329687802105,O3,100
2024-05-20,1.3290691178719836,O3,100
2024-05-21,1.3470594174011155,O3,100
2024-05-22,1.3629609545710457,O3,100
2024-05-23,1.3554142092356067,O3,100
2024-05-24,1.3303489037910476,O3,100
2024-05-27,1.3288924309240937,O3,100
2024-05-28,1.336251499681166,O3,100
2024-05-29,1.3239706089112213,O3,100
2024-05-30,1.3218814838552493,O3,100
2024-05-31,1.2981740912207305,O3,100
2024-06-03,1.3042969180969026,O3,100
2024-06-04,1.2799380923139074,O3,100
2024-06-05,1.2779049859591358,O3,100
2024-06-06,1.2603338481290176,O3,100
2024-06-07,1.2520970916250018,O3,100
2024-06-10,1.2262115166015635,O3,100
2024-06-11,1.2323204029592199,O3,100
2024-06-12,1.2623579303907664,O3,100
2024-06-13,1.2891139319412122,O3,100
2024-06-14,1.3069975037290482,O3,100
2024-06-20,1.3347883871814377,O3,100
2024-06-21,1.3249345435224704,O3,100
2024-06-24,1.3387170276194693,O3,100
2024-06-25,1.3352798753364017,O3,100
2024-06-26,1.3168034272084952,O3,100
2024-06-27,1.3395786955630655,O3,100
2024-06-28,1.3408671496166844,O3,100
2024-07-01,1.3057431879354615,O3,100
2024-07-02,1.3068568894207826,O3,100
2024-07-03,1.336407785368764,O3,100
2024-07-04,1.368096801360645,O3,100
2024-07-05,1.3557166178812585,O3,100
2024-07-08,1.3365662592143677,O3,100
2024-07-09,1.3330168235497546,O3,100
2024-07-10,1.33728165518356,O3,100
2024-07-11,1.357384839507826,O3,100
2024-07-12,1.359991508674323,O3,100
2024-07-16,1.3723293297584325,O3,100
2024-07-17,1.368158564553663,O3,100
2024-07-18,1.352800905940216,O3,100
2024-07-19,1.3539748630641057,O3,100
2024-07-22,1.3674970155865014,O3,100
2024-07-23,1.3248894910893405,O3,100
2024-07-24,1.3195982175231342,O3,100
2024-07-25,1.326470756448527,O3,100
2024-07-26,1.320809543495811,O3,100
2024-07-29,1.307165893982362,O3,100
2024-07-30,1.300351619747878,O3,100
2024-07-31,1.2889059473570323,O3,100
2024-08-01,1.3029429616439367,O3,100
2024-08-02,1.2732232319469214,O3,100
2024-08-05,1.2042166950848463,O3,100
2024-08-06,1.2040147961314933,O3,100
2024-08-07,1.2225621160920912,O3,100
2024-08-08,1.2366705394971602,O3,100
2024-08-09,1.2228413616441078,O3,100
2024-08-12,1.2047308252933357,O3,100
2024-08-13,1.215493824572345,O3,100
2024-08-14,1.20608363976497,O3,100
2024-08-15,1.2220307779151558,O3,100
2024-08-16,1.2020684097768848,O3,100
2024-08-19,1.2342523223407875,O3,100
2024-08-20,1.223826785994085,O3,100
2024-08-21,1.2078463891959283,O3,100
2024-08-22,1.2080834618087413,O3,100
2024-08-23,1.1828010918591227,O3,100
2024-08-26,1.1658695437311788,O3,100
2024-08-27,1.1930972668594415,O3,100
2024-08-28,1.2038734989446696,O3,100
2024-08-29,1.203809836713596,O3,100
2024-09-02,1.230905219356315,O3,100
2024-09-03,1.2164345754312995,O3,100
2024-09-04,1.2093074698582267,O3,100
2024-09-05,1.212909654224139,O3,100
2024-09-06,1.1974609520740285,O3,100
2024-09-09,1.1876911685624323,O3,100
2024-09-10,1.1811259534653997,O3,100
2024-09-11,1.1623675779454583,O3,100
2024-09-12,1.173233845990623,O3,100
2024-09-13,1.1860051594581456,O3,100
2024-09-16,1.1663174926220374,O3,100
2024-09-17,1.1838838271176984,O3,100
2024-09-18,1.1782493929043416,O3,100
2024-09-19,1.1995505588363566,O3,100
2024-09-20,1.1909744133290687,O3,100
2024-09-23,1.1777723436033198,O3,100
2024-09-24,1.1880794864538557,O3,100
2024-09-25,1.1663810560183565,O3,100
2024-09-26,1.159806109394557,O3,100
2024-09-27,1.1719107599358582,O3,100
2024-09-30,1.1673003485005913,O3,100
2024-10-01,1.1293457523793227,O3,100
2024-10-02,1.1041876897258,O3,100
2024-10-03,1.0872870732582443,O3,100
2024-10-04,1.1035646895843019,O3,100
2024-10-07,1.0895316585082093,O3,100
2024-10-08,1.0788040070840246,O3,100
2024-10-09,1.092519343457352,O3,100
2024-10-10,1.0744329630452578,O3,100
2024-10-11,1.066284365343393,O3,100
2024-10-14,1.0376661080211302,O3,100
2024-10-15,1.0561352970698141,O3,100
2024-10-16,1.0750318785649446,O3,100
2025-01-10,1.0,O4,0
2025-01-13,0.9753947749349189,O4,0
2025-01-14,0.9656974346590355,O4,0
2025-01-15,0.9679720721015987,O4,0
2025-01-16,0.979406450193899,O4,0
2025-01-17,0.9795169064477911,O4,0
2025-01-20,0.9768752369675411,O4,0
2025-01-21,0.9665226462913219,O4,0
2025-01-22,0.9733659779145795,O4,0
2025-01-23,0.9790363443355121,O4,0
2025-01-24,0.9813474970879962,O4,0
2025-01-27,0.9654885663993501,O4,0
2025-01-28,0.9677225383950625,O4,0
2025-01-29,0.9589956577510097,O4,0
2025-01-30,0.9660699473785014,O4,0
2025-01-31,0.9513866287001577,O4,0
2025-02-03,0.9253120421920993,O4,0
2025-02-04,0.9342787880417595,O4,0
2025-02-05,0.9235723716841756,O4,0
2025-02-06,0.9357477807499974,O4,0
2025-02-07,0.948992539802164,O4,0
2025-02-10,0.9431893028493716,O4,0
2025-02-11,0.9445578671584872,O4,0
2025-02-12,0.930174310399503,O4,0
2025-02-13,0.9372760977272532,O4,0
2025-02-14,0.935066351962683,O4,0
2025-02-17,0.9301850765868371,O4,0
2025-02-18,0.9339942880626728,O4,0
2025-02-19,0.917878015543442,O4,0
2025-02-20,0.9326025992648308,O4,0
2025-02-21,0.9139704209250007,O4,0
2025-02-24,0.9102925727472311,O4,0
2025-02-25,0.8951270504588327,O4,0
2025-02-26,0.8986930384894117,O4,0
2025-02-27,0.9103855442415716,O4,0
2025-02-28,0.90979760476448,O4,0
2025-03-03,0.9102723054604452,O4,0
2025-03-04,0.8968513509334927,O4,0
2025-03-05,0.9268010303677982,O4,0
2025-03-06,0.9714126385116442,O4,0
2025-03-07,0.9850269376124405,O4,0
2025-03-10,0.9795699943815925,O4,0
2025-03-11,0.9940027189171052,O4,0
2025-03-12,0.9966416888178768,O4,0
2025-03-13,1.0164277318979453,O4,0
2025-03-14,1.0272284534958165,O4,0
2025-03-17,1.0335477272422553,O4,0
2025-03-18,1.0335888691138875,O4,0
2025-03-19,0.9486397531476033,O4,0
2025-03-20,0.9672239060085294,O4,0
2025-03-21,0.8964265401177082,O4,0
2025-03-24,0.9099901170874707,O4,0
2025-03-25,0.9508667822989044,O4,0
2025-03-26,0.9502696743806784,O4,0
2025-03-27,0.9421052281624511,O4,0
2025-03-28,0.9606499167964059,O4,0
2025-04-02,0.9541963457208644,O4,0
2025-04-03,0.96205369564903,O4,0
2025-04-04,0.9507180457537336,O4,0
2025-04-07,0.9461153774778301,O4,0
2025-04-08,0.9554127715752919,O4,0
2025-04-09,0.9343074232613736,O4,0
2025-01-10,1.0,O4,30
2025-01-13,0.972394774934919,O4,30
2025-01-14,0.9626974346590356,O4,30
2025-01-15,0.9649720721015987,O4,30
2025-01-16,0.9764064501938989,O4,30
2025-01-17,0.9765169064477911,O4,30
2025-01-20,0.9738752369675411,O4,30
2025-01-21,0.9635226462913219,O4,30
2025-01-22,0.9703659779145795,O4,30
2025-01-23,0.9760363443355122,O4,30
2025-01-24,0.9783474970879962,O4,30
2025-01-27,0.96248856639935,O4,30
2025-01-28,0.9647225383950626,O4,30
2025-01-29,0.9559956577510096,O4,30
2025-01-30,0.9630699473785014,O4,30
2025-01-31,0.9483866287001578,O4,30
2025-02-03,0.9223120421920992,O4,30
2025-02-04,0.9312787880417595,O4,30
2025-02-05,0.9205723716841756,O4,30
2025-02-06,0.9327477807499973,O4,30
2025-02-07,0.945992539802164,O4,30
2025-02-10,0.9401893028493716,O4,30
2025-02-11,0.9415578671584871,O4,30
2025-02-12,0.9271743103995029,O4,30
2025-02-13,0.9342760977272532,O4,30
2025-02-14,0.9320663519626828,O4,30
2025-02-17,0.9271850765868371,O4,30
2025-02-18,0.9309942880626729,O4,30
2025-02-19,0.914878015543442,O4,30
2025-02-20,0.9296025992648308,O4,30
2025-02-21,0.9109704209250008,O4,30
2025-02-24,0.9072925727472312,O4,30
2025-02-25,0.8921270504588327,O4,30
2025-02-26,0.8956930384894117,O4,30
2025-02-27,0.9073855442415715,O4,30
2025-02-28,0.90679760476448,O4,30
2025-03-03,0.9072723054604451,O4,30
2025-03-04,0.8938513509334927,O4,30
2025-03-05,0.923801030367798,O4,30
2025-03-06,0.9684126385116443,O4,30
2025-03-07,0.9820269376124405,O4,30
2025-03-10,0.9765699943815924,O4,30
2025-03-11,0.9910027189171051,O4,30
2025-03-12,0.9936416888178768,O4,30
2025-03-13,1.0134277318979452,O4,30
2025-03-14,1.0242284534958166,O4,30
2025-03-17,1.0305477272422554,O4,30
2025-03-18,1.0305888691138876,O4,30
2025-03-19,0.9456397531476034,O4,30
2025-03-20,0.9642239060085295,O4,30
2025-03-21,0.8934265401177082,O4,30
2025-03-24,0.9069901170874708,O4,30
2025-03-25,0.9478667822989044,O4,30
2025-03-26,0.9472696743806784,O4,30
2025-03-27,0.9391052281624512,O4,30
2025-03-28,0.9576499167964059,O4,30
2025-04-02,0.9511963457208645,O4,30
2025-04-03,0.9590536956490299,O4,30
2025-04-04,0.9477180457537335,O4,30
2025-04-07,0.9431153774778303,O4,30
2025-04-08,0.952412771575292,O4,30
2025-04-09,0.9313074232613736,O4,30
2025-01-10,1.0,O4,50
2025-01-13,0.970394774934919,O4,50
2025-01-14,0.9606974346590356,O4,50
2025-01-15,0.9629720721015987,O4,50
2025-01-16,0.9744064501938989,O4,50
2025-01-17,0.9745169064477911,O4,50
2025-01-20,0.9718752369675411,O4,50
2025-01-21,0.9615226462913219,O4,50
2025-01-22,0.9683659779145795,O4,50
2025-01-23,0.9740363443355122,O4,50
2025-01-24,0.9763474970879962,O4,50
2025-01-27,0.96048856639935,O4,50
2025-01-28,0.9627225383950626,O4,50
2025-01-29,0.9539956577510096,O4,50
2025-01-30,0.9610699473785014,O4,50
2025-01-31,0.9463866287001578,O4,50
2025-02-03,0.9203120421920992,O4,50
2025-02-04,0.9292787880417595,O4,50
2025-02-05,0.9185723716841756,O4,50
2025-02-06,0.9307477807499973,O4,50
2025-02-07,0.943992539802164,O4,50
2025-02-10,0.9381893028493716,O4,50
2025-02-11,0.9395578671584871,O4,50
2025-02-12,0.9251743103995029,O4,50
2025-02-13,0.9322760977272532,O4,50
2025-02-14,0.9300663519626828,O4,50
2025-02-17,0.9251850765868371,O4,50
2025-02-18,0.9289942880626729,O4,50
2025-02-19,0.912878015543442,O4,50
2025-02-20,0.9276025992648308,O4,50
2025-02-21,0.9089704209250008,O4,50
2025-02-24,0.9052925727472312,O4,50
2025-02-25,0.8901270504588327,O4,50
2025-02-26,0.8936930384894117,O4,50
2025-02-27,0.9053855442415715,O4,50
2025-02-28,0.90479760476448,O4,50
2025-03-03,0.9052723054604451,O4,50
2025-03-04,0.8918513509334927,O4,50
2025-03-05,0.921801030367798,O4,50
2025-03-06,0.9664126385116443,O4,50
2025-03-07,0.9800269376124405,O4,50
2025-03-10,0.9745699943815924,O4,50
2025-03-11,0.9890027189171051,O4,50
2025-03-12,0.9916416888178768,O4,50
2025-03-13,1.0114277318979452,O4,50
2025-03-14,1.0222284534958166,O4,50
2025-03-17,1.0285477272422554,O4,50
2025-03-18,1.0285888691138876,O4,50
2025-03-19,0.9436397531476034,O4,50
2025-03-20,0.9622239060085295,O4,50
2025-03-21,0.8914265401177082,O4,50
2025-03-24,0.9049901170874708,O4,50
2025-03-25,0.9458667822989044,O4,50
2025-03-26,0.9452696743806784,O4,50
2025-03-27,0.9371052281624512,O4,50
2025-03-28,0.9556499167964059,O4,50
2025-04-02,0.9491963457208645,O4,50
2025-04-03,0.9570536956490299,O4,50
2025-04-04,0.9457180457537335,O4,50
2025-04-07,0.9411153774778303,O4,50
2025-04-08,0.950412771575292,O4,50
2025-04-09,0.9293074232613736,O4,50
2025-01-10,1.0,O4,100
2025-01-13,0.9653947749349191,O4,100
2025-01-14,0.9556974346590354,O4,100
2025-01-15,0.9579720721015987,O4,100
2025-01-16,0.969406450193899,O4,100
2025-01-17,0.9695169064477911,O4,100
2025-01-20,0.9668752369675411,O4,100
2025-01-21,0.9565226462913219,O4,100
2025-01-22,0.9633659779145795,O4,100
2025-01-23,0.9690363443355121,O4,100
2025-01-24,0.9713474970879962,O4,100
2025-01-27,0.9554885663993501,O4,100
2025-01-28,0.9577225383950625,O4,100
2025-01-29,0.9489956577510097,O4,100
2025-01-30,0.9560699473785014,O4,100
2025-01-31,0.9413866287001577,O4,100
2025-02-03,0.9153120421920993,O4,100
2025-02-04,0.9242787880417594,O4,100
2025-02-05,0.9135723716841756,O4,100
2025-02-06,0.9257477807499974,O4,100
2025-02-07,0.938992539802164,O4,100
2025-02-10,0.9331893028493716,O4,100
2025-02-11,0.9345578671584872,O4,100
2025-02-12,0.920174310399503,O4,100
2025-02-13,0.9272760977272532,O4,100
2025-02-14,0.9250663519626829,O4,100
2025-02-17,0.9201850765868371,O4,100
2025-02-18,0.9239942880626728,O4,100
2025-02-19,0.9078780155434419,O4,100
2025-02-20,0.9226025992648309,O4,100
2025-02-21,0.9039704209250007,O4,100
2025-02-24,0.9002925727472311,O4,100
2025-02-25,0.8851270504588327,O4,100
2025-02-26,0.8886930384894117,O4,100
2025-02-27,0.9003855442415716,O4,100
2025-02-28,0.89979760476448,O4,100
2025-03-03,0.9002723054604452,O4,100
2025-03-04,0.8868513509334927,O4,100
2025-03-05,0.9168010303677981,O4,100
2025-03-06,0.9614126385116442,O4,100
2025-03-07,0.9750269376124405,O4,100
2025-03-10,0.9695699943815925,O4,100
2025-03-11,0.9840027189171052,O4,100
2025-03-12,0.9866416888178768,O4,100
2025-03-13,1.0064277318979453,O4,100
2025-03-14,1.0172284534958165,O4,100
2025-03-17,1.0235477272422553,O4,100
2025-03-18,1.0235888691138877,O4,100
2025-03-19,0.9386397531476035,O4,100
2025-03-20,0.9572239060085294,O4,100
2025-03-21,0.8864265401177082,O4,100
2025-03-24,0.8999901170874707,O4,100
2025-03-25,0.9408667822989044,O4,100
2025-03-26,0.9402696743806784,O4,100
2025-03-27,0.9321052281624511,O4,100
2025-03-28,0.9506499167964059,O4,100
2025-04-02,0.9441963457208644,O4,100
2025-04-03,0.95205369564903,O4,100
2025-04-04,0.9407180457537336,O4,100
2025-04-07,0.9361153774778301,O4,100
2025-04-08,0.9454127715752919,O4,100
2025-04-09,0.9243074232613736,O4,100
