outer_fold,architecture,family,case,signal_dates,observations,rank_ic_mean,rank_ic_median,positive_ic_ratio,ndcg_at_10_mean,top_k_spread_raw_mean,prediction_dispersion_mean,net_return,cagr,sharpe,daily_maxdd,worst_day,daily_observations,mean_turnover_two_sided,total_turnover_two_sided,attempted_trades,filled_trades,unfilled_trades,fill_rate,terminal_liquidation_cost_try,mean_cash_weight,mean_holdings,adv_missing_checks,order_adv_median,order_adv_p90,order_adv_p95,order_adv_max,order_adv_gt_10pct
O1,LGBM_REGRESSION,BASE,BASE,3,186,0.11966297860527653,0.2212620523791721,0.6666666666666666,0.5869024343805765,0.03719021116015627,1.5610395341833139,1.7732020384885172,3.170365460651265,4.894154389767288,-0.125021596033555,-0.0894157974215688,180,1.345895555162167,5.383582220648668,47,47,0,1.0,13925.205789963087,0.002243032951462403,10.0,0,0.0005645320813746892,0.00268962253593549,0.004061293689523927,0.006946167713417474,0.0
O1,LGBM_REGRESSION,ABLATION,WITHOUT_mom_12_1,3,186,0.1690480697017348,0.14166896750707317,0.6666666666666666,0.5893157224341753,0.05578097633581324,1.3557379212303466,1.8321684035746784,3.2950349554611726,5.521054016511037,-0.1050378216178115,-0.07522080854472413,180,1.2977499447208454,5.1909997788833815,46,46,0,1.0,14220.85853869986,0.002510618496295634,10.0,0,0.000779158284087614,0.009768917553592993,0.012049262492098999,0.015042210308015435,0.0
O1,LGBM_REGRESSION,ABLATION,WITHOUT_mom_63,3,186,-0.027167220323855806,-0.0256748683830278,0.3333333333333333,0.6035036328304675,-0.0035811562808616324,1.6895765776775518,1.4834003189433806,2.5732666463666707,4.143011245979091,-0.22596698795993586,-0.08924069711011828,180,1.3493299503385852,5.397319801354341,47,47,0,1.0,12460.09208708321,0.0022476351876249898,10.0,0,0.0002527232734424953,0.003111314139009941,0.00364483028883929,0.01205897470034788,0.0
O1,LGBM_REGRESSION,ABLATION,WITHOUT_vol_63,3,186,0.10852314689144571,0.13093071409180412,0.6666666666666666,0.6181785447288192,0.07394063741056116,1.4557019101667266,1.6468621248241448,2.906824002607023,4.591352545879649,-0.14733610767014504,-0.09540352812358566,180,1.4541330135251824,5.81653205410073,49,49,0,1.0,13300.299102033572,0.0016349535016992954,10.0,0,0.0004622958417689718,0.0026303020454115584,0.004055282852427699,0.0059533005985769665,0.0
O1,LGBM_REGRESSION,FEATURE_NOISE,MILD,3,186,0.13746032443023115,0.23274848193344758,0.6666666666666666,0.5886922809945024,0.059666599598922655,1.5799804666246393,1.748971243918672,3.1194408906301625,4.8617980629560185,-0.1141150485486423,-0.0894157974215688,180,1.3458939058054755,5.383575623221902,47,47,0,1.0,13803.443003179946,0.002246519734040164,10.0,0,0.0005645320813746892,0.00268962253593549,0.004061293689523927,0.006946167713417474,0.0
O1,LGBM_REGRESSION,FEATURE_NOISE,MODERATE,3,186,0.14780572269575218,0.21608842273568749,1.0,0.6007400114756857,0.03835889163088887,1.5439258222752636,1.743558964301506,3.108090645844194,5.096263951301593,-0.0940169483169282,-0.08949297616243856,180,1.3425645464715694,5.370258185886278,47,47,0,1.0,13766.288769134317,0.002243062277976704,10.0,0,0.0004633532304287149,0.0025909404750375795,0.0035984986023404296,0.007021200838242226,0.0
O1,LGBM_REGRESSION,RANK_NOISE,MILD,3,186,0.11921444761850701,0.21833842734092804,0.6666666666666666,0.593550233065186,0.03719021116015627,1.5637310333003105,1.6012808431963874,2.8129590376811597,4.555279093177849,-0.14241825567809452,-0.0894157974215688,180,1.345883188303407,5.383532753213628,47,47,0,1.0,13061.280185480025,0.0022524445457537483,10.0,0,0.0004886525723607193,0.00268962253593549,0.004061293689523927,0.006946167713417474,0.0
O1,LGBM_REGRESSION,RANK_NOISE,MODERATE,3,186,0.11722297145605819,0.21500416782439571,0.6666666666666666,0.5911408876715109,0.03275974865040151,1.5678786319880291,1.6012808431963874,2.8129590376811597,4.555279093177849,-0.14241825567809452,-0.0894157974215688,180,1.345883188303407,5.383532753213628,47,47,0,1.0,13061.280185480025,0.0022524445457537483,10.0,0,0.0004886525723607193,0.00268962253593549,0.004061293689523927,0.006946167713417474,0.0
O1,LGBM_REGRESSION,PARAMETER,LOW_COMPLEXITY,3,186,0.12529154508192647,0.21842481837087596,0.6666666666666666,0.6143561101432546,0.06642042571518077,1.3988365488902117,1.6682810143098172,2.9511561421150847,4.671313967957466,-0.13255530729893428,-0.09612338877838533,180,1.3922364726631775,5.56894589065271,48,48,0,1.0,13397.925799576215,0.001971188683790787,10.0,0,0.0006323748156540742,0.0029769235265664122,0.004013093172874781,0.006998467360163288,0.0
O1,LGBM_REGRESSION,PARAMETER,HIGH_COMPLEXITY,3,186,0.12371931273558333,0.2191126525773732,0.6666666666666666,0.5968142231352034,0.0243047027553344,1.6700159044387137,1.6981555360869054,3.0132274448811724,4.836351028745596,-0.13023686976040472,-0.08484514723573755,180,1.2990080062512595,5.196032025005038,46,46,0,1.0,13547.820334147722,0.002517836192515025,10.0,0,0.0005318611927897279,0.002800473375158827,0.004136287726048419,0.007095960954767156,0.0
O1,LAMBDAMART,BASE,BASE,3,186,0.048744141306994705,0.046094013908139386,0.6666666666666666,0.6097528326093311,0.04799075531003478,0.5647673322172283,1.781573449456761,3.1880006962042486,5.253332972861535,-0.12838500799451047,-0.07397121399350659,180,1.1114345507220553,4.445738202888221,42,42,0,1.0,13939.495698844406,0.0036430419122975557,10.0,0,0.0002921950106968226,0.003456889078159179,0.014384217928323768,0.015042210308015435,0.0
O1,LAMBDAMART,ABLATION,WITHOUT_mom_12_1,3,186,0.1742157755562165,0.19712393135402734,1.0,0.6592598139528992,0.10845392582378548,0.46901143957392416,1.9168301495291273,3.475850752538272,5.541492050329413,-0.10335223517345327,-0.08185143146202511,180,1.2463207970437709,4.985283188175083,45,45,0,1.0,14645.740198121022,0.002763646131247743,10.0,0,0.00048237389953506777,0.0059250641319390195,0.01208723942263823,0.015042210308015435,0.0
O1,LAMBDAMART,ABLATION,WITHOUT_mom_63,3,186,-0.028219433435289737,0.029691325462660054,0.6666666666666666,0.569968054588455,0.0429412645602076,0.4650253115288774,1.6751036536273403,2.9653073984480938,4.866451847501594,-0.14066273866646928,-0.08426181533745492,180,1.3250920413292675,5.30036816531707,46,46,0,1.0,13442.134828078642,0.0023803625265446256,10.0,0,0.00023484374430647175,0.002609308787613792,0.003601741206520481,0.0059533005985769665,0.0
O1,LAMBDAMART,ABLATION,WITHOUT_vol_63,3,186,0.048643198236761775,0.13394842338272545,0.6666666666666666,0.546039478936288,0.04401916672780049,0.4456644402080121,1.5508342209905415,2.7098395645176425,5.105614544899163,-0.13748371736713283,-0.08953886585536619,180,1.3091118712812555,5.236447485125022,46,46,0,1.0,12807.739581436252,0.002465239261818404,10.0,0,0.00047616000918142515,0.0040832811551839805,0.005580155881783376,0.01940153587895933,0.0
O1,LAMBDAMART,FEATURE_NOISE,MILD,3,186,0.06866238565933878,0.051423634266268,0.6666666666666666,0.6123536172766805,0.06865701574246856,0.5656539300529108,1.9574183800525842,3.5632879548216163,5.590900925017649,-0.09205753643838288,-0.07397121399350659,180,1.108766192621185,4.43506477048474,42,42,0,1.0,14811.825030214033,0.003611004984333974,10.0,0,0.00039090357521365336,0.004129502917647852,0.007281048208059674,0.015042210308015435,0.0
O1,LAMBDAMART,FEATURE_NOISE,MODERATE,3,186,0.06338983047633096,0.055234826507295574,0.6666666666666666,0.6269292626293258,0.07188123818428924,0.559898584692782,1.8923657747830536,3.4233825411530354,5.501859693754352,-0.0820090892870905,-0.08057683462101872,180,1.1516484395630988,4.606593758252395,43,43,0,1.0,14485.86101924339,0.003400524865634391,10.0,0,0.00044890279756540775,0.004019747766108019,0.007093406263145737,0.015042210308015435,0.0
O1,LAMBDAMART,RANK_NOISE,MILD,3,186,0.04684557794471841,0.04013056835637481,0.6666666666666666,0.5990038199336346,0.03932872494241737,0.5656692910033833,1.781573449456761,3.1880006962042486,5.253332972861535,-0.12838500799451047,-0.07397121399350659,180,1.1114345507220553,4.445738202888221,42,42,0,1.0,13939.495698844406,0.0036430419122975557,10.0,0,0.0002921950106968226,0.003456889078159179,0.014384217928323768,0.015042210308015435,0.0
O1,LAMBDAMART,RANK_NOISE,MODERATE,3,186,0.04602174883732709,0.043730798771121356,0.6666666666666666,0.5993114256039959,0.03445106464002676,0.5671071637400354,1.6850540403507495,2.985971996595187,4.929282943485715,-0.12838500799451047,-0.07397121399350659,180,1.1114100742932012,4.445640297172805,42,42,0,1.0,13454.473542532789,0.003669223298878985,10.0,0,0.0002921950106968226,0.003456889078159179,0.014384217928323768,0.015042210308015435,0.0
O1,LAMBDAMART,PARAMETER,LOW_COMPLEXITY,3,186,0.043931927321459674,0.07724632138699397,0.6666666666666666,0.6463103415552786,0.043673841787845995,0.4842424373263483,1.923113351117605,3.4893546915920854,5.570983913644637,-0.09003009266764672,-0.07397121399350659,180,1.1561110524061393,4.624444209624557,43,43,0,1.0,14648.972213800176,0.0033403146969805558,10.0,0,0.00041330556840006393,0.004084979514551872,0.007211166754929009,0.015042210308015435,0.0
O1,LAMBDAMART,PARAMETER,HIGH_COMPLEXITY,3,186,0.046847657123796384,0.04474154803250081,0.6666666666666666,0.5853705742275136,0.05211961264096071,0.601199924258725,1.781573449456761,3.1880006962042486,5.253332972861535,-0.12838500799451047,-0.07397121399350659,180,1.1114345507220553,4.445738202888221,42,42,0,1.0,13939.495698844406,0.0036430419122975557,10.0,0,0.0002921950106968226,0.003456889078159179,0.014384217928323768,0.015042210308015435,0.0
O2,LGBM_REGRESSION,BASE,BASE,4,263,-0.046323671561458744,-0.04720866151473532,0.25,0.5123000283254365,-0.0014556105704546102,0.07538515639229854,0.9402040101892519,1.5292185421654252,2.134002697098401,-0.27184613536277114,-0.088937811333204,180,1.3188514788184196,5.275405915273678,46,46,0,1.0,9742.264861514599,0.0025899242868795825,10.0,0,0.00019705187401650078,0.0038578610202952145,0.00824900101397986,0.019754842659131102,0.0
O2,LGBM_REGRESSION,ABLATION,WITHOUT_mom_12_1,4,263,-0.027745761493047104,-0.08526755274223642,0.25,0.5405186171124643,-0.03250736004895272,0.07168610824017214,0.6240084620734239,0.9716217615724312,1.6175056821218352,-0.2505333503015159,-0.08749044224474645,180,1.3648623555754504,5.459449422301802,47,47,0,1.0,8152.882948813766,0.0023185109136669635,10.0,0,0.00017832279032028558,0.0026393085492873005,0.0038875650446488176,0.019754842659131102,0.0
O2,LGBM_REGRESSION,ABLATION,WITHOUT_mom_63,4,263,-0.03371621516121742,-0.01727953551038874,0.25,0.5533864575073626,0.04804820213645158,0.05708191465348461,1.1761646982911858,1.9700821743268029,2.490260511263994,-0.2648344368395543,-0.07739926298022737,180,1.394326353121806,5.577305412487224,48,48,0,1.0,10920.292499128225,0.001960563320688548,10.0,0,0.00011571305096161592,0.003047548913140141,0.0038378137830244255,0.010465190254690431,0.0
O2,LGBM_REGRESSION,ABLATION,WITHOUT_vol_63,4,263,0.02756683978237598,0.05182040645283684,0.75,0.5426892974905075,0.023101772311454827,0.08031428782589518,0.8551538451337828,1.3753734784401956,2.1510123614476964,-0.24419229335717363,-0.09160182773227843,180,1.3320073580780696,5.328029432312278,46,46,0,1.0,9314.644121621322,0.002510560757765004,10.0,0,0.0001756977518897882,0.0033219827409396007,0.003702763999998693,0.009033338819205662,0.0
O2,LGBM_REGRESSION,FEATURE_NOISE,MILD,4,263,-0.05376412856279315,-0.058217451171750804,0.25,0.5141146826446215,-0.0050096008851241505,0.07439176120063573,1.0760592837101344,1.7805816438785107,2.362200515979176,-0.29856162213119786,-0.07401907514944295,180,1.3269739604194994,5.307895841677998,46,46,0,1.0,10424.432950605371,0.002433201693498687,10.0,0,0.00020600616062823305,0.0038578610202952145,0.00824900101397986,0.019754842659131102,0.0
O2,LGBM_REGRESSION,FEATURE_NOISE,MODERATE,4,263,-0.06092151077329604,-0.08718721371696374,0.25,0.4998359017969993,0.017795922766937103,0.07500110252103513,1.02959281339154,1.6938442529630215,2.2486952427920985,-0.32202280559847585,-0.07401906625127819,180,1.3243183644749235,5.297273457899694,46,46,0,1.0,10191.111545830041,0.0024513625004231,10.0,0,0.00018848068719407683,0.0027170711698087592,0.006796412184883437,0.009060851107979414,0.0
O2,LGBM_REGRESSION,RANK_NOISE,MILD,4,263,-0.05071167335949332,-0.04587928586324888,0.25,0.49880957037838314,0.006244470804147237,0.07562065487960276,0.9402040101892519,1.5292185421654252,2.134002697098401,-0.27184613536277114,-0.088937811333204,180,1.3188514788184196,5.275405915273678,46,46,0,1.0,9742.264861514599,0.0025899242868795825,10.0,0,0.00019705187401650078,0.0038578610202952145,0.00824900101397986,0.019754842659131102,0.0
O2,LGBM_REGRESSION,RANK_NOISE,MODERATE,4,263,-0.04795464777830286,-0.04541505757334229,0.25,0.507519237981668,0.004185469810832107,0.07592556870074757,0.8832648427842678,1.4259171154523895,2.000466494633237,-0.2940513878293435,-0.09450606549677187,180,1.269204098863279,5.076816395453116,45,45,0,1.0,9456.338037932426,0.0028546421922357543,10.0,0,0.00017536589065569037,0.0026341063394424973,0.006997266266581575,0.008402032423132233,0.0
O2,LGBM_REGRESSION,PARAMETER,LOW_COMPLEXITY,4,263,-0.05191320054426414,-0.06582244573190692,0.25,0.5181768538416871,0.020524481775805178,0.06742536576585959,0.9429146206981327,1.5341668351975235,2.11122465656239,-0.2741464274260119,-0.0892227230839262,180,1.315600969460295,5.26240387784118,46,46,0,1.0,9755.87414562299,0.0025887981789668698,10.0,0,0.00019718617146955374,0.0031843151293727535,0.0038949910507372195,0.019754842659131102,0.0
O2,LGBM_REGRESSION,PARAMETER,HIGH_COMPLEXITY,4,263,-0.04117203987755816,-0.03159588437207918,0.5,0.5237147969971409,0.018482934272362778,0.08007598728539773,0.8929403817390404,1.4433839145348428,2.0407682550298833,-0.2908623954519348,-0.09445702513685661,180,1.2670475342045926,5.06819013681837,45,45,0,1.0,9504.919810245796,0.0028649954430547556,10.0,0,0.00017536589065569037,0.002714052043845186,0.006997266266581575,0.008513477571858767,0.0
O2,LAMBDAMART,BASE,BASE,4,263,-0.05679537466115049,-0.0635779231737182,0.5,0.45848348649413495,-0.07381661949775767,0.3823970283445882,0.4854187091807063,0.7401570507034358,1.328498534955312,-0.30367719010744687,-0.09136156923324823,180,1.4909610070102632,5.963844028041053,50,50,0,1.0,7464.092938954939,0.0016946553330209248,10.0,0,0.0003079468360739556,0.003798452971588007,0.006707383077636825,0.019754842659131102,0.0
O2,LAMBDAMART,ABLATION,WITHOUT_mom_12_1,4,263,-0.0562351545553792,-0.0789928784372068,0.5,0.4947806394484756,-0.06322010454891408,0.44749352329462366,0.9575325859095523,1.56089988324868,2.1468615843076653,-0.27561723367876645,-0.09110381334345174,180,1.4126382642945137,5.650553057178055,48,48,0,1.0,9836.465392954144,0.002122569819513316,10.0,0,0.0002340396835318681,0.0033110431434047695,0.00548757751725777,0.019754842659131102,0.0
O2,LAMBDAMART,ABLATION,WITHOUT_mom_63,4,263,-0.014095313937185019,-0.009074909945538757,0.5,0.5392172776011658,-0.02084347437819255,0.42220812882061787,1.3326999372008048,2.2734252549739478,2.7223605244269238,-0.20077724079108217,-0.08351824427085774,180,1.2946182273537108,5.178472909414843,46,46,0,1.0,11714.019274582826,0.00258314930928849,10.0,0,0.00023075788662449393,0.0031212039688909097,0.006483978643803303,0.010395993236460682,0.0
O2,LAMBDAMART,ABLATION,WITHOUT_vol_63,4,263,-0.053648454596582316,-0.05187105333577608,0.25,0.49003922527232935,-0.03830356821661597,0.34707452665293614,0.5156478515240566,0.7899365302336403,1.4345071916499124,-0.24750098768799333,-0.0914794445645909,180,1.2813502545715059,5.1254010182860235,45,45,0,1.0,7603.5161486511915,0.0028980662667510075,10.0,0,0.00019125908203792202,0.0030086235165318084,0.003697705442859793,0.019754842659131102,0.0
O2,LAMBDAMART,FEATURE_NOISE,MILD,4,263,-0.05245668907424965,-0.059729615572920905,0.5,0.46310316783367667,-0.08435553550753373,0.38590941984122784,0.3467009739823699,0.5169792624900722,1.0082023958619137,-0.3217198823182965,-0.09385185632925563,180,1.49089827580652,5.96359310322608,50,50,0,1.0,6767.0315304695305,0.0017224189455008663,10.0,0,0.000301792994332705,0.0030051447189064716,0.00486590318681164,0.008113031549871082,0.0
O2,LAMBDAMART,FEATURE_NOISE,MODERATE,4,263,-0.04184368564330291,-0.055007652028039394,0.5,0.4624680252933398,-0.07027285337390096,0.39601573627356473,0.42318596037341427,0.6389522889536356,1.190318676194097,-0.3156126908480331,-0.09685254789893194,180,1.349987335730117,5.399949342920468,47,47,0,1.0,7138.718178062448,0.0024879007136372334,10.0,0,0.0001993516584751673,0.004564370783388729,0.006823821501270126,0.010365870418818928,0.0
O2,LAMBDAMART,RANK_NOISE,MILD,4,263,-0.05593843659585575,-0.06091510449508764,0.5,0.45580141309720024,-0.07848348662673058,0.38398080980380506,0.4854187091807063,0.7401570507034358,1.328498534955312,-0.30367719010744687,-0.09136156923324823,180,1.4909610070102632,5.963844028041053,50,50,0,1.0,7464.092938954939,0.0016946553330209248,10.0,0,0.0003079468360739556,0.003798452971588007,0.006707383077636825,0.019754842659131102,0.0
O2,LAMBDAMART,RANK_NOISE,MODERATE,4,263,-0.058060385999836636,-0.06086895621229997,0.5,0.45735652394685333,-0.07848348662673058,0.3859092173050535,0.4854187091807063,0.7401570507034358,1.328498534955312,-0.30367719010744687,-0.09136156923324823,180,1.4909610070102632,5.963844028041053,50,50,0,1.0,7464.092938954939,0.0016946553330209248,10.0,0,0.0003079468360739556,0.003798452971588007,0.006707383077636825,0.019754842659131102,0.0
O2,LAMBDAMART,PARAMETER,LOW_COMPLEXITY,4,263,0.010361694168127947,0.012009721507940982,0.5,0.46775755659905216,-0.06254358081679623,0.32124157140765375,0.4745160103391044,0.7223019349146529,1.2743272312166072,-0.32629303969295353,-0.09349658707162378,180,1.4909110710012263,5.963644284004905,50,50,0,1.0,7409.306986851114,0.0017094578686482757,10.0,0,0.00023425032688991206,0.002980372694965569,0.0035103690912846367,0.008174075032501766,0.0
O2,LAMBDAMART,PARAMETER,HIGH_COMPLEXITY,4,263,-0.06547979207970735,-0.07948525439037994,0.5,0.44718399670863135,-0.07799624475593822,0.4251298026173837,0.4510056048276978,0.6839792119238459,1.2515677492667407,-0.2964183693116389,-0.09110381334345174,180,1.4412441006334797,5.764976402533919,49,49,0,1.0,7284.805953334182,0.001993203603289652,10.0,0,0.00023157331565385622,0.003813304983764809,0.0067738825787163025,0.019754842659131102,0.0
O3,LGBM_REGRESSION,BASE,BASE,4,299,-0.03819882346556569,-0.050031454980430934,0.25,0.5404275367788995,-0.005316293783909453,0.029688949329467355,0.17505487670600872,0.2533760995327554,0.9534887730035005,-0.17472831309868808,-0.06457204097457891,180,1.2923804969494816,5.169521987797927,46,46,0,1.0,5891.605032183926,0.0028535414184434563,10.0,0,0.000190149785783757,0.0009869181432195133,0.0029293220901545052,0.00965425418124123,0.0
O3,LGBM_REGRESSION,ABLATION,WITHOUT_mom_12_1,4,299,0.006044614403555075,-0.02180755219374802,0.5,0.5920918120107654,0.0432044911495293,0.03019931276748166,0.12152356894897953,0.17417212692972783,0.7604031683576764,-0.17476886735857522,-0.04576140430098552,180,1.2448078624515329,4.979231449806131,45,45,0,1.0,5622.454508315172,0.003115151496115067,10.0,0,0.00021638678031208475,0.0009068305001295292,0.0036134643502023027,0.00965425418124123,0.0
O3,LGBM_REGRESSION,ABLATION,WITHOUT_mom_63,4,299,0.016712351208860658,0.016426365044576834,0.5,0.5473092876062832,0.03802567455356756,0.02429307049175046,0.2528000486011335,0.37099056547895515,1.2406973421122445,-0.11074206556985344,-0.06703715521802922,180,1.4005019211837209,5.602007684734883,48,48,0,1.0,6295.08584127125,0.0020805024285883034,10.0,0,0.0004524184902428616,0.003354754221384206,0.007195620877162275,0.016659049938852817,0.0
O3,LGBM_REGRESSION,ABLATION,WITHOUT_vol_63,4,299,-0.013132312164739025,-0.016991706853879192,0.5,0.5483490136771111,-0.015072313561866876,0.030499222279568503,0.14450263632052973,0.20799049297504202,0.7778150187723999,-0.20481601002211103,-0.0684181770116099,180,1.391864525287587,5.567458101150348,48,48,0,1.0,5744.322455848244,0.002148801213352523,10.0,0,0.0002349264226839221,0.0010253300984191473,0.0018441159595239637,0.0028008988473531738,0.0
O3,LGBM_REGRESSION,FEATURE_NOISE,MILD,4,299,-0.047262763150953416,-0.06396321389038784,0.25,0.5424032823311549,-0.01329878887154547,0.02971004313890508,0.17308080910251444,0.2504291864827044,0.9390707428669095,-0.17472831309868808,-0.0609868045607419,180,1.2923796304178148,5.169518521671259,46,46,0,1.0,5881.694030269721,0.0028597385232294295,10.0,0,0.00019021273902734414,0.00088193813325754,0.0029293220901545052,0.00965425418124123,0.0
O3,LGBM_REGRESSION,FEATURE_NOISE,MODERATE,4,299,-0.05011510376348192,-0.03354410022721668,0.5,0.5323067867461244,-0.015341378305895851,0.029412203597622744,0.19409934227544956,0.2819073651868216,1.0461990932074892,-0.17390330522474395,-0.06065740112910789,180,1.2955072616264576,5.18202904650583,46,46,0,1.0,5987.158752532103,0.0028392952855928744,10.0,0,0.0002591170189481019,0.001936533253022346,0.0029309424799629975,0.00965425418124123,0.0
O3,LGBM_REGRESSION,RANK_NOISE,MILD,4,299,-0.037736048205802564,-0.05461861134759374,0.25,0.5391690217369345,-0.004875321173194133,0.029600620355773086,0.17505487670600872,0.2533760995327554,0.9534887730035005,-0.17472831309868808,-0.06457204097457891,180,1.2923804969494816,5.169521987797927,46,46,0,1.0,5891.605032183926,0.0028535414184434563,10.0,0,0.000190149785783757,0.0009869181432195133,0.0029293220901545052,0.00965425418124123,0.0
O3,LGBM_REGRESSION,RANK_NOISE,MODERATE,4,299,-0.04099445933254843,-0.0649761163891367,0.25,0.5352827975820339,-0.00652832283230227,0.02954010613538851,0.17505487670600872,0.2533760995327554,0.9534887730035005,-0.17472831309868808,-0.06457204097457891,180,1.2923804969494816,5.169521987797927,46,46,0,1.0,5891.605032183926,0.0028535414184434563,10.0,0,0.000190149785783757,0.0009869181432195133,0.0029293220901545052,0.00965425418124123,0.0
O3,LGBM_REGRESSION,PARAMETER,LOW_COMPLEXITY,4,299,-0.04935985912880502,-0.06666261523930592,0.25,0.5686058820390667,-0.009975720070329847,0.02725299905130715,0.190345256732946,0.2762687162869293,0.998563051231203,-0.19371036595890667,-0.060062715980663484,180,1.2924034545220118,5.169613818088047,46,46,0,1.0,5968.051112200951,0.0028132309068258613,10.0,0,0.00019249517460641276,0.0022334520338093333,0.003015919881564824,0.00965425418124123,0.0
O3,LGBM_REGRESSION,PARAMETER,HIGH_COMPLEXITY,4,299,-0.025436877640175257,-0.0322389022075355,0.25,0.5332675589990541,-0.0036390865365194,0.032310140201663784,0.14761120938465466,0.21258640343352875,0.8361841795677025,-0.17472831309868808,-0.06457177053402352,180,1.2481950426509842,4.992780170603937,45,45,0,1.0,5753.978865181719,0.003152813925671521,10.0,0,0.00019027728313254094,0.0009757552466413266,0.002938702188667329,0.00965425418124123,0.0
O3,LAMBDAMART,BASE,BASE,4,299,0.015557265228248811,-0.009163538900031075,0.25,0.544694705969565,-0.010052154385346937,0.35903090972124757,0.33318008924701137,0.4956994932737917,1.7085495552840848,-0.1497291314952207,-0.07259927578162217,180,1.2514196910437203,5.005678764174881,45,45,0,1.0,6684.096348874743,0.0031332457106830283,10.0,0,0.00014755308135672553,0.0018278639776245522,0.0033285418236594804,0.00965425418124123,0.0
O3,LAMBDAMART,ABLATION,WITHOUT_mom_12_1,4,299,0.024753925944408284,0.03210223952924583,0.5,0.5282651193274541,-0.01985166966947637,0.331987915830103,-0.04844382893756605,-0.06715776212721214,-0.14296151762629972,-0.2525273917930756,-0.053371322333049864,180,1.3419508280991708,5.367803312396683,47,47,0,1.0,4769.194414234339,0.0027014614415420608,10.0,0,0.0001549439547599133,0.00044447580043241393,0.0015164253350462916,0.00965425418124123,0.0
O3,LAMBDAMART,ABLATION,WITHOUT_mom_63,4,299,-0.042863673755866756,-0.07705160100643327,0.5,0.5533683872700799,-0.04193945013754755,0.37687188158161694,0.3267299861089088,0.485578354580249,1.7506397029344343,-0.167761096818404,-0.049770442831910455,180,1.3422644154557746,5.369057661823098,47,47,0,1.0,6658.952164856151,0.0025379569622570406,10.0,0,0.00022276465684951182,0.002169861654925497,0.009382356728107558,0.014532960124387652,0.0
O3,LAMBDAMART,ABLATION,WITHOUT_vol_63,4,299,0.04971602781286121,0.055035300797955766,0.75,0.5522291195457739,0.003793833720445415,0.35336765512628815,0.21646718093984774,0.3156505609581093,1.1112437145511334,-0.16743689900187708,-0.07300971352184782,180,1.302527239070116,5.210108956280464,46,46,0,1.0,6099.9991436451555,0.002833078751301041,10.0,0,0.00020374561164288686,0.0026075568487255053,0.007458236463646932,0.00965425418124123,0.0
O3,LAMBDAMART,FEATURE_NOISE,MILD,4,299,0.018756399673698496,-0.01132859959267879,0.5,0.5472561561322221,-0.008622492904653114,0.35413296251864096,0.28714547496168485,0.4238973702489506,1.5559237271396742,-0.1497290619128412,-0.07259924102970283,180,1.2516231905839645,5.006492762335858,45,45,0,1.0,6453.291600845154,0.003167602114760378,10.0,0,0.00010029205781819177,0.0017647470411281145,0.003346661889420209,0.00965425418124123,0.0
O3,LAMBDAMART,FEATURE_NOISE,MODERATE,4,299,-0.000827447642775616,-0.021989766722756238,0.25,0.4980223651051599,-0.013194985620237692,0.34587260216527765,0.2419007062399645,0.3543210343776044,1.3299818582644876,-0.15582956928983627,-0.07267258078532479,180,1.2516567511799237,5.006627004719695,45,45,0,1.0,6233.319839690004,0.003122542372988399,10.0,0,8.180468942981289e-05,0.0005782032467584941,0.0018955432296247515,0.00965425418124123,0.0
O3,LAMBDAMART,RANK_NOISE,MILD,4,299,0.011474171050264957,-0.013182525609285158,0.25,0.5272706371802707,-0.02221712772851006,0.3589799641467485,0.25596761125492384,0.37584596980208573,1.3563332434562583,-0.16524698226940948,-0.06690639442763224,180,1.2513840404451804,5.0055361617807215,45,45,0,1.0,6296.782423058564,0.0031640619301985078,10.0,0,0.00011721110783899678,0.0004675698286135175,0.0018418761517682535,0.00965425418124123,0.0
O3,LAMBDAMART,RANK_NOISE,MODERATE,4,299,0.010978460206909495,-0.020703108035683156,0.25,0.5224949659960022,-0.028374791481456114,0.3592719236576862,0.25596761125492384,0.37584596980208573,1.3563332434562583,-0.16524698226940948,-0.06690639442763224,180,1.2513840404451804,5.0055361617807215,45,45,0,1.0,6296.782423058564,0.0031640619301985078,10.0,0,0.00011721110783899678,0.0004675698286135175,0.0018418761517682535,0.00965425418124123,0.0
O3,LAMBDAMART,PARAMETER,LOW_COMPLEXITY,4,299,0.031326800739179116,-0.014387457142103393,0.5,0.5281853881062971,-0.026291237197417,0.3075292520549091,0.3603355902683709,0.5385247420822115,1.7253016486046528,-0.16167307348740467,-0.06798625874164377,180,1.1930989919422283,4.772395967768913,44,44,0,1.0,6820.099485256893,0.0034743160896461116,10.0,0,0.00017158612215865672,0.001283654269898097,0.0022505328864537225,0.00965425418124123,0.0
O3,LAMBDAMART,PARAMETER,HIGH_COMPLEXITY,4,299,0.020110318860014045,-0.0039835343589856185,0.25,0.5767793201718531,-0.008164984818296651,0.3889089217626729,0.2206995241424885,0.3220634091203789,1.22442247528188,-0.16958327649026916,-0.06683683811102281,180,1.2022771452072276,4.8091085808289105,44,44,0,1.0,6113.101728062203,0.0035516902027471985,10.0,0,8.124526272422025e-05,0.0004637312332066011,0.0018595648812956874,0.00965425418124123,0.0
O4,LGBM_REGRESSION,BASE,BASE,1,79,0.058496686292970265,0.058496686292970265,1.0,0.6346930567851525,0.044986789907069155,0.04505073166632731,0.018182669017063002,0.07861869109642172,0.5810538760857492,-0.10838270255856775,-0.07395360722443856,60,0.9925324297077504,1.9850648594155007,10,10,0,1.0,5091.118939784236,0.0049839230275567446,10.0,0,0.00020246982041405602,0.0006713277205684076,0.0008962831459193291,0.0011212385712702517,0.0
O4,LGBM_REGRESSION,ABLATION,WITHOUT_mom_12_1,1,79,-0.03548235935321021,-0.03548235935321021,0.0,0.5065190272111477,-0.021419381397685122,0.03792371594687899,-0.013560217782462525,-0.05572948214657314,0.1640168814022085,-0.15120722097915051,-0.09526376255554903,60,0.9924530231277593,1.9849060462555186,10,10,0,1.0,4931.60694581677,0.005114888828864917,10.0,0,0.00034021664933992727,0.0012859366955822937,0.0020270782549864836,0.0027682198143906766,0.0
O4,LGBM_REGRESSION,ABLATION,WITHOUT_mom_63,1,79,-0.026387536514118796,-0.026387536514118796,0.0,0.6063305838000571,0.000501329019716848,0.041166110263069,-0.00402803424052578,-0.01680903308885051,0.3508321088188248,-0.12065381988919566,-0.07355467013105144,60,0.9924774001859284,1.984954800371857,10,10,0,1.0,4979.507365625499,0.004972128343681341,10.0,0,0.00023266715273220133,0.0006886665095056511,0.0009916464850741693,0.0012946264606426886,0.0
O4,LGBM_REGRESSION,ABLATION,WITHOUT_vol_63,1,79,0.08680992990782137,0.08680992990782137,1.0,0.6652975612174494,0.19972252440113475,0.0466114418516993,0.12185858442410358,0.620839773021302,1.9415230675902966,-0.09861825918852496,-0.07684925890952177,60,0.9927604739287859,1.9855209478575717,10,10,0,1.0,5612.103439317105,0.004856803795506878,10.0,0,0.00020246982041405602,0.0011385773602074953,0.0012166019104250917,0.0012946264606426886,0.0
O4,LGBM_REGRESSION,FEATURE_NOISE,MILD,1,79,0.06134446622248722,0.06134446622248722,1.0,0.6357032998631791,0.055826341176469355,0.045027188200722615,0.07794093430871962,0.37056251720711963,1.3013064098679141,-0.10856651920593463,-0.07857566008574557,60,0.9926692286450853,1.9853384572901707,10,10,0,1.0,5391.41173019457,0.004854928919709477,10.0,0,0.00016750985280458586,0.0006713277205684076,0.0008962831459193291,0.0011212385712702517,0.0
O4,LGBM_REGRESSION,FEATURE_NOISE,MODERATE,1,79,0.16509652138585407,0.16509652138585407,1.0,0.7044271953782748,0.19656618567734646,0.04411196330513773,0.19361185806814252,1.1029314870816957,2.819125616107894,-0.08034049421773515,-0.0740319122682056,60,0.9928951045671781,1.9857902091343562,10,10,0,1.0,5972.672653608756,0.004744861995194414,10.0,0,0.00016750985280458586,0.000509372370511562,0.0008153054708909062,0.0011212385712702517,0.0
O4,LGBM_REGRESSION,RANK_NOISE,MILD,1,79,0.07100778967867577,0.07100778967867577,1.0,0.6285497179045962,0.03977271368438766,0.04500790126044421,0.010044341816084268,0.04286921728053694,0.5128026388182881,-0.11502598601188452,-0.07417662047703111,60,0.9925125470197969,1.9850250940395937,10,10,0,1.0,5050.222823196404,0.004995301911453535,10.0,0,0.00016750985280458586,0.0006713277205684076,0.0008962831459193291,0.0011212385712702517,0.0
O4,LGBM_REGRESSION,RANK_NOISE,MODERATE,1,79,0.07035053554040896,0.07035053554040896,1.0,0.6287029801001588,0.03977271368438766,0.0450061606370671,0.010044341816084268,0.04286921728053694,0.5128026388182881,-0.11502598601188452,-0.07417662047703111,60,0.9925125470197969,1.9850250940395937,10,10,0,1.0,5050.222823196404,0.004995301911453535,10.0,0,0.00016750985280458586,0.0006713277205684076,0.0008962831459193291,0.0011212385712702517,0.0
O4,LGBM_REGRESSION,PARAMETER,LOW_COMPLEXITY,1,79,0.06597205324533907,0.06597205324533907,1.0,0.6704944730256849,0.09938225359890453,0.04079436824150734,0.07299294009384494,0.3443329108203308,1.2499613809590784,-0.11604324699855961,-0.07683989344254716,60,0.9926584802849185,1.985316960569837,10,10,0,1.0,5366.547437657511,0.00484509261840982,10.0,0,0.00015777392593203623,0.0006713277205684076,0.0008962831459193291,0.0011212385712702517,0.0
O4,LGBM_REGRESSION,PARAMETER,HIGH_COMPLEXITY,1,79,0.04267283349561831,0.04267283349561831,1.0,0.5971761452295569,0.02254925480494564,0.050418042590007685,-0.0048078362218643145,-0.020038124269988966,0.2883975513244998,-0.11416225360792753,-0.07343122831116722,60,0.9924754235041218,1.9849508470082435,10,10,0,1.0,4975.588762704199,0.005063777921764092,10.0,0,0.0001977542930019005,0.0006713277205684076,0.0008962831459193291,0.0011212385712702517,0.0
O4,LAMBDAMART,BASE,BASE,1,79,0.13078219804403604,0.13078219804403604,1.0,0.6537054096103807,0.29054181337637297,0.4858177918913648,0.1455387492335103,0.769461403921623,2.2262920320904516,-0.10587365323661013,-0.07508696199808373,60,0.9928067696263019,1.9856135392526038,10,10,0,1.0,5731.099242379448,0.004850222729354678,10.0,0,0.00026754353631752714,0.0019241309167078494,0.004756900969001077,0.007589671021294317,0.0
O4,LAMBDAMART,ABLATION,WITHOUT_mom_12_1,1,79,0.25186681844786385,0.25186681844786385,1.0,0.6203316152805624,0.29755471462657984,0.40690844407576116,0.10781845465557804,0.5373335371367056,1.6454937948311532,-0.13149453129062005,-0.08183801670937574,60,0.9927320902588663,1.9854641805177327,10,10,0,1.0,5541.550023394865,0.005087873504668468,10.0,0,0.0003007049595475809,0.0038946747061513937,0.005742172863722851,0.007589671021294317,0.0
O4,LAMBDAMART,ABLATION,WITHOUT_mom_63,1,79,0.007059568151267721,0.007059568151267721,1.0,0.6580450731178586,0.11151857456558563,0.37230249064878623,0.018275010361620714,0.07902960491349842,0.7898056486775084,-0.13737018514260035,-0.08625413613185284,60,0.9925326534826703,1.9850653069653406,10,10,0,1.0,5091.58296664131,0.005017318942655128,10.0,0,0.0001124958890072262,0.001341618331641605,0.0015530817511367283,0.0017645451706318528,0.0
O4,LAMBDAMART,ABLATION,WITHOUT_vol_63,1,79,0.06877034966516504,0.06877034966516504,1.0,0.660496960228323,0.21631365901436617,0.47621306424451015,0.14501428145901674,0.7660613855587912,2.2223328067970995,-0.10290684838910813,-0.07517777364984546,60,0.9928057650065009,1.9856115300130017,10,10,0,1.0,5728.463725924707,0.0048706839791008115,10.0,0,0.00026754353631752714,0.0029940779989099824,0.005291874510102145,0.007589671021294317,0.0
O4,LAMBDAMART,FEATURE_NOISE,MILD,1,79,0.15456520548731625,0.15456520548731625,1.0,0.6642886700816302,0.2947656943664652,0.48955753736083046,0.15228449098773633,0.8136388477541616,2.229724432167984,-0.09805292618013262,-0.07112908568800791,60,0.9928196095890311,1.9856392191780623,10,10,0,1.0,5764.997442149429,0.004845125647318996,10.0,0,0.00026754353631752714,0.0019241309167078494,0.004756900969001077,0.007589671021294317,0.0
O4,LAMBDAMART,FEATURE_NOISE,MODERATE,1,79,0.18442176498494497,0.18442176498494497,1.0,0.6609688073965426,0.23935986129487274,0.48567689151031995,0.1681445168209197,0.9208153339698049,2.3837317793500987,-0.09701214532308322,-0.07232527428000246,60,0.9928492136279563,1.9856984272559126,10,10,0,1.0,5844.696064426733,0.004826219140881319,10.0,0,0.00030247599890587053,0.0019241309167078494,0.004756900969001077,0.007589671021294317,0.0
O4,LAMBDAMART,RANK_NOISE,MILD,1,79,0.13846153846153847,0.13846153846153847,1.0,0.6569969398441312,0.27633650225780865,0.48498259245116293,0.1455387492335103,0.769461403921623,2.2262920320904516,-0.10587365323661013,-0.07508696199808373,60,0.9928067696263019,1.9856135392526038,10,10,0,1.0,5731.099242379448,0.004850222729354678,10.0,0,0.00026754353631752714,0.0019241309167078494,0.004756900969001077,0.007589671021294317,0.0
O4,LAMBDAMART,RANK_NOISE,MODERATE,1,79,0.14790652385589095,0.14790652385589095,1.0,0.6569969398441312,0.2870379080244857,0.4845901802160218,0.1455387492335103,0.769461403921623,2.2262920320904516,-0.10587365323661013,-0.07508696199808373,60,0.9928067696263019,1.9856135392526038,10,10,0,1.0,5731.099242379448,0.004850222729354678,10.0,0,0.00026754353631752714,0.0019241309167078494,0.004756900969001077,0.007589671021294317,0.0
O4,LAMBDAMART,PARAMETER,LOW_COMPLEXITY,1,79,0.1081304771178189,0.1081304771178189,1.0,0.6004670278083584,0.2506032568394411,0.41027774225669106,0.1287952308054261,0.663350206854638,2.109241331980843,-0.10550296327873421,-0.07484168091129484,60,0.9927742365205289,1.9855484730410577,10,10,0,1.0,5646.960958821237,0.004812045327209366,10.0,0,0.00020246982041405602,0.0019241309167078494,0.004756900969001077,0.007589671021294317,0.0
O4,LAMBDAMART,PARAMETER,HIGH_COMPLEXITY,1,79,0.1269603636851875,0.1269603636851875,1.0,0.6627921902130572,0.2870943827432433,0.5091450041638216,0.1497266063209659,0.7967896738307851,2.324638616411309,-0.09833894948924204,-0.073850047414183,60,0.9928147586012775,1.985629517202555,10,10,0,1.0,5752.143750356613,0.004905567305114735,10.0,0,0.0004944338689986398,0.0019241309167078494,0.004756900969001077,0.007589671021294317,0.0
