signal_date,trade_date,k,cost_bps,delay_sessions,capital_try,adv_limit_pct,attempted_trades,filled_now,unfilled_now,turnover_two_sided_notional,cost_try,cash_after,selected,terminal_liquidation,outer_fold,architecture,case
2022-02-21,2022-02-22,5,0,0,1000000,0.1,5,5,0,1.0,0.0,0.0,5,,O1,LGBM_REGRESSION,K_SENSITIVITY
2022-05-20,2022-05-23,5,0,0,1000000,0.1,14,9,0,1.6322181533806854,0.0,2.3283064365386963e-10,5,,O1,LGBM_REGRESSION,K_SENSITIVITY
2022-08-17,2022-08-18,5,0,0,1000000,0.1,24,9,1,1.7999999999999998,0.0,475217.88708121335,5,,O1,LGBM_REGRESSION,K_SENSITIVITY
,2022-11-11,5,0,0,1000000,0.1,0,4,0,0.8447628320941569,0.0,,0,True,O1,LGBM_REGRESSION,K_SENSITIVITY
2022-02-21,2022-02-22,5,30,0,1000000,0.1,5,5,0,0.994,2982.0,3018.0,5,,O1,LGBM_REGRESSION,K_SENSITIVITY
2022-05-20,2022-05-23,5,30,0,1000000,0.1,14,9,0,1.6250509260124983,7969.277790620466,1838.7567307040363,5,,O1,LGBM_REGRESSION,K_SENSITIVITY
2022-08-17,2022-08-18,5,30,0,1000000,0.1,24,10,0,1.9932188278018355,14075.172710942777,47.88544465918312,5,,O1,LGBM_REGRESSION,K_SENSITIVITY
,2022-11-11,5,30,0,1000000,0.1,0,5,0,0.9999854976699587,9905.597942822087,,0,True,O1,LGBM_REGRESSION,K_SENSITIVITY
2022-02-21,2022-02-22,5,50,0,1000000,0.1,5,5,0,0.99,4950.0,5050.0,5,,O1,LGBM_REGRESSION,K_SENSITIVITY
2022-05-20,2022-05-23,5,50,0,1000000,0.1,14,9,0,1.6202596070008652,13206.237069017501,3095.1469955554785,5,,O1,LGBM_REGRESSION,K_SENSITIVITY
2022-08-17,2022-08-18,5,50,0,1000000,0.1,24,10,0,1.988676799731851,23258.9395951124,132.43259593361654,5,,O1,LGBM_REGRESSION,K_SENSITIVITY
,2022-11-11,5,50,0,1000000,0.1,0,5,0,0.9999594780030847,16340.165784219662,,0,True,O1,LGBM_REGRESSION,K_SENSITIVITY
2022-02-21,2022-02-22,5,100,0,1000000,0.1,5,5,0,0.98,9800.0,10200.0,5,,O1,LGBM_REGRESSION,K_SENSITIVITY
2022-05-20,2022-05-23,5,100,0,1000000,0.1,14,9,0,1.6082347503080148,26035.284132769182,6342.183308203446,5,,O1,LGBM_REGRESSION,K_SENSITIVITY
2022-08-17,2022-08-18,5,100,0,1000000,0.1,24,10,0,1.9772458911257123,45532.17196308241,523.9833865786059,5,,O1,LGBM_REGRESSION,K_SENSITIVITY
,2022-11-11,5,100,0,1000000,0.1,0,5,0,0.9998354996795398,31847.79152273018,,0,True,O1,LGBM_REGRESSION,K_SENSITIVITY
2022-02-21,2022-02-22,10,0,0,1000000,0.1,10,10,0,0.9999999999999999,0.0,0.0,10,,O1,LGBM_REGRESSION,K_SENSITIVITY
2022-05-20,2022-05-23,10,0,0,1000000,0.1,28,18,0,1.6146342371416909,0.0,1.7462298274040222e-10,10,,O1,LGBM_REGRESSION,K_SENSITIVITY
2022-08-17,2022-08-18,10,0,0,1000000,0.1,47,19,0,1.8000000000000005,0.0,5.820766091346741e-11,10,,O1,LGBM_REGRESSION,K_SENSITIVITY
,2022-11-11,10,0,0,1000000,0.1,0,10,0,1.0,0.0,,0,True,O1,LGBM_REGRESSION,K_SENSITIVITY
2022-02-21,2022-02-22,10,30,0,1000000,0.1,10,10,0,0.9940000000000002,2981.9999999999995,3018.0000000000005,10,,O1,LGBM_REGRESSION,K_SENSITIVITY
2022-05-20,2022-05-23,10,30,0,1000000,0.1,28,18,0,1.608114018689693,6895.0335660507935,1680.2707791832709,10,,O1,LGBM_REGRESSION,K_SENSITIVITY
2022-08-17,2022-08-18,10,30,0,1000000,0.1,47,19,0,1.7943616932501747,10789.654936276007,1236.5212542471909,10,,O1,LGBM_REGRESSION,K_SENSITIVITY
,2022-11-11,10,30,0,1000000,0.1,0,10,0,0.9995606600985979,8439.784302608303,,0,True,O1,LGBM_REGRESSION,K_SENSITIVITY
2022-02-21,2022-02-22,10,50,0,1000000,0.1,10,10,0,0.9899999999999999,4950.0,5050.0,10,,O1,LGBM_REGRESSION,K_SENSITIVITY
2022-05-20,2022-05-23,10,50,0,1000000,0.1,28,18,0,1.603748320913921,11430.797610978265,2824.3039681325718,10,,O1,LGBM_REGRESSION,K_SENSITIVITY
2022-08-17,2022-08-18,10,50,0,1000000,0.1,47,19,0,1.7905823715851605,17836.65184895754,2086.0862858625333,10,,O1,LGBM_REGRESSION,K_SENSITIVITY
,2022-11-11,10,50,0,1000000,0.1,0,10,0,0.9992515281495866,13925.205789963087,,0,True,O1,LGBM_REGRESSION,K_SENSITIVITY
2022-02-21,2022-02-22,10,100,0,1000000,0.1,10,10,0,0.9799999999999999,9800.0,10200.0,10,,O1,LGBM_REGRESSION,K_SENSITIVITY
2022-05-20,2022-05-23,10,100,0,1000000,0.1,28,18,0,1.5927674021675802,22558.557051653705,5767.684458504933,10,,O1,LGBM_REGRESSION,K_SENSITIVITY
2022-08-17,2022-08-18,10,100,0,1000000,0.1,47,19,0,1.7810609244851598,34951.79814854096,4296.49220249708,10,,O1,LGBM_REGRESSION,K_SENSITIVITY
,2022-11-11,10,100,0,1000000,0.1,0,10,0,0.9984203414286489,27155.9012153714,,0,True,O1,LGBM_REGRESSION,K_SENSITIVITY
2022-02-21,2022-02-22,15,0,0,1000000,0.1,15,15,0,0.9999999999999999,0.0,1.4551915228366852e-10,15,,O1,LGBM_REGRESSION,K_SENSITIVITY
2022-05-20,2022-05-23,15,0,0,1000000,0.1,41,25,1,1.4055804522575703,0.0,92527.35847229889,15,,O1,LGBM_REGRESSION,K_SENSITIVITY
2022-08-17,2022-08-18,15,0,0,1000000,0.1,68,27,0,1.6839291357180735,0.0,0.0,15,,O1,LGBM_REGRESSION,K_SENSITIVITY
,2022-11-11,15,0,0,1000000,0.1,0,15,0,1.0,0.0,,0,True,O1,LGBM_REGRESSION,K_SENSITIVITY
2022-02-21,2022-02-22,15,30,0,1000000,0.1,15,15,0,0.9940000000000003,2982.0000000000005,3018.000000000145,15,,O1,LGBM_REGRESSION,K_SENSITIVITY
2022-05-20,2022-05-23,15,30,0,1000000,0.1,41,26,0,1.4667431408661493,6083.761225111192,2211.8442638204224,15,,O1,LGBM_REGRESSION,K_SENSITIVITY
2022-08-17,2022-08-18,15,30,0,1000000,0.1,69,28,0,1.7290674802004835,10096.572026909216,1582.0606956704833,15,,O1,LGBM_REGRESSION,K_SENSITIVITY
,2022-11-11,15,30,0,1000000,0.1,0,15,0,0.9993943841692071,7832.205637345238,,0,True,O1,LGBM_REGRESSION,K_SENSITIVITY
2022-02-21,2022-02-22,15,50,0,1000000,0.1,15,15,0,0.9900000000000004,4950.0,5050.0,15,,O1,LGBM_REGRESSION,K_SENSITIVITY
2022-05-20,2022-05-23,15,50,0,1000000,0.1,41,26,0,1.4630530737031149,10088.345479039623,3702.467254096873,15,,O1,LGBM_REGRESSION,K_SENSITIVITY
2022-08-17,2022-08-18,15,50,0,1000000,0.1,69,28,0,1.7249260152552959,16690.17818280494,2661.583035005915,15,,O1,LGBM_REGRESSION,K_SENSITIVITY
,2022-11-11,15,50,0,1000000,0.1,0,15,0,0.9989715060596772,12925.917736317528,,0,True,O1,LGBM_REGRESSION,K_SENSITIVITY
2022-02-21,2022-02-22,15,100,0,1000000,0.1,15,15,0,0.9800000000000002,9800.0,10199.999999999774,15,,O1,LGBM_REGRESSION,K_SENSITIVITY
2022-05-20,2022-05-23,15,100,0,1000000,0.1,41,26,0,1.453754685219406,19921.55886873416,7485.484522121704,15,,O1,LGBM_REGRESSION,K_SENSITIVITY
2022-08-17,2022-08-18,15,100,0,1000000,0.1,69,28,0,1.7147421140908758,32706.086379475117,5440.858412646663,15,,O1,LGBM_REGRESSION,K_SENSITIVITY
,2022-11-11,15,100,0,1000000,0.1,0,15,0,0.9978475153070858,25222.697592552107,,0,True,O1,LGBM_REGRESSION,K_SENSITIVITY
2022-02-21,2022-02-22,20,0,0,1000000,0.1,20,20,0,1.0000000000000002,0.0,0.0,20,,O1,LGBM_REGRESSION,K_SENSITIVITY
2022-05-20,2022-05-23,20,0,0,1000000,0.1,50,30,0,1.0419368379763345,0.0,1.3096723705530167e-10,20,,O1,LGBM_REGRESSION,K_SENSITIVITY
2022-08-17,2022-08-18,20,0,0,1000000,0.1,86,36,0,1.603152487389507,0.0,2.0372681319713593e-10,20,,O1,LGBM_REGRESSION,K_SENSITIVITY
,2022-11-11,20,0,0,1000000,0.1,0,20,0,0.9999999999999999,0.0,,0,True,O1,LGBM_REGRESSION,K_SENSITIVITY
2022-02-21,2022-02-22,20,30,0,1000000,0.1,20,20,0,0.9939999999999998,2981.999999999999,3018.000000000001,20,,O1,LGBM_REGRESSION,K_SENSITIVITY
2022-05-20,2022-05-23,20,30,0,1000000,0.1,50,30,0,1.0377652015474026,4346.056825838867,4029.7430552102596,20,,O1,LGBM_REGRESSION,K_SENSITIVITY
2022-08-17,2022-08-18,20,30,0,1000000,0.1,86,36,0,1.597134337195045,9591.165447718386,2419.3025816181816,20,,O1,LGBM_REGRESSION,K_SENSITIVITY
,2022-11-11,20,30,0,1000000,0.1,0,20,0,0.9991239554516356,8277.603585204435,,0,True,O1,LGBM_REGRESSION,K_SENSITIVITY
2022-02-21,2022-02-22,20,50,0,1000000,0.1,20,20,0,0.9899999999999999,4950.0,5050.0,20,,O1,LGBM_REGRESSION,K_SENSITIVITY
2022-05-20,2022-05-23,20,50,0,1000000,0.1,50,30,0,1.0349713148805038,7205.435207072839,6718.496989839953,20,,O1,LGBM_REGRESSION,K_SENSITIVITY
2022-08-17,2022-08-18,20,50,0,1000000,0.1,86,36,0,1.593105320275566,15861.76199323986,4051.2491446508866,20,,O1,LGBM_REGRESSION,K_SENSITIVITY
,2022-11-11,20,50,0,1000000,0.1,0,20,0,0.998520260052441,13668.801589520966,,0,True,O1,LGBM_REGRESSION,K_SENSITIVITY
2022-02-21,2022-02-22,20,100,0,1000000,0.1,20,20,0,0.9800000000000003,9800.0,10200.0,20,,O1,LGBM_REGRESSION,K_SENSITIVITY
2022-05-20,2022-05-23,20,100,0,1000000,0.1,50,30,0,1.0279414369814197,14221.874583937251,13448.718452375431,20,,O1,LGBM_REGRESSION,K_SENSITIVITY
2022-08-17,2022-08-18,20,100,0,1000000,0.1,86,36,0,1.582972700600844,31113.002063740656,8196.585589831433,20,,O1,LGBM_REGRESSION,K_SENSITIVITY
,2022-11-11,20,100,0,1000000,0.1,0,20,0,0.996940718499946,26710.55254976828,,0,True,O1,LGBM_REGRESSION,K_SENSITIVITY
2022-02-21,2022-02-23,10,50,1,1000000,0.1,10,10,0,0.9899999999999999,4950.0,5050.0,10,,O1,LGBM_REGRESSION,DELAY
2022-05-20,2022-05-24,10,50,1,1000000,0.1,28,18,0,1.6049649166103048,11338.611657515863,2790.8082944951057,10,,O1,LGBM_REGRESSION,DELAY
2022-08-17,2022-08-19,10,50,1,1000000,0.1,47,19,0,1.7906121010126852,18002.949600091844,2105.201785582467,10,,O1,LGBM_REGRESSION,DELAY
,2022-11-14,10,50,1,1000000,0.1,0,10,0,0.9992574204728288,14164.398753692758,,0,True,O1,LGBM_REGRESSION,DELAY
2022-02-21,2022-02-24,10,50,2,1000000,0.1,10,10,0,0.9899999999999999,4950.0,5050.0,10,,O1,LGBM_REGRESSION,DELAY
2022-05-20,2022-05-25,10,50,2,1000000,0.1,28,18,0,1.5967653646730127,12369.556240084725,3123.710978443416,10,,O1,LGBM_REGRESSION,DELAY
2022-08-17,2022-08-22,10,50,2,1000000,0.1,47,19,0,1.7905700839127048,19557.87293564451,2287.541674329681,10,,O1,LGBM_REGRESSION,DELAY
,2022-11-15,10,50,2,1000000,0.1,0,10,0,0.999274131664277,15745.839209148526,,0,True,O1,LGBM_REGRESSION,DELAY
2022-02-21,2022-02-22,10,50,0,1000000,0.05,10,10,0,0.9899999999999999,4950.0,5050.0,10,,O1,LGBM_REGRESSION,CAPACITY
2022-05-20,2022-05-23,10,50,0,1000000,0.05,28,18,0,1.603748320913921,11430.797610978265,2824.3039681325718,10,,O1,LGBM_REGRESSION,CAPACITY
2022-08-17,2022-08-18,10,50,0,1000000,0.05,47,19,0,1.7905823715851605,17836.65184895754,2086.0862858625333,10,,O1,LGBM_REGRESSION,CAPACITY
,2022-11-11,10,50,0,1000000,0.05,0,10,0,0.9992515281495866,13925.205789963087,,0,True,O1,LGBM_REGRESSION,CAPACITY
2022-02-21,2022-02-22,10,50,0,1000000,0.2,10,10,0,0.9899999999999999,4950.0,5050.0,10,,O1,LGBM_REGRESSION,CAPACITY
2022-05-20,2022-05-23,10,50,0,1000000,0.2,28,18,0,1.603748320913921,11430.797610978265,2824.3039681325718,10,,O1,LGBM_REGRESSION,CAPACITY
2022-08-17,2022-08-18,10,50,0,1000000,0.2,47,19,0,1.7905823715851605,17836.65184895754,2086.0862858625333,10,,O1,LGBM_REGRESSION,CAPACITY
,2022-11-11,10,50,0,1000000,0.2,0,10,0,0.9992515281495866,13925.205789963087,,0,True,O1,LGBM_REGRESSION,CAPACITY
2022-02-21,2022-02-22,10,50,0,10000000,0.05,10,10,0,0.9899999999999999,49500.0,50500.0,10,,O1,LGBM_REGRESSION,CAPACITY
2022-05-20,2022-05-23,10,50,0,10000000,0.05,28,15,3,1.2307026290260727,87718.95495222768,382048.05465581804,10,,O1,LGBM_REGRESSION,CAPACITY
2022-08-17,2022-08-18,10,50,0,10000000,0.05,47,18,1,1.870151778612618,171354.62916815243,1826093.363334862,10,,O1,LGBM_REGRESSION,CAPACITY
,2022-11-11,10,50,0,10000000,0.05,0,9,0,0.9310693497741463,123328.26941688833,,0,True,O1,LGBM_REGRESSION,CAPACITY
2022-02-21,2022-02-22,10,50,0,10000000,0.1,10,10,0,0.9899999999999999,49500.0,50500.0,10,,O1,LGBM_REGRESSION,CAPACITY
2022-05-20,2022-05-23,10,50,0,10000000,0.1,28,18,0,1.603748320913921,114307.97610978264,28243.039681326656,10,,O1,LGBM_REGRESSION,CAPACITY
2022-08-17,2022-08-18,10,50,0,10000000,0.1,47,19,0,1.7905823715851603,178366.51848957542,20860.86285861308,10,,O1,LGBM_REGRESSION,CAPACITY
,2022-11-11,10,50,0,10000000,0.1,0,10,0,0.9992515281495873,139252.05789963095,,0,True,O1,LGBM_REGRESSION,CAPACITY
2022-02-21,2022-02-22,10,50,0,10000000,0.2,10,10,0,0.9899999999999999,49500.0,50500.0,10,,O1,LGBM_REGRESSION,CAPACITY
2022-05-20,2022-05-23,10,50,0,10000000,0.2,28,18,0,1.603748320913921,114307.97610978264,28243.039681326656,10,,O1,LGBM_REGRESSION,CAPACITY
2022-08-17,2022-08-18,10,50,0,10000000,0.2,47,19,0,1.7905823715851603,178366.51848957542,20860.86285861308,10,,O1,LGBM_REGRESSION,CAPACITY
,2022-11-11,10,50,0,10000000,0.2,0,10,0,0.9992515281495873,139252.05789963095,,0,True,O1,LGBM_REGRESSION,CAPACITY
2022-02-21,2022-02-22,10,50,0,50000000,0.05,10,8,2,0.7919999999999999,198000.0,10202000.0,10,,O1,LGBM_REGRESSION,CAPACITY
2022-05-20,2022-05-23,10,50,0,50000000,0.05,26,11,5,0.8932429250281511,315614.7809155052,2221968.7713763146,10,,O1,LGBM_REGRESSION,CAPACITY
2022-08-17,2022-08-18,10,50,0,50000000,0.05,45,11,8,1.1342743038169223,539698.6652121703,15411691.45202158,10,,O1,LGBM_REGRESSION,CAPACITY
,2022-11-11,10,50,0,50000000,0.05,0,8,0,0.8620816418936371,481666.7068016649,,0,True,O1,LGBM_REGRESSION,CAPACITY
2022-02-21,2022-02-22,10,50,0,50000000,0.1,10,8,2,0.7919999999999999,198000.0,10202000.0,10,,O1,LGBM_REGRESSION,CAPACITY
2022-05-20,2022-05-23,10,50,0,50000000,0.1,26,13,3,1.0867814299823095,383998.88016588107,1838303.4105577054,10,,O1,LGBM_REGRESSION,CAPACITY
2022-08-17,2022-08-18,10,50,0,50000000,0.1,45,16,3,1.5946826632762945,724989.2879268422,2084644.2336550944,10,,O1,LGBM_REGRESSION,CAPACITY
,2022-11-11,10,50,0,50000000,0.1,0,9,0,0.982467838644467,584096.8130080046,,0,True,O1,LGBM_REGRESSION,CAPACITY
2022-02-21,2022-02-22,10,50,0,50000000,0.2,10,9,1,0.8909999999999999,222750.0,5227250.0,10,,O1,LGBM_REGRESSION,CAPACITY
2022-05-20,2022-05-23,10,50,0,50000000,0.2,27,14,3,1.1629477076005954,416410.96289013466,2002625.732682236,10,,O1,LGBM_REGRESSION,CAPACITY
2022-08-17,2022-08-18,10,50,0,50000000,0.2,46,18,1,1.8692481738058695,860480.508676342,9174824.247540843,10,,O1,LGBM_REGRESSION,CAPACITY
,2022-11-11,10,50,0,50000000,0.2,0,9,0,0.9310664399443318,619609.0077441451,,0,True,O1,LGBM_REGRESSION,CAPACITY
2022-02-21,2022-02-22,5,0,0,1000000,0.1,5,5,0,1.0,0.0,0.0,5,,O1,LAMBDAMART,K_SENSITIVITY
2022-05-20,2022-05-23,5,0,0,1000000,0.1,15,9,1,1.7999999999999998,0.0,260569.76753455622,5,,O1,LAMBDAMART,K_SENSITIVITY
2022-08-17,2022-08-18,5,0,0,1000000,0.1,23,8,0,1.462309618125784,0.0,2.3283064365386963e-10,5,,O1,LAMBDAMART,K_SENSITIVITY
,2022-11-11,5,0,0,1000000,0.1,0,5,0,1.0,0.0,,0,True,O1,LAMBDAMART,K_SENSITIVITY
2022-02-21,2022-02-22,5,30,0,1000000,0.1,5,5,0,0.994,2982.0,3018.0,5,,O1,LAMBDAMART,K_SENSITIVITY
2022-05-20,2022-05-23,5,30,0,1000000,0.1,15,10,0,1.9916749735420805,7755.879572476826,32.41889540381271,5,,O1,LAMBDAMART,K_SENSITIVITY
2022-08-17,2022-08-18,5,30,0,1000000,0.1,24,9,0,1.6221372873275883,8482.879891439237,1976.0127777679463,5,,O1,LAMBDAMART,K_SENSITIVITY
,2022-11-11,5,30,0,1000000,0.1,0,5,0,0.9991647482432767,7091.379193393317,,0,True,O1,LAMBDAMART,K_SENSITIVITY
2022-02-21,2022-02-22,5,50,0,1000000,0.1,5,5,0,0.99,4950.0,5050.0,5,,O1,LAMBDAMART,K_SENSITIVITY
2022-05-20,2022-05-23,5,50,0,1000000,0.1,15,10,0,1.9860999956460925,12858.709975495734,89.9935174650418,5,,O1,LAMBDAMART,K_SENSITIVITY
2022-08-17,2022-08-18,5,50,0,1000000,0.1,24,9,0,1.6181163302499775,14012.397584546909,3306.996976389464,5,,O1,LAMBDAMART,K_SENSITIVITY
,2022-11-11,5,50,0,1000000,0.1,0,5,0,0.9985882307233603,11695.708053371915,,0,True,O1,LAMBDAMART,K_SENSITIVITY
2022-02-21,2022-02-22,5,100,0,1000000,0.1,5,5,0,0.98,9800.0,10200.0,5,,O1,LAMBDAMART,K_SENSITIVITY
2022-05-20,2022-05-23,5,100,0,1000000,0.1,15,10,0,1.9720745419534247,25380.43884620265,359.3983721840523,5,,O1,LAMBDAMART,K_SENSITIVITY
2022-08-17,2022-08-18,5,100,0,1000000,0.1,24,9,0,1.6080165059521248,27405.178185972924,6680.514447817623,5,,O1,LAMBDAMART,K_SENSITIVITY
,2022-11-11,5,100,0,1000000,0.1,0,5,0,0.9970766444866137,22785.40840678808,,0,True,O1,LAMBDAMART,K_SENSITIVITY
2022-02-21,2022-02-22,10,0,0,1000000,0.1,10,10,0,0.9999999999999999,0.0,0.0,10,,O1,LAMBDAMART,K_SENSITIVITY
2022-05-20,2022-05-23,10,0,0,1000000,0.1,26,16,0,1.274223344043949,0.0,1.7462298274040222e-10,10,,O1,LAMBDAMART,K_SENSITIVITY
2022-08-17,2022-08-18,10,0,0,1000000,0.1,42,16,0,1.2011170005416978,0.0,2.0372681319713593e-10,10,,O1,LAMBDAMART,K_SENSITIVITY
,2022-11-11,10,0,0,1000000,0.1,0,10,0,0.9999999999999999,0.0,,0,True,O1,LAMBDAMART,K_SENSITIVITY
2022-02-21,2022-02-22,10,30,0,1000000,0.1,10,10,0,0.9940000000000002,2981.9999999999995,3018.0000000000005,10,,O1,LAMBDAMART,K_SENSITIVITY
2022-05-20,2022-05-23,10,30,0,1000000,0.1,26,16,0,1.267676209639357,5752.534448656721,3323.1812663102155,10,,O1,LAMBDAMART,K_SENSITIVITY
2022-08-17,2022-08-18,10,30,0,1000000,0.1,42,16,0,1.1973174628410805,6832.756570751835,4580.685198549125,10,,O1,LAMBDAMART,K_SENSITIVITY
,2022-11-11,10,30,0,1000000,0.1,0,10,0,0.9983751978060613,8443.937067998915,,0,True,O1,LAMBDAMART,K_SENSITIVITY
2022-02-21,2022-02-22,10,50,0,1000000,0.1,10,10,0,0.9899999999999999,4950.0,5050.0,10,,O1,LAMBDAMART,K_SENSITIVITY
2022-05-20,2022-05-23,10,50,0,1000000,0.1,26,16,0,1.2633987561829656,9529.667936192083,5556.096379396782,10,,O1,LAMBDAMART,K_SENSITIVITY
2022-08-17,2022-08-18,10,50,0,1000000,0.1,42,16,0,1.1950630275063814,11303.962455737157,7613.80538672379,10,,O1,LAMBDAMART,K_SENSITIVITY
,2022-11-11,10,50,0,1000000,0.1,0,10,0,0.9972764191988742,13939.495698844406,,0,True,O1,LAMBDAMART,K_SENSITIVITY
2022-02-21,2022-02-22,10,100,0,1000000,0.1,10,10,0,0.9799999999999999,9800.0,10200.0,10,,O1,LAMBDAMART,K_SENSITIVITY
2022-05-20,2022-05-23,10,100,0,1000000,0.1,26,16,0,1.2537626631560819,18788.126184547742,11182.659733183493,10,,O1,LAMBDAMART,K_SENSITIVITY
2022-08-17,2022-08-18,10,100,0,1000000,0.1,42,16,0,1.1900069166960197,22204.66787222605,15113.884752452595,10,,O1,LAMBDAMART,K_SENSITIVITY
,2022-11-11,10,100,0,1000000,0.1,0,10,0,0.9944782270850292,27220.295989058042,,0,True,O1,LAMBDAMART,K_SENSITIVITY
2022-02-21,2022-02-22,15,0,0,1000000,0.1,15,15,0,0.9999999999999999,0.0,1.4551915228366852e-10,15,,O1,LAMBDAMART,K_SENSITIVITY
2022-05-20,2022-05-23,15,0,0,1000000,0.1,37,22,0,0.9843788397666058,0.0,1.0186340659856796e-10,15,,O1,LAMBDAMART,K_SENSITIVITY
2022-08-17,2022-08-18,15,0,0,1000000,0.1,60,22,1,1.01760348261859,0.0,127421.3660757412,15,,O1,LAMBDAMART,K_SENSITIVITY
,2022-11-11,15,0,0,1000000,0.1,0,14,0,0.9530341298958306,0.0,,0,True,O1,LAMBDAMART,K_SENSITIVITY
2022-02-21,2022-02-22,15,30,0,1000000,0.1,15,15,0,0.9940000000000003,2982.0000000000005,3018.000000000145,15,,O1,LAMBDAMART,K_SENSITIVITY
2022-05-20,2022-05-23,15,30,0,1000000,0.1,37,22,0,0.979440652055253,4136.540595614673,4310.200076083258,15,,O1,LAMBDAMART,K_SENSITIVITY
2022-08-17,2022-08-18,15,30,0,1000000,0.1,60,23,0,1.0805637741026173,6148.907493546765,5232.017243918628,15,,O1,LAMBDAMART,K_SENSITIVITY
,2022-11-11,15,30,0,1000000,0.1,0,15,0,0.9981035036298929,8260.645511141214,,0,True,O1,LAMBDAMART,K_SENSITIVITY
2022-02-21,2022-02-22,15,50,0,1000000,0.1,15,15,0,0.9900000000000004,4950.0,5050.0,15,,O1,LAMBDAMART,K_SENSITIVITY
2022-05-20,2022-05-23,15,50,0,1000000,0.1,37,22,0,0.9761426381088268,6853.3466747874245,7188.34437984197,15,,O1,LAMBDAMART,K_SENSITIVITY
2022-08-17,2022-08-18,15,50,0,1000000,0.1,60,23,0,1.0780765508631636,10172.91910245944,8699.43109255151,15,,O1,LAMBDAMART,K_SENSITIVITY
,2022-11-11,15,50,0,1000000,0.1,0,15,0,0.9968219026405938,13643.042476187844,,0,True,O1,LAMBDAMART,K_SENSITIVITY
2022-02-21,2022-02-22,15,100,0,1000000,0.1,15,15,0,0.9800000000000002,9800.0,10199.999999999774,15,,O1,LAMBDAMART,K_SENSITIVITY
2022-05-20,2022-05-23,15,100,0,1000000,0.1,37,22,0,0.9686478105621308,13514.44434998903,14389.287434933274,15,,O1,LAMBDAMART,K_SENSITIVITY
2022-08-17,2022-08-18,15,100,0,1000000,0.1,60,23,0,1.071805139872353,19973.52129087269,17297.285776261553,15,,O1,LAMBDAMART,K_SENSITIVITY
,2022-11-11,15,100,0,1000000,0.1,0,15,0,0.9935564443676691,26671.34534672673,,0,True,O1,LAMBDAMART,K_SENSITIVITY
2022-02-21,2022-02-22,20,0,0,1000000,0.1,20,20,0,1.0000000000000002,0.0,0.0,20,,O1,LAMBDAMART,K_SENSITIVITY
2022-05-20,2022-05-23,20,0,0,1000000,0.1,45,24,1,0.5995926428797009,0.0,2846.464437567294,20,,O1,LAMBDAMART,K_SENSITIVITY
2022-08-17,2022-08-18,20,0,0,1000000,0.1,78,32,1,1.2631832088580879,0.0,95246.94154007336,20,,O1,LAMBDAMART,K_SENSITIVITY
,2022-11-11,20,0,0,1000000,0.1,0,19,0,0.9676354426705304,0.0,,0,True,O1,LAMBDAMART,K_SENSITIVITY
2022-02-21,2022-02-22,20,30,0,1000000,0.1,20,20,0,0.9939999999999998,2981.999999999999,3018.000000000001,20,,O1,LAMBDAMART,K_SENSITIVITY
2022-05-20,2022-05-23,20,30,0,1000000,0.1,45,25,0,0.5984092610353674,2499.0386837380224,5853.234071580575,20,,O1,LAMBDAMART,K_SENSITIVITY
2022-08-17,2022-08-18,20,30,0,1000000,0.1,78,33,0,1.3092197832959047,7433.963420151887,3922.362713933536,20,,O1,LAMBDAMART,K_SENSITIVITY
,2022-11-11,20,30,0,1000000,0.1,0,20,0,0.9986785533705009,8892.934682719422,,0,True,O1,LAMBDAMART,K_SENSITIVITY
2022-02-21,2022-02-22,20,50,0,1000000,0.1,20,20,0,0.9899999999999999,4950.0,5050.0,20,,O1,LAMBDAMART,K_SENSITIVITY
2022-05-20,2022-05-23,20,50,0,1000000,0.1,45,25,0,0.5962599653635434,4139.4984719531785,9745.379643012493,20,,O1,LAMBDAMART,K_SENSITIVITY
2022-08-17,2022-08-18,20,50,0,1000000,0.1,78,33,0,1.3055254404587255,12299.46797160195,6542.704827849386,20,,O1,LAMBDAMART,K_SENSITIVITY
,2022-11-11,20,50,0,1000000,0.1,0,20,0,0.9977788668473322,14695.590404850047,,0,True,O1,LAMBDAMART,K_SENSITIVITY
2022-02-21,2022-02-22,20,100,0,1000000,0.1,20,20,0,0.9800000000000003,9800.0,10200.0,20,,O1,LAMBDAMART,K_SENSITIVITY
2022-05-20,2022-05-23,20,100,0,1000000,0.1,45,25,0,0.5908782389285684,8152.132527540308,19441.141316229623,20,,O1,LAMBDAMART,K_SENSITIVITY
2022-08-17,2022-08-18,20,100,0,1000000,0.1,78,33,0,1.2962380868650192,24151.33519198473,13112.398124778632,20,,O1,LAMBDAMART,K_SENSITIVITY
,2022-11-11,20,100,0,1000000,0.1,0,20,0,0.9954629462388312,28769.565353764196,,0,True,O1,LAMBDAMART,K_SENSITIVITY
2022-02-21,2022-02-23,10,50,1,1000000,0.1,10,10,0,0.9899999999999999,4950.0,5050.0,10,,O1,LAMBDAMART,DELAY
2022-05-20,2022-05-24,10,50,1,1000000,0.1,26,16,0,1.2773669210850866,9523.653667151706,5387.729287812708,10,,O1,LAMBDAMART,DELAY
2022-08-17,2022-08-19,10,50,1,1000000,0.1,42,16,0,1.201411681974031,11609.086189185142,7716.655957937048,10,,O1,LAMBDAMART,DELAY
,2022-11-14,10,50,1,1000000,0.1,0,10,0,0.9973012106808032,14257.93090723481,,0,True,O1,LAMBDAMART,DELAY
2022-02-21,2022-02-24,10,50,2,1000000,0.1,10,10,0,0.9899999999999999,4950.0,5050.0,10,,O1,LAMBDAMART,DELAY
2022-05-20,2022-05-25,10,50,2,1000000,0.1,26,16,0,1.2898249198774232,10534.27693615405,5800.15229344287,10,,O1,LAMBDAMART,DELAY
2022-08-17,2022-08-22,10,50,2,1000000,0.1,42,16,0,1.200715838292809,12572.936342471148,8369.464751108768,10,,O1,LAMBDAMART,DELAY
,2022-11-15,10,50,2,1000000,0.1,0,10,0,0.9973606004512302,15813.017762909445,,0,True,O1,LAMBDAMART,DELAY
2022-02-21,2022-02-22,10,50,0,1000000,0.05,10,10,0,0.9899999999999999,4950.0,5050.0,10,,O1,LAMBDAMART,CAPACITY
2022-05-20,2022-05-23,10,50,0,1000000,0.05,26,16,0,1.2633987561829656,9529.667936192083,5556.096379396782,10,,O1,LAMBDAMART,CAPACITY
2022-08-17,2022-08-18,10,50,0,1000000,0.05,42,16,0,1.1950630275063814,11303.962455737157,7613.80538672379,10,,O1,LAMBDAMART,CAPACITY
,2022-11-11,10,50,0,1000000,0.05,0,10,0,0.9972764191988742,13939.495698844406,,0,True,O1,LAMBDAMART,CAPACITY
2022-02-21,2022-02-22,10,50,0,1000000,0.2,10,10,0,0.9899999999999999,4950.0,5050.0,10,,O1,LAMBDAMART,CAPACITY
2022-05-20,2022-05-23,10,50,0,1000000,0.2,26,16,0,1.2633987561829656,9529.667936192083,5556.096379396782,10,,O1,LAMBDAMART,CAPACITY
2022-08-17,2022-08-18,10,50,0,1000000,0.2,42,16,0,1.1950630275063814,11303.962455737157,7613.80538672379,10,,O1,LAMBDAMART,CAPACITY
,2022-11-11,10,50,0,1000000,0.2,0,10,0,0.9972764191988742,13939.495698844406,,0,True,O1,LAMBDAMART,CAPACITY
2022-02-21,2022-02-22,10,50,0,10000000,0.05,10,9,1,0.8909999999999999,44550.0,1045450.0,10,,O1,LAMBDAMART,CAPACITY
2022-05-20,2022-05-23,10,50,0,10000000,0.05,25,12,3,0.8305406587334907,62359.67115277546,565808.3700723511,10,,O1,LAMBDAMART,CAPACITY
2022-08-17,2022-08-18,10,50,0,10000000,0.05,41,15,1,1.2661956322067023,116286.12079607174,1885803.7371008035,10,,O1,LAMBDAMART,CAPACITY
,2022-11-11,10,50,0,10000000,0.05,0,9,0,0.9326511993523843,130573.7518885225,,0,True,O1,LAMBDAMART,CAPACITY
2022-02-21,2022-02-22,10,50,0,10000000,0.1,10,9,1,0.8909999999999999,44550.0,1045450.0,10,,O1,LAMBDAMART,CAPACITY
2022-05-20,2022-05-23,10,50,0,10000000,0.1,25,15,0,1.1947092082856299,89702.620297354,60463.82970611582,10,,O1,LAMBDAMART,CAPACITY
2022-08-17,2022-08-18,10,50,0,10000000,0.1,41,15,1,1.0957900280552844,103202.8671762558,1949948.235535611,10,,O1,LAMBDAMART,CAPACITY
,2022-11-11,10,50,0,10000000,0.1,0,9,0,0.9321302195250506,133903.90127482195,,0,True,O1,LAMBDAMART,CAPACITY
2022-02-21,2022-02-22,10,50,0,10000000,0.2,10,10,0,0.9899999999999999,49500.0,50500.0,10,,O1,LAMBDAMART,CAPACITY
2022-05-20,2022-05-23,10,50,0,10000000,0.2,26,16,0,1.2633987561829656,95296.67936192083,55560.96379396922,10,,O1,LAMBDAMART,CAPACITY
2022-08-17,2022-08-18,10,50,0,10000000,0.2,42,16,0,1.1950630275063814,113039.6245573716,76138.05386723962,10,,O1,LAMBDAMART,CAPACITY
,2022-11-11,10,50,0,10000000,0.2,0,10,0,0.9972764191988747,139394.95698844403,,0,True,O1,LAMBDAMART,CAPACITY
2022-02-21,2022-02-22,10,50,0,50000000,0.05,10,9,1,0.8909999999999999,222750.0,5227250.0,10,,O1,LAMBDAMART,CAPACITY
2022-05-20,2022-05-23,10,50,0,50000000,0.05,25,10,5,0.6425624709412224,241228.31291675134,3652081.8741271314,10,,O1,LAMBDAMART,CAPACITY
2022-08-17,2022-08-18,10,50,0,50000000,0.05,41,9,7,0.6029058909382625,275323.92463973095,4190153.5000666054,10,,O1,LAMBDAMART,CAPACITY
,2022-11-11,10,50,0,50000000,0.05,0,9,0,0.9675977556659924,625633.0704699337,,0,True,O1,LAMBDAMART,CAPACITY
2022-02-21,2022-02-22,10,50,0,50000000,0.1,10,9,1,0.8909999999999999,222750.0,5227250.0,10,,O1,LAMBDAMART,CAPACITY
2022-05-20,2022-05-23,10,50,0,50000000,0.1,25,12,3,0.8305406587334908,311798.3557638773,2829041.850361766,10,,O1,LAMBDAMART,CAPACITY
2022-08-17,2022-08-18,10,50,0,50000000,0.1,41,10,6,0.6940069938322727,318684.4870782326,11694898.10045549,10,,O1,LAMBDAMART,CAPACITY
,2022-11-11,10,50,0,50000000,0.1,0,8,0,0.9248069580343041,719183.7737950272,,0,True,O1,LAMBDAMART,CAPACITY
2022-02-21,2022-02-22,10,50,0,50000000,0.2,10,9,1,0.8909999999999999,222750.0,5227250.0,10,,O1,LAMBDAMART,CAPACITY
2022-05-20,2022-05-23,10,50,0,50000000,0.2,25,12,3,0.8305406587334908,311798.3557638773,2829041.850361766,10,,O1,LAMBDAMART,CAPACITY
2022-08-17,2022-08-18,10,50,0,50000000,0.2,41,15,1,1.266195632206702,581430.6039803586,9429018.685504004,10,,O1,LAMBDAMART,CAPACITY
,2022-11-11,10,50,0,50000000,0.2,0,9,0,0.932651199352384,652868.7594426126,,0,True,O1,LAMBDAMART,CAPACITY
2023-02-02,2023-02-03,5,0,0,1000000,0.1,5,5,0,1.0,0.0,0.0,5,,O2,LGBM_REGRESSION,K_SENSITIVITY
2023-05-05,2023-05-08,5,0,0,1000000,0.1,15,10,0,1.9999999999999998,0.0,0.0,5,,O2,LGBM_REGRESSION,K_SENSITIVITY
2023-08-03,2023-08-04,5,0,0,1000000,0.1,25,9,1,1.7999999999999998,0.0,255058.77342709948,5,,O2,LGBM_REGRESSION,K_SENSITIVITY
,2023-10-30,5,0,0,1000000,0.1,0,4,0,0.8110641551597382,0.0,,0,True,O2,LGBM_REGRESSION,K_SENSITIVITY
2023-02-02,2023-02-03,5,30,0,1000000,0.1,5,5,0,0.994,2982.0,3018.0,5,,O2,LGBM_REGRESSION,K_SENSITIVITY
2023-05-05,2023-05-08,5,30,0,1000000,0.1,15,10,0,1.9902847612947596,4850.30428955982,23.675940690808602,5,,O2,LGBM_REGRESSION,K_SENSITIVITY
2023-08-03,2023-08-04,5,30,0,1000000,0.1,25,10,0,1.9939812802708374,7565.7156342412745,22.836684779224015,5,,O2,LGBM_REGRESSION,K_SENSITIVITY
,2023-10-30,5,30,0,1000000,0.1,0,5,0,0.9999829337734899,4014.296018469815,,0,True,O2,LGBM_REGRESSION,K_SENSITIVITY
2023-02-02,2023-02-03,5,50,0,1000000,0.1,5,5,0,0.99,4950.0,5050.0,5,,O2,LGBM_REGRESSION,K_SENSITIVITY
2023-05-05,2023-05-08,5,50,0,1000000,0.1,15,10,0,1.983773927609042,8045.247232408328,65.80526247439411,5,,O2,LGBM_REGRESSION,K_SENSITIVITY
2023-08-03,2023-08-04,5,50,0,1000000,0.1,25,10,0,1.9899476827578917,12514.901808454233,63.21963352210878,5,,O2,LGBM_REGRESSION,K_SENSITIVITY
,2023-10-30,5,50,0,1000000,0.1,0,5,0,0.9999523035333454,6626.970780311131,,0,True,O2,LGBM_REGRESSION,K_SENSITIVITY
2023-02-02,2023-02-03,5,100,0,1000000,0.1,5,5,0,0.98,9800.0,10200.0,5,,O2,LGBM_REGRESSION,K_SENSITIVITY
2023-05-05,2023-05-08,5,100,0,1000000,0.1,15,10,0,1.9673780071595373,15898.642889970171,263.62265545431,5,,O2,LGBM_REGRESSION,K_SENSITIVITY
2023-08-03,2023-08-04,5,100,0,1000000,0.1,25,10,0,1.9797875232230222,24563.477078844702,250.77878519514707,5,,O2,LGBM_REGRESSION,K_SENSITIVITY
,2023-10-30,5,100,0,1000000,0.1,0,5,0,0.999806261810264,12941.702413382576,,0,True,O2,LGBM_REGRESSION,K_SENSITIVITY
2023-02-02,2023-02-03,10,0,0,1000000,0.1,10,10,0,0.9999999999999999,0.0,0.0,10,,O2,LGBM_REGRESSION,K_SENSITIVITY
2023-05-05,2023-05-08,10,0,0,1000000,0.1,27,17,0,1.5086893001329016,0.0,1.7462298274040222e-10,10,,O2,LGBM_REGRESSION,K_SENSITIVITY
2023-08-03,2023-08-04,10,0,0,1000000,0.1,46,18,1,1.7000000000000002,0.0,144367.07282709796,10,,O2,LGBM_REGRESSION,K_SENSITIVITY
,2023-10-30,10,0,0,1000000,0.1,0,9,0,0.9274178353570712,0.0,,0,True,O2,LGBM_REGRESSION,K_SENSITIVITY
2023-02-02,2023-02-03,10,30,0,1000000,0.1,10,10,0,0.9940000000000002,2981.9999999999995,3018.0000000000005,10,,O2,LGBM_REGRESSION,K_SENSITIVITY
2023-05-05,2023-05-08,10,30,0,1000000,0.1,27,17,0,1.5008959130430066,3854.51401234113,1281.7702280844633,10,,O2,LGBM_REGRESSION,K_SENSITIVITY
2023-08-03,2023-08-04,10,30,0,1000000,0.1,46,19,0,1.7943053632431687,7712.249168627817,884.1127735649552,10,,O2,LGBM_REGRESSION,K_SENSITIVITY
,2023-10-30,10,30,0,1000000,0.1,0,10,0,0.9995505542586002,5898.70143229058,,0,True,O2,LGBM_REGRESSION,K_SENSITIVITY
2023-02-02,2023-02-03,10,50,0,1000000,0.1,10,10,0,0.9899999999999999,4950.0,5050.0,10,,O2,LGBM_REGRESSION,K_SENSITIVITY
2023-05-05,2023-05-08,10,50,0,1000000,0.1,27,17,0,1.4956835188117767,6391.4046160658545,2155.0619802144574,10,,O2,LGBM_REGRESSION,K_SENSITIVITY
2023-08-03,2023-08-04,10,50,0,1000000,0.1,46,19,0,1.7904882138420797,12761.76877086239,1493.3027478466192,10,,O2,LGBM_REGRESSION,K_SENSITIVITY
,2023-10-30,10,50,0,1000000,0.1,0,10,0,0.9992341826198222,9742.264861514599,,0,True,O2,LGBM_REGRESSION,K_SENSITIVITY
2023-02-02,2023-02-03,10,100,0,1000000,0.1,10,10,0,0.9799999999999999,9800.0,10200.0,10,,O2,LGBM_REGRESSION,K_SENSITIVITY
2023-05-05,2023-05-08,10,100,0,1000000,0.1,27,17,0,1.4825937407006096,12620.058459439933,4404.239044306734,10,,O2,LGBM_REGRESSION,K_SENSITIVITY
2023-08-03,2023-08-04,10,100,0,1000000,0.1,46,19,0,1.7808713702062842,25069.706992189425,3084.7205668152055,10,,O2,LGBM_REGRESSION,K_SENSITIVITY
,2023-10-30,10,100,0,1000000,0.1,0,10,0,0.998383093404902,19047.06722777576,,0,True,O2,LGBM_REGRESSION,K_SENSITIVITY
2023-02-02,2023-02-03,15,0,0,1000000,0.1,15,15,0,0.9999999999999999,0.0,1.4551915228366852e-10,15,,O2,LGBM_REGRESSION,K_SENSITIVITY
2023-05-05,2023-05-08,15,0,0,1000000,0.1,39,23,1,1.2719610449999272,0.0,60908.767263167276,15,,O2,LGBM_REGRESSION,K_SENSITIVITY
2023-08-03,2023-08-04,15,0,0,1000000,0.1,66,26,1,1.6247718740540962,0.0,96923.36997015656,15,,O2,LGBM_REGRESSION,K_SENSITIVITY
,2023-10-30,15,0,0,1000000,0.1,0,14,0,0.9482446745080169,0.0,,0,True,O2,LGBM_REGRESSION,K_SENSITIVITY
2023-02-02,2023-02-03,15,30,0,1000000,0.1,15,15,0,0.9940000000000003,2982.0000000000005,3018.000000000145,15,,O2,LGBM_REGRESSION,K_SENSITIVITY
2023-05-05,2023-05-08,15,30,0,1000000,0.1,39,24,0,1.3315060977073894,3639.676125218301,1827.3301941447912,15,,O2,LGBM_REGRESSION,K_SENSITIVITY
2023-08-03,2023-08-04,15,30,0,1000000,0.1,67,28,0,1.7276948737429911,7647.570498897757,1205.3474730466796,15,,O2,LGBM_REGRESSION,K_SENSITIVITY
,2023-10-30,15,30,0,1000000,0.1,0,15,0,0.9993633399758768,5676.090994503514,,0,True,O2,LGBM_REGRESSION,K_SENSITIVITY
2023-02-02,2023-02-03,15,50,0,1000000,0.1,15,15,0,0.9900000000000004,4950.0,5050.0,15,,O2,LGBM_REGRESSION,K_SENSITIVITY
2023-05-05,2023-05-08,15,50,0,1000000,0.1,39,24,0,1.3267475742578498,6033.684398145167,3061.767540435002,15,,O2,LGBM_REGRESSION,K_SENSITIVITY
2023-08-03,2023-08-04,15,50,0,1000000,0.1,67,28,0,1.7239145786591943,12655.058227659038,2026.7112571159578,15,,O2,LGBM_REGRESSION,K_SENSITIVITY
,2023-10-30,15,50,0,1000000,0.1,0,15,0,0.9989203012379422,9375.406783007089,,0,True,O2,LGBM_REGRESSION,K_SENSITIVITY
2023-02-02,2023-02-03,15,100,0,1000000,0.1,15,15,0,0.9800000000000002,9800.0,10199.999999999774,15,,O2,LGBM_REGRESSION,K_SENSITIVITY
2023-05-05,2023-05-08,15,100,0,1000000,0.1,39,24,0,1.3148134895988957,11906.410294309537,6204.767281061437,15,,O2,LGBM_REGRESSION,K_SENSITIVITY
2023-08-03,2023-08-04,15,100,0,1000000,0.1,67,28,0,1.714388001997483,24861.444876608413,4141.843582763013,15,,O2,LGBM_REGRESSION,K_SENSITIVITY
,2023-10-30,15,100,0,1000000,0.1,0,15,0,0.9977459485519118,18333.6882471895,,0,True,O2,LGBM_REGRESSION,K_SENSITIVITY
2023-02-02,2023-02-03,20,0,0,1000000,0.1,20,20,0,1.0000000000000002,0.0,0.0,20,,O2,LGBM_REGRESSION,K_SENSITIVITY
2023-05-05,2023-05-08,20,0,0,1000000,0.1,50,29,1,1.1086674547138178,0.0,44585.3838392932,20,,O2,LGBM_REGRESSION,K_SENSITIVITY
2023-08-03,2023-08-04,20,0,0,1000000,0.1,85,35,0,1.5759808318028803,0.0,2.9103830456733704e-11,20,,O2,LGBM_REGRESSION,K_SENSITIVITY
,2023-10-30,20,0,0,1000000,0.1,0,20,0,1.0,0.0,,0,True,O2,LGBM_REGRESSION,K_SENSITIVITY
2023-02-02,2023-02-03,20,30,0,1000000,0.1,20,20,0,0.9939999999999998,2981.999999999999,3018.000000000001,20,,O2,LGBM_REGRESSION,K_SENSITIVITY
2023-05-05,2023-05-08,20,30,0,1000000,0.1,50,30,0,1.1521290337480665,3074.0257669219104,2262.226817428836,20,,O2,LGBM_REGRESSION,K_SENSITIVITY
2023-08-03,2023-08-04,20,30,0,1000000,0.1,86,36,0,1.6029659747224385,6964.578258959753,1725.0363289802026,20,,O2,LGBM_REGRESSION,K_SENSITIVITY
,2023-10-30,20,30,0,1000000,0.1,0,20,0,0.9990462646276386,5420.972580311521,,0,True,O2,LGBM_REGRESSION,K_SENSITIVITY
2023-02-02,2023-02-03,20,50,0,1000000,0.1,20,20,0,0.9899999999999999,4950.0,5050.0,20,,O2,LGBM_REGRESSION,K_SENSITIVITY
2023-05-05,2023-05-08,20,50,0,1000000,0.1,50,30,0,1.1477649609032297,5095.161657839833,3783.244342340249,20,,O2,LGBM_REGRESSION,K_SENSITIVITY
2023-08-03,2023-08-04,20,50,0,1000000,0.1,86,36,0,1.5992005811614354,11526.124521892429,2888.7333235467977,20,,O2,LGBM_REGRESSION,K_SENSITIVITY
,2023-10-30,20,50,0,1000000,0.1,0,20,0,0.9983899410317898,8956.449265204512,,0,True,O2,LGBM_REGRESSION,K_SENSITIVITY
2023-02-02,2023-02-03,20,100,0,1000000,0.1,20,20,0,0.9800000000000003,9800.0,10200.0,20,,O2,LGBM_REGRESSION,K_SENSITIVITY
2023-05-05,2023-05-08,20,100,0,1000000,0.1,50,30,0,1.1368368286453756,10050.473404610413,7630.997060392372,20,,O2,LGBM_REGRESSION,K_SENSITIVITY
2023-08-03,2023-08-04,20,100,0,1000000,0.1,86,36,0,1.5897188764117653,22649.881907998904,5845.573790587368,20,,O2,LGBM_REGRESSION,K_SENSITIVITY
,2023-10-30,20,100,0,1000000,0.1,0,20,0,0.9966757853417701,17526.370729649185,,0,True,O2,LGBM_REGRESSION,K_SENSITIVITY
2023-02-02,2023-02-06,10,50,1,1000000,0.1,10,10,0,0.9899999999999999,4950.0,5050.0,10,,O2,LGBM_REGRESSION,DELAY
2023-05-05,2023-05-09,10,50,1,1000000,0.1,27,17,0,1.485043560454437,6448.249302516346,2236.0068017872654,10,,O2,LGBM_REGRESSION,DELAY
2023-08-03,2023-08-07,10,50,1,1000000,0.1,46,19,0,1.790446439181133,12884.755999336023,1508.0297521650173,10,,O2,LGBM_REGRESSION,DELAY
,2023-10-31,10,50,1,1000000,0.1,0,10,0,0.9991931622350912,9337.769514177682,,0,True,O2,LGBM_REGRESSION,DELAY
2023-02-02,2023-02-07,10,50,2,1000000,0.1,10,10,0,0.9899999999999999,4950.0,5050.0,10,,O2,LGBM_REGRESSION,DELAY
2023-05-05,2023-05-10,10,50,2,1000000,0.1,27,17,0,1.4718019910855074,6258.077212213933,2245.8890143820445,10,,O2,LGBM_REGRESSION,DELAY
2023-08-03,2023-08-08,10,50,2,1000000,0.1,46,19,0,1.7904332291825884,12832.490482078154,1502.0183651880488,10,,O2,LGBM_REGRESSION,DELAY
,2023-11-01,10,50,2,1000000,0.1,0,10,0,0.9991546022841197,8875.991347635656,,0,True,O2,LGBM_REGRESSION,DELAY
2023-02-02,2023-02-03,10,50,0,1000000,0.05,10,10,0,0.9899999999999999,4950.0,5050.0,10,,O2,LGBM_REGRESSION,CAPACITY
2023-05-05,2023-05-08,10,50,0,1000000,0.05,27,17,0,1.4956835188117767,6391.4046160658545,2155.0619802144574,10,,O2,LGBM_REGRESSION,CAPACITY
2023-08-03,2023-08-04,10,50,0,1000000,0.05,46,19,0,1.7904882138420797,12761.76877086239,1493.3027478466192,10,,O2,LGBM_REGRESSION,CAPACITY
,2023-10-30,10,50,0,1000000,0.05,0,10,0,0.9992341826198222,9742.264861514599,,0,True,O2,LGBM_REGRESSION,CAPACITY
2023-02-02,2023-02-03,10,50,0,1000000,0.2,10,10,0,0.9899999999999999,4950.0,5050.0,10,,O2,LGBM_REGRESSION,CAPACITY
2023-05-05,2023-05-08,10,50,0,1000000,0.2,27,17,0,1.4956835188117767,6391.4046160658545,2155.0619802144574,10,,O2,LGBM_REGRESSION,CAPACITY
2023-08-03,2023-08-04,10,50,0,1000000,0.2,46,19,0,1.7904882138420797,12761.76877086239,1493.3027478466192,10,,O2,LGBM_REGRESSION,CAPACITY
,2023-10-30,10,50,0,1000000,0.2,0,10,0,0.9992341826198222,9742.264861514599,,0,True,O2,LGBM_REGRESSION,CAPACITY
2023-02-02,2023-02-03,10,50,0,10000000,0.05,10,9,1,0.8909999999999999,44550.0,1045450.0,10,,O2,LGBM_REGRESSION,CAPACITY
2023-05-05,2023-05-08,10,50,0,10000000,0.05,26,13,3,1.0695252378662192,46134.86403250192,735014.7552696591,10,,O2,LGBM_REGRESSION,CAPACITY
2023-08-03,2023-08-04,10,50,0,10000000,0.05,44,15,3,1.4215235087757587,101542.73085466863,1140977.3971171128,10,,O2,LGBM_REGRESSION,CAPACITY
,2023-10-30,10,50,0,10000000,0.05,0,9,0,0.9471101142957324,102158.59030540864,,0,True,O2,LGBM_REGRESSION,CAPACITY
2023-02-02,2023-02-03,10,50,0,10000000,0.1,10,10,0,0.9899999999999999,49500.0,50500.0,10,,O2,LGBM_REGRESSION,CAPACITY
2023-05-05,2023-05-08,10,50,0,10000000,0.1,27,14,3,1.1791197709520052,50386.5386772745,713977.4027356787,10,,O2,LGBM_REGRESSION,CAPACITY
2023-08-03,2023-08-04,10,50,0,10000000,0.1,45,18,0,1.7414793661725056,123056.34555409629,18267.57472243985,10,,O2,LGBM_REGRESSION,CAPACITY
,2023-10-30,10,50,0,10000000,0.1,0,10,0,0.9990552124128903,96584.22693948282,,0,True,O2,LGBM_REGRESSION,CAPACITY
2023-02-02,2023-02-03,10,50,0,10000000,0.2,10,10,0,0.9899999999999999,49500.0,50500.0,10,,O2,LGBM_REGRESSION,CAPACITY
2023-05-05,2023-05-08,10,50,0,10000000,0.2,27,17,0,1.4956835188117767,63914.046160658574,21550.619802140645,10,,O2,LGBM_REGRESSION,CAPACITY
2023-08-03,2023-08-04,10,50,0,10000000,0.2,46,19,0,1.7904882138420801,127617.68770862385,14933.027478463337,10,,O2,LGBM_REGRESSION,CAPACITY
,2023-10-30,10,50,0,10000000,0.2,0,10,0,0.9992341826198228,97422.64861514598,,0,True,O2,LGBM_REGRESSION,CAPACITY
2023-02-02,2023-02-03,10,50,0,50000000,0.05,10,7,3,0.693,173250.0,15176750.0,10,,O2,LGBM_REGRESSION,CAPACITY
2023-05-05,2023-05-08,10,50,0,50000000,0.05,25,11,4,0.9331605284211276,209994.3557868418,9433138.507749423,10,,O2,LGBM_REGRESSION,CAPACITY
2023-08-03,2023-08-04,10,50,0,50000000,0.05,42,17,0,1.6641754211759752,614060.1984989557,123915.12631991063,10,,O2,LGBM_REGRESSION,CAPACITY
,2023-10-30,10,50,0,50000000,0.05,0,10,0,0.9987730446226051,504350.40372906206,,0,True,O2,LGBM_REGRESSION,CAPACITY
2023-02-02,2023-02-03,10,50,0,50000000,0.1,10,7,3,0.693,173250.0,15176750.0,10,,O2,LGBM_REGRESSION,CAPACITY
2023-05-05,2023-05-08,10,50,0,50000000,0.1,25,12,3,1.0259026040865609,230864.62605711207,13586322.29153321,10,,O2,LGBM_REGRESSION,CAPACITY
2023-08-03,2023-08-04,10,50,0,50000000,0.1,41,16,0,1.5975118069027103,557985.292769226,140582.68069830467,10,,O2,LGBM_REGRESSION,CAPACITY
,2023-10-30,10,50,0,50000000,0.1,0,10,0,0.9985298431531221,477418.45506421296,,0,True,O2,LGBM_REGRESSION,CAPACITY
2023-02-02,2023-02-03,10,50,0,50000000,0.2,10,9,1,0.8909999999999999,222750.0,5227250.0,10,,O2,LGBM_REGRESSION,CAPACITY
2023-05-05,2023-05-08,10,50,0,50000000,0.2,26,13,3,1.0695252378662192,230674.32016250963,3675073.7763482975,10,,O2,LGBM_REGRESSION,CAPACITY
2023-08-03,2023-08-04,10,50,0,50000000,0.2,44,15,3,1.421523508775759,507713.6542733432,5704886.985585577,10,,O2,LGBM_REGRESSION,CAPACITY
,2023-10-30,10,50,0,50000000,0.2,0,9,0,0.9471101142957323,510792.95152704313,,0,True,O2,LGBM_REGRESSION,CAPACITY
2023-02-02,2023-02-03,5,0,0,1000000,0.1,5,5,0,1.0,0.0,0.0,5,,O2,LAMBDAMART,K_SENSITIVITY
2023-05-05,2023-05-08,5,0,0,1000000,0.1,15,9,1,1.7999999999999998,0.0,164072.56034290747,5,,O2,LAMBDAMART,K_SENSITIVITY
2023-08-03,2023-08-04,5,0,0,1000000,0.1,24,8,1,1.6572927757049598,0.0,229942.89343571814,5,,O2,LAMBDAMART,K_SENSITIVITY
,2023-10-30,5,0,0,1000000,0.1,0,4,0,0.8136655141725317,0.0,,0,True,O2,LAMBDAMART,K_SENSITIVITY
2023-02-02,2023-02-03,5,30,0,1000000,0.1,5,5,0,0.994,2982.0,3018.0,5,,O2,LAMBDAMART,K_SENSITIVITY
2023-05-05,2023-05-08,5,30,0,1000000,0.1,15,10,0,1.9903125808584967,4886.965494177227,23.786255248259295,5,,O2,LAMBDAMART,K_SENSITIVITY
2023-08-03,2023-08-04,5,30,0,1000000,0.1,25,10,0,1.9939806233730168,7343.279938865609,22.16770168750736,5,,O2,LAMBDAMART,K_SENSITIVITY
,2023-10-30,5,30,0,1000000,0.1,0,5,0,0.9999834458059249,4017.229945205877,,0,True,O2,LAMBDAMART,K_SENSITIVITY
2023-02-02,2023-02-03,5,50,0,1000000,0.1,5,5,0,0.99,4950.0,5050.0,5,,O2,LAMBDAMART,K_SENSITIVITY
2023-05-05,2023-05-08,5,50,0,1000000,0.1,15,10,0,1.9838204315828323,8105.981278289054,66.11045868496603,5,,O2,LAMBDAMART,K_SENSITIVITY
2023-08-03,2023-08-04,5,50,0,1000000,0.1,25,10,0,1.9899458470828202,12146.73553713291,61.3710854060846,5,,O2,LAMBDAMART,K_SENSITIVITY
,2023-10-30,5,50,0,1000000,0.1,0,5,0,0.9999537311137973,6631.696899465767,,0,True,O2,LAMBDAMART,K_SENSITIVITY
2023-02-02,2023-02-03,5,100,0,1000000,0.1,5,5,0,0.98,9800.0,10200.0,5,,O2,LAMBDAMART,K_SENSITIVITY
2023-05-05,2023-05-08,5,100,0,1000000,0.1,15,10,0,1.9674716814813589,16018.27980446889,264.8311091360738,5,,O2,LAMBDAMART,K_SENSITIVITY
2023-08-03,2023-08-04,5,100,0,1000000,0.1,25,10,0,1.9797800704190813,23839.783157194062,243.48095218502567,5,,O2,LAMBDAMART,K_SENSITIVITY
,2023-10-30,5,100,0,1000000,0.1,0,5,0,0.999812024710351,12950.382161235593,,0,True,O2,LAMBDAMART,K_SENSITIVITY
2023-02-02,2023-02-03,10,0,0,1000000,0.1,10,10,0,0.9999999999999999,0.0,0.0,10,,O2,LAMBDAMART,K_SENSITIVITY
2023-05-05,2023-05-08,10,0,0,1000000,0.1,30,20,0,2.000000000000001,0.0,0.0,10,,O2,LAMBDAMART,K_SENSITIVITY
2023-08-03,2023-08-04,10,0,0,1000000,0.1,50,20,0,2.000000000000001,0.0,0.0,10,,O2,LAMBDAMART,K_SENSITIVITY
,2023-10-30,10,0,0,1000000,0.1,0,10,0,0.9999999999999999,0.0,,0,True,O2,LAMBDAMART,K_SENSITIVITY
2023-02-02,2023-02-03,10,30,0,1000000,0.1,10,10,0,0.9940000000000002,2981.9999999999995,3018.0000000000005,10,,O2,LAMBDAMART,K_SENSITIVITY
2023-05-05,2023-05-08,10,30,0,1000000,0.1,30,20,0,1.990383754577032,4983.327292856162,24.076210510002056,10,,O2,LAMBDAMART,K_SENSITIVITY
2023-08-03,2023-08-04,10,30,0,1000000,0.1,50,20,0,1.9939812598192166,7685.226698818012,23.197501231706156,10,,O2,LAMBDAMART,K_SENSITIVITY
,2023-10-30,10,30,0,1000000,0.1,0,10,0,0.9999846094106303,4521.687308580872,,0,True,O2,LAMBDAMART,K_SENSITIVITY
2023-02-02,2023-02-03,10,50,0,1000000,0.1,10,10,0,0.9899999999999999,4950.0,5050.0,10,,O2,LAMBDAMART,K_SENSITIVITY
2023-05-05,2023-05-08,10,50,0,1000000,0.1,30,20,0,1.9839394155844692,8265.617110313437,66.91264879546725,10,,O2,LAMBDAMART,K_SENSITIVITY
2023-08-03,2023-08-04,10,50,0,1000000,0.1,50,20,0,1.989947626100107,12711.738757205321,64.21432867313524,10,,O2,LAMBDAMART,K_SENSITIVITY
,2023-10-30,10,50,0,1000000,0.1,0,10,0,0.9999569863564762,7464.092938954939,,0,True,O2,LAMBDAMART,K_SENSITIVITY
2023-02-02,2023-02-03,10,100,0,1000000,0.1,10,10,0,0.9799999999999999,9800.0,10200.0,10,,O2,LAMBDAMART,K_SENSITIVITY
2023-05-05,2023-05-08,10,100,0,1000000,0.1,30,20,0,1.9677113954617882,16332.738327853607,268.0074578570275,10,,O2,LAMBDAMART,K_SENSITIVITY
2023-08-03,2023-08-04,10,100,0,1000000,0.1,50,20,0,1.9797872976339923,24945.550474757274,254.68240335967494,10,,O2,LAMBDAMART,K_SENSITIVITY
,2023-10-30,10,100,0,1000000,0.1,0,10,0,0.9998252794904977,14574.013425553689,,0,True,O2,LAMBDAMART,K_SENSITIVITY
2023-02-02,2023-02-03,15,0,0,1000000,0.1,15,15,0,0.9999999999999999,0.0,1.4551915228366852e-10,15,,O2,LAMBDAMART,K_SENSITIVITY
2023-05-05,2023-05-08,15,0,0,1000000,0.1,42,27,0,1.6711311718630109,0.0,1.8917489796876907e-10,15,,O2,LAMBDAMART,K_SENSITIVITY
2023-08-03,2023-08-04,15,0,0,1000000,0.1,70,27,1,1.6666666666666665,0.0,89463.34230353181,15,,O2,LAMBDAMART,K_SENSITIVITY
,2023-10-30,15,0,0,1000000,0.1,0,14,0,0.9390671184932526,0.0,,0,True,O2,LAMBDAMART,K_SENSITIVITY
2023-02-02,2023-02-03,15,30,0,1000000,0.1,15,15,0,0.9940000000000003,2982.0000000000005,3018.000000000145,15,,O2,LAMBDAMART,K_SENSITIVITY
2023-05-05,2023-05-08,15,30,0,1000000,0.1,42,27,0,1.66268995511116,4138.594084133419,839.5969146287725,15,,O2,LAMBDAMART,K_SENSITIVITY
2023-08-03,2023-08-04,15,30,0,1000000,0.1,70,28,0,1.7283028042057569,6904.095172567762,1085.3556988497985,15,,O2,LAMBDAMART,K_SENSITIVITY
,2023-10-30,15,30,0,1000000,0.1,0,15,0,0.9992619215010005,4408.289725069309,,0,True,O2,LAMBDAMART,K_SENSITIVITY
2023-02-02,2023-02-03,15,50,0,1000000,0.1,15,15,0,0.9900000000000004,4950.0,5050.0,15,,O2,LAMBDAMART,K_SENSITIVITY
2023-05-05,2023-05-08,15,50,0,1000000,0.1,42,27,0,1.6570399154666933,6863.490960285942,1420.5472167341932,15,,O2,LAMBDAMART,K_SENSITIVITY
2023-08-03,2023-08-04,15,50,0,1000000,0.1,70,28,0,1.724927672700828,11425.341900808335,1821.9867630292956,15,,O2,LAMBDAMART,K_SENSITIVITY
,2023-10-30,15,50,0,1000000,0.1,0,15,0,0.9987501963784275,7279.982254671203,,0,True,O2,LAMBDAMART,K_SENSITIVITY
2023-02-02,2023-02-03,15,100,0,1000000,0.1,15,15,0,0.9800000000000002,9800.0,10199.999999999774,15,,O2,LAMBDAMART,K_SENSITIVITY
2023-05-05,2023-05-08,15,100,0,1000000,0.1,42,27,0,1.6428359342282282,13557.291826288521,2947.4504231649335,15,,O2,LAMBDAMART,K_SENSITIVITY
2023-08-03,2023-08-04,15,100,0,1000000,0.1,70,28,0,1.7164130669324684,22448.717683477676,3708.9923875572567,15,,O2,LAMBDAMART,K_SENSITIVITY
,2023-10-30,15,100,0,1000000,0.1,0,15,0,0.9974002427430245,14229.597389355293,,0,True,O2,LAMBDAMART,K_SENSITIVITY
2023-02-02,2023-02-03,20,0,0,1000000,0.1,20,20,0,1.0000000000000002,0.0,0.0,20,,O2,LAMBDAMART,K_SENSITIVITY
2023-05-05,2023-05-08,20,0,0,1000000,0.1,53,32,1,1.3232348437792232,0.0,43097.158824831,20,,O2,LAMBDAMART,K_SENSITIVITY
2023-08-03,2023-08-04,20,0,0,1000000,0.1,88,35,0,1.5687502683820873,0.0,1.1641532182693481e-10,20,,O2,LAMBDAMART,K_SENSITIVITY
,2023-10-30,20,0,0,1000000,0.1,0,20,0,1.0000000000000002,0.0,,0,True,O2,LAMBDAMART,K_SENSITIVITY
2023-02-02,2023-02-03,20,30,0,1000000,0.1,20,20,0,0.9939999999999998,2981.999999999999,3018.000000000001,20,,O2,LAMBDAMART,K_SENSITIVITY
2023-05-05,2023-05-08,20,30,0,1000000,0.1,53,33,0,1.3666716807988448,3525.149954789189,1633.5871498368633,20,,O2,LAMBDAMART,K_SENSITIVITY
2023-08-03,2023-08-04,20,30,0,1000000,0.1,88,35,0,1.501605481642337,6268.260716264478,2080.484400740839,20,,O2,LAMBDAMART,K_SENSITIVITY
,2023-10-30,20,30,0,1000000,0.1,0,20,0,0.9986338977683514,4562.562445675499,,0,True,O2,LAMBDAMART,K_SENSITIVITY
2023-02-02,2023-02-03,20,50,0,1000000,0.1,20,20,0,0.9899999999999999,4950.0,5050.0,20,,O2,LAMBDAMART,K_SENSITIVITY
2023-05-05,2023-05-08,20,50,0,1000000,0.1,53,33,0,1.3622740563227667,5846.7014153827795,2737.036031933804,20,,O2,LAMBDAMART,K_SENSITIVITY
2023-08-03,2023-08-04,20,50,0,1000000,0.1,88,35,0,1.4984780808098188,10374.628860067916,3472.258849441607,20,,O2,LAMBDAMART,K_SENSITIVITY
,2023-10-30,20,50,0,1000000,0.1,0,20,0,0.9977017660324334,7536.827918955473,,0,True,O2,LAMBDAMART,K_SENSITIVITY
2023-02-02,2023-02-03,20,100,0,1000000,0.1,20,20,0,0.9800000000000003,9800.0,10200.0,20,,O2,LAMBDAMART,K_SENSITIVITY
2023-05-05,2023-05-08,20,100,0,1000000,0.1,53,33,0,1.35120237125289,11551.487348749139,5546.598910584671,20,,O2,LAMBDAMART,K_SENSITIVITY
2023-08-03,2023-08-04,20,100,0,1000000,0.1,88,35,0,1.4905949813053123,20391.488140430003,6968.7115062545345,20,,O2,LAMBDAMART,K_SENSITIVITY
,2023-10-30,20,100,0,1000000,0.1,0,20,0,0.995295020401504,14741.666176420891,,0,True,O2,LAMBDAMART,K_SENSITIVITY
2023-02-02,2023-02-06,10,50,1,1000000,0.1,10,10,0,0.9899999999999999,4950.0,5050.0,10,,O2,LAMBDAMART,DELAY
2023-05-05,2023-05-09,10,50,1,1000000,0.1,30,20,0,1.9840643204328847,8440.082306410495,67.78935832380012,10,,O2,LAMBDAMART,DELAY
2023-08-03,2023-08-07,10,50,1,1000000,0.1,50,20,0,1.9899486059331404,13123.82414323355,66.2895150833483,10,,O2,LAMBDAMART,DELAY
,2023-10-31,10,50,1,1000000,0.1,0,10,0,0.9999541551602265,7229.4369855872765,,0,True,O2,LAMBDAMART,DELAY
2023-02-02,2023-02-07,10,50,2,1000000,0.1,10,10,0,0.9899999999999999,4950.0,5050.0,10,,O2,LAMBDAMART,DELAY
2023-05-05,2023-05-10,10,50,2,1000000,0.1,30,20,0,1.983904738233891,8218.448454328849,66.67562037365133,10,,O2,LAMBDAMART,DELAY
2023-08-03,2023-08-08,10,50,2,1000000,0.1,50,20,0,1.9899485594052728,12896.531952440524,65.14174659705532,10,,O2,LAMBDAMART,DELAY
,2023-11-01,10,50,2,1000000,0.1,0,10,0,0.9999528432673622,6906.614504583481,,0,True,O2,LAMBDAMART,DELAY
2023-02-02,2023-02-03,10,50,0,1000000,0.05,10,10,0,0.9899999999999999,4950.0,5050.0,10,,O2,LAMBDAMART,CAPACITY
2023-05-05,2023-05-08,10,50,0,1000000,0.05,30,20,0,1.9839394155844692,8265.617110313437,66.91264879546725,10,,O2,LAMBDAMART,CAPACITY
2023-08-03,2023-08-04,10,50,0,1000000,0.05,50,20,0,1.989947626100107,12711.738757205321,64.21432867313524,10,,O2,LAMBDAMART,CAPACITY
,2023-10-30,10,50,0,1000000,0.05,0,10,0,0.9999569863564762,7464.092938954939,,0,True,O2,LAMBDAMART,CAPACITY
2023-02-02,2023-02-03,10,50,0,1000000,0.2,10,10,0,0.9899999999999999,4950.0,5050.0,10,,O2,LAMBDAMART,CAPACITY
2023-05-05,2023-05-08,10,50,0,1000000,0.2,30,20,0,1.9839394155844692,8265.617110313437,66.91264879546725,10,,O2,LAMBDAMART,CAPACITY
2023-08-03,2023-08-04,10,50,0,1000000,0.2,50,20,0,1.989947626100107,12711.738757205321,64.21432867313524,10,,O2,LAMBDAMART,CAPACITY
,2023-10-30,10,50,0,1000000,0.2,0,10,0,0.9999569863564762,7464.092938954939,,0,True,O2,LAMBDAMART,CAPACITY
2023-02-02,2023-02-03,10,50,0,10000000,0.05,10,10,0,0.9899999999999999,49500.0,50500.0,10,,O2,LAMBDAMART,CAPACITY
2023-05-05,2023-05-08,10,50,0,10000000,0.05,30,17,3,1.6643315557978773,69340.46108854981,650524.6181927869,10,,O2,LAMBDAMART,CAPACITY
2023-08-03,2023-08-04,10,50,0,10000000,0.05,49,16,3,1.6061499384567905,102824.209637293,831304.0573558625,10,,O2,LAMBDAMART,CAPACITY
,2023-10-30,10,50,0,10000000,0.05,0,9,0,0.9495347328150539,78207.46030102618,,0,True,O2,LAMBDAMART,CAPACITY
2023-02-02,2023-02-03,10,50,0,10000000,0.1,10,10,0,0.9899999999999999,49500.0,50500.0,10,,O2,LAMBDAMART,CAPACITY
2023-05-05,2023-05-08,10,50,0,10000000,0.1,30,17,3,1.6643315557978773,69340.46108854981,650524.6181927869,10,,O2,LAMBDAMART,CAPACITY
2023-08-03,2023-08-04,10,50,0,10000000,0.1,49,19,0,1.9386740824912088,122857.54240017546,3886.342515547076,10,,O2,LAMBDAMART,CAPACITY
,2023-10-30,10,50,0,10000000,0.1,0,10,0,0.9997376467916183,74047.55872974958,,0,True,O2,LAMBDAMART,CAPACITY
2023-02-02,2023-02-03,10,50,0,10000000,0.2,10,10,0,0.9899999999999999,49500.0,50500.0,10,,O2,LAMBDAMART,CAPACITY
2023-05-05,2023-05-08,10,50,0,10000000,0.2,30,20,0,1.9839394155844694,82656.17110313436,669.1264879551454,10,,O2,LAMBDAMART,CAPACITY
2023-08-03,2023-08-04,10,50,0,10000000,0.2,50,20,0,1.989947626100107,127117.38757205327,642.1432867349067,10,,O2,LAMBDAMART,CAPACITY
,2023-10-30,10,50,0,10000000,0.2,0,10,0,0.999956986356476,74640.9293895494,,0,True,O2,LAMBDAMART,CAPACITY
2023-02-02,2023-02-03,10,50,0,50000000,0.05,10,7,3,0.693,173250.0,15176750.0,10,,O2,LAMBDAMART,CAPACITY
2023-05-05,2023-05-08,10,50,0,50000000,0.05,27,12,5,1.1514099502511712,254295.21278699432,22052109.63101663,10,,O2,LAMBDAMART,CAPACITY
2023-08-03,2023-08-04,10,50,0,50000000,0.05,42,15,0,1.595590003289774,446060.2668820238,113056.13014019374,10,,O2,LAMBDAMART,CAPACITY
,2023-10-30,10,50,0,50000000,0.05,0,10,0,0.9982724634177358,326652.4793113261,,0,True,O2,LAMBDAMART,CAPACITY
2023-02-02,2023-02-03,10,50,0,50000000,0.1,10,7,3,0.693,173250.0,15176750.0,10,,O2,LAMBDAMART,CAPACITY
2023-05-05,2023-05-08,10,50,0,50000000,0.1,27,14,3,1.3494099502511712,298024.6005005895,13262502.700583993,10,,O2,LAMBDAMART,CAPACITY
2023-08-03,2023-08-04,10,50,0,50000000,0.1,44,17,0,1.7738071852887796,544077.3463408449,69379.79923079861,10,,O2,LAMBDAMART,CAPACITY
,2023-10-30,10,50,0,50000000,0.1,0,10,0,0.9990330257063469,358399.96576644277,,0,True,O2,LAMBDAMART,CAPACITY
2023-02-02,2023-02-03,10,50,0,50000000,0.2,10,10,0,0.9899999999999999,247500.0,252500.0,10,,O2,LAMBDAMART,CAPACITY
2023-05-05,2023-05-08,10,50,0,50000000,0.2,30,17,3,1.6643315557978773,346702.30544274906,3252623.0909639406,10,,O2,LAMBDAMART,CAPACITY
2023-08-03,2023-08-04,10,50,0,50000000,0.2,49,16,3,1.6061499384567905,514121.0481864651,4156520.286779334,10,,O2,LAMBDAMART,CAPACITY
,2023-10-30,10,50,0,50000000,0.2,0,9,0,0.9495347328150534,391037.3015051309,,0,True,O2,LAMBDAMART,CAPACITY
2024-01-23,2024-01-24,5,0,0,1000000,0.1,5,5,0,1.0,0.0,0.0,5,,O3,LGBM_REGRESSION,K_SENSITIVITY
2024-04-19,2024-04-22,5,0,0,1000000,0.1,14,9,0,1.5999999999999999,0.0,5.820766091346741e-11,5,,O3,LGBM_REGRESSION,K_SENSITIVITY
2024-07-22,2024-07-23,5,0,0,1000000,0.1,24,10,0,1.9999999999999996,0.0,0.0,5,,O3,LGBM_REGRESSION,K_SENSITIVITY
,2024-10-16,5,0,0,1000000,0.1,0,5,0,1.0,0.0,,0,True,O3,LGBM_REGRESSION,K_SENSITIVITY
2024-01-23,2024-01-24,5,30,0,1000000,0.1,5,5,0,0.994,2982.0,3018.0,5,,O3,LGBM_REGRESSION,K_SENSITIVITY
2024-04-19,2024-04-22,5,30,0,1000000,0.1,14,9,0,1.593901988454257,5777.070417491722,1471.895277186003,5,,O3,LGBM_REGRESSION,K_SENSITIVITY
2024-07-22,2024-07-23,5,30,0,1000000,0.1,24,10,0,1.9929563069930443,8431.855793850238,29.800655178518355,5,,O3,LGBM_REGRESSION,K_SENSITIVITY
,2024-10-16,5,30,0,1000000,0.1,0,5,0,0.9999761022904345,3740.9371298798906,,0,True,O3,LGBM_REGRESSION,K_SENSITIVITY
2024-01-23,2024-01-24,5,50,0,1000000,0.1,5,5,0,0.99,4950.0,5050.0,5,,O3,LGBM_REGRESSION,K_SENSITIVITY
2024-04-19,2024-04-22,5,50,0,1000000,0.1,14,9,0,1.5898103221822892,9581.335936001891,2472.0968569741417,5,,O3,LGBM_REGRESSION,K_SENSITIVITY
2024-07-22,2024-07-23,5,50,0,1000000,0.1,24,10,0,1.988237156269891,13940.869349294453,82.4772171170971,5,,O3,LGBM_REGRESSION,K_SENSITIVITY
,2024-10-16,5,50,0,1000000,0.1,0,5,0,0.9999332195253333,6174.8370059555855,,0,True,O3,LGBM_REGRESSION,K_SENSITIVITY
2024-01-23,2024-01-24,5,100,0,1000000,0.1,5,5,0,0.98,9800.0,10200.0,5,,O3,LGBM_REGRESSION,K_SENSITIVITY
2024-04-19,2024-04-22,5,100,0,1000000,0.1,14,9,0,1.5794884321036888,18928.101383576774,5039.2807116079275,5,,O3,LGBM_REGRESSION,K_SENSITIVITY
2024-07-22,2024-07-23,5,100,0,1000000,0.1,24,10,0,1.9763555937553896,27327.93754159275,326.9415985173546,5,,O3,LGBM_REGRESSION,K_SENSITIVITY
,2024-10-16,5,100,0,1000000,0.1,0,5,0,0.999728846054564,12054.146823768271,,0,True,O3,LGBM_REGRESSION,K_SENSITIVITY
2024-01-23,2024-01-24,10,0,0,1000000,0.1,10,10,0,0.9999999999999999,0.0,0.0,10,,O3,LGBM_REGRESSION,K_SENSITIVITY
2024-04-19,2024-04-22,10,0,0,1000000,0.1,28,18,0,1.6000000000000003,0.0,2.0372681319713593e-10,10,,O3,LGBM_REGRESSION,K_SENSITIVITY
2024-07-22,2024-07-23,10,0,0,1000000,0.1,46,18,0,1.6000000000000003,0.0,2.6193447411060333e-10,10,,O3,LGBM_REGRESSION,K_SENSITIVITY
,2024-10-16,10,0,0,1000000,0.1,0,10,0,0.9999999999999998,0.0,,0,True,O3,LGBM_REGRESSION,K_SENSITIVITY
2024-01-23,2024-01-24,10,30,0,1000000,0.1,10,10,0,0.9940000000000002,2981.9999999999995,3018.0000000000005,10,,O3,LGBM_REGRESSION,K_SENSITIVITY
2024-04-19,2024-04-22,10,30,0,1000000,0.1,28,18,0,1.593750449232182,5446.137036744811,1388.2290829552367,10,,O3,LGBM_REGRESSION,K_SENSITIVITY
2024-07-22,2024-07-23,10,30,0,1000000,0.1,46,18,0,1.5953277808781612,6196.53308867678,1571.8179210019562,10,,O3,LGBM_REGRESSION,K_SENSITIVITY
,2024-10-16,10,30,0,1000000,0.1,0,10,0,0.9986804831700729,3568.9060841041205,,0,True,O3,LGBM_REGRESSION,K_SENSITIVITY
2024-01-23,2024-01-24,10,50,0,1000000,0.1,10,10,0,0.9899999999999999,4950.0,5050.0,10,,O3,LGBM_REGRESSION,K_SENSITIVITY
2024-04-19,2024-04-22,10,50,0,1000000,0.1,28,18,0,1.589556616955155,9032.825703533128,2332.3884790679494,10,,O3,LGBM_REGRESSION,K_SENSITIVITY
2024-07-22,2024-07-23,10,50,0,1000000,0.1,46,18,0,1.592188566679337,10250.45257549888,2625.475301407545,10,,O3,LGBM_REGRESSION,K_SENSITIVITY
,2024-10-16,10,50,0,1000000,0.1,0,10,0,0.9977768041634341,5891.605032183926,,0,True,O3,LGBM_REGRESSION,K_SENSITIVITY
2024-01-23,2024-01-24,10,100,0,1000000,0.1,10,10,0,0.9799999999999999,9800.0,10200.0,10,,O3,LGBM_REGRESSION,K_SENSITIVITY
2024-04-19,2024-04-22,10,100,0,1000000,0.1,28,18,0,1.5789753873387367,17846.249534880037,4758.598745825155,10,,O3,LGBM_REGRESSION,K_SENSITIVITY
2024-07-22,2024-07-23,10,100,0,1000000,0.1,46,18,0,1.5842530941095503,20120.1338040377,5280.017066864239,10,,O3,LGBM_REGRESSION,K_SENSITIVITY
,2024-10-16,10,100,0,1000000,0.1,0,10,0,0.9954315962264486,11504.884588792758,,0,True,O3,LGBM_REGRESSION,K_SENSITIVITY
2024-01-23,2024-01-24,15,0,0,1000000,0.1,15,15,0,0.9999999999999999,0.0,1.4551915228366852e-10,15,,O3,LGBM_REGRESSION,K_SENSITIVITY
2024-04-19,2024-04-22,15,0,0,1000000,0.1,40,25,0,1.3846768033767651,0.0,2.9103830456733704e-11,15,,O3,LGBM_REGRESSION,K_SENSITIVITY
2024-07-22,2024-07-23,15,0,0,1000000,0.1,66,25,1,1.4341731780217202,0.0,80667.11755660294,15,,O3,LGBM_REGRESSION,K_SENSITIVITY
,2024-10-16,15,0,0,1000000,0.1,0,14,0,0.92733823085628,0.0,,0,True,O3,LGBM_REGRESSION,K_SENSITIVITY
2024-01-23,2024-01-24,15,30,0,1000000,0.1,15,15,0,0.9940000000000003,2982.0000000000005,3018.000000000145,15,,O3,LGBM_REGRESSION,K_SENSITIVITY
2024-04-19,2024-04-22,15,30,0,1000000,0.1,40,25,0,1.3785628452822467,4743.259919168515,2138.1962805268413,15,,O3,LGBM_REGRESSION,K_SENSITIVITY
2024-07-22,2024-07-23,15,30,0,1000000,0.1,66,26,0,1.4956358006974726,5387.980175003418,1816.9559096915973,15,,O3,LGBM_REGRESSION,K_SENSITIVITY
,2024-10-16,15,30,0,1000000,0.1,0,15,0,0.9983178849253367,3235.0335742557613,,0,True,O3,LGBM_REGRESSION,K_SENSITIVITY
2024-01-23,2024-01-24,15,50,0,1000000,0.1,15,15,0,0.9900000000000004,4950.0,5050.0,15,,O3,LGBM_REGRESSION,K_SENSITIVITY
2024-04-19,2024-04-22,15,50,0,1000000,0.1,40,25,0,1.3744690710455332,7864.287190165777,3579.0946302539387,15,,O3,LGBM_REGRESSION,K_SENSITIVITY
2024-07-22,2024-07-23,15,50,0,1000000,0.1,66,26,0,1.4921412426916119,8913.77914755168,3033.8554228489575,15,,O3,LGBM_REGRESSION,K_SENSITIVITY
,2024-10-16,15,50,0,1000000,0.1,0,15,0,0.9971689065021365,5342.928972093436,,0,True,O3,LGBM_REGRESSION,K_SENSITIVITY
2024-01-23,2024-01-24,15,100,0,1000000,0.1,15,15,0,0.9800000000000002,9800.0,10199.999999999774,15,,O3,LGBM_REGRESSION,K_SENSITIVITY
2024-04-19,2024-04-22,15,100,0,1000000,0.1,40,25,0,1.3641719830461463,15524.007342130139,7235.59707001397,15,,O3,LGBM_REGRESSION,K_SENSITIVITY
2024-07-22,2024-07-23,15,100,0,1000000,0.1,66,26,0,1.4833152532194458,17500.69336637668,6096.034744377048,15,,O3,LGBM_REGRESSION,K_SENSITIVITY
,2024-10-16,15,100,0,1000000,0.1,0,15,0,0.9941979673957565,10445.762313712456,,0,True,O3,LGBM_REGRESSION,K_SENSITIVITY
2024-01-23,2024-01-24,20,0,0,1000000,0.1,20,20,0,1.0000000000000002,0.0,0.0,20,,O3,LGBM_REGRESSION,K_SENSITIVITY
2024-04-19,2024-04-22,20,0,0,1000000,0.1,54,33,1,1.3949603403013715,0.0,58995.61717373473,20,,O3,LGBM_REGRESSION,K_SENSITIVITY
2024-07-22,2024-07-23,20,0,0,1000000,0.1,85,31,0,1.1967698139351823,0.0,1.0186340659856796e-10,20,,O3,LGBM_REGRESSION,K_SENSITIVITY
,2024-10-16,20,0,0,1000000,0.1,0,20,0,0.9999999999999996,0.0,,0,True,O3,LGBM_REGRESSION,K_SENSITIVITY
2024-01-23,2024-01-24,20,30,0,1000000,0.1,20,20,0,0.9939999999999998,2981.999999999999,3018.000000000001,20,,O3,LGBM_REGRESSION,K_SENSITIVITY
2024-04-19,2024-04-22,20,30,0,1000000,0.1,54,34,0,1.4388482863449457,5075.613025359994,1979.4921911231404,20,,O3,LGBM_REGRESSION,K_SENSITIVITY
2024-07-22,2024-07-23,20,30,0,1000000,0.1,86,32,0,1.2386592018880644,4757.939569709647,2924.463406762058,20,,O3,LGBM_REGRESSION,K_SENSITIVITY
,2024-10-16,20,30,0,1000000,0.1,0,20,0,0.9974456278736301,3425.882872159864,,0,True,O3,LGBM_REGRESSION,K_SENSITIVITY
2024-01-23,2024-01-24,20,50,0,1000000,0.1,20,20,0,0.9899999999999999,4950.0,5050.0,20,,O3,LGBM_REGRESSION,K_SENSITIVITY
2024-04-19,2024-04-22,20,50,0,1000000,0.1,54,34,0,1.4347535830025928,8416.000666995886,3315.631533403979,20,,O3,LGBM_REGRESSION,K_SENSITIVITY
2024-07-22,2024-07-23,20,50,0,1000000,0.1,86,32,0,1.2361686638405076,7872.427325911925,4864.390158934537,20,,O3,LGBM_REGRESSION,K_SENSITIVITY
,2024-10-16,20,50,0,1000000,0.1,0,20,0,0.99571895279261,5656.986760935394,,0,True,O3,LGBM_REGRESSION,K_SENSITIVITY
2024-01-23,2024-01-24,20,100,0,1000000,0.1,20,20,0,0.9800000000000003,9800.0,10200.0,20,,O3,LGBM_REGRESSION,K_SENSITIVITY
2024-04-19,2024-04-22,20,100,0,1000000,0.1,54,34,0,1.4244464066136528,16616.368131734544,6713.913800369108,20,,O3,LGBM_REGRESSION,K_SENSITIVITY
2024-07-22,2024-07-23,20,100,0,1000000,0.1,86,32,0,1.2298626820797989,15460.858828866507,9681.555936855058,20,,O3,LGBM_REGRESSION,K_SENSITIVITY
,2024-10-16,20,100,0,1000000,0.1,0,20,0,0.9913176776611176,11054.067302348813,,0,True,O3,LGBM_REGRESSION,K_SENSITIVITY
2024-01-23,2024-01-25,10,50,1,1000000,0.1,10,10,0,0.9899999999999999,4950.0,5050.0,10,,O3,LGBM_REGRESSION,DELAY
2024-04-19,2024-04-24,10,50,1,1000000,0.1,28,18,0,1.5895445418881928,9008.276741804551,2326.1357322288713,10,,O3,LGBM_REGRESSION,DELAY
2024-07-22,2024-07-24,10,50,1,1000000,0.1,46,18,0,1.592236178064575,10499.238595338516,2688.803153719993,10,,O3,LGBM_REGRESSION,DELAY
,2024-10-17,10,50,1,1000000,0.1,0,10,0,0.9977399673999666,5935.149720623366,,0,True,O3,LGBM_REGRESSION,DELAY
2024-01-23,2024-01-26,10,50,2,1000000,0.1,10,10,0,0.9899999999999999,4950.0,5050.0,10,,O3,LGBM_REGRESSION,DELAY
2024-04-19,2024-04-25,10,50,2,1000000,0.1,28,18,0,1.5894711396419623,8861.864377145757,2288.84374976244,10,,O3,LGBM_REGRESSION,DELAY
2024-07-22,2024-07-25,10,50,2,1000000,0.1,46,18,0,1.5921916196571066,10076.082311439772,2580.7891191609306,10,,O3,LGBM_REGRESSION,DELAY
,2024-10-18,10,50,2,1000000,0.1,0,10,0,0.9977068042858598,5614.154188272475,,0,True,O3,LGBM_REGRESSION,DELAY
2024-01-23,2024-01-24,10,50,0,1000000,0.05,10,10,0,0.9899999999999999,4950.0,5050.0,10,,O3,LGBM_REGRESSION,CAPACITY
2024-04-19,2024-04-22,10,50,0,1000000,0.05,28,18,0,1.589556616955155,9032.825703533128,2332.3884790679494,10,,O3,LGBM_REGRESSION,CAPACITY
2024-07-22,2024-07-23,10,50,0,1000000,0.05,46,18,0,1.592188566679337,10250.45257549888,2625.475301407545,10,,O3,LGBM_REGRESSION,CAPACITY
,2024-10-16,10,50,0,1000000,0.05,0,10,0,0.9977768041634341,5891.605032183926,,0,True,O3,LGBM_REGRESSION,CAPACITY
2024-01-23,2024-01-24,10,50,0,1000000,0.2,10,10,0,0.9899999999999999,4950.0,5050.0,10,,O3,LGBM_REGRESSION,CAPACITY
2024-04-19,2024-04-22,10,50,0,1000000,0.2,28,18,0,1.589556616955155,9032.825703533128,2332.3884790679494,10,,O3,LGBM_REGRESSION,CAPACITY
2024-07-22,2024-07-23,10,50,0,1000000,0.2,46,18,0,1.592188566679337,10250.45257549888,2625.475301407545,10,,O3,LGBM_REGRESSION,CAPACITY
,2024-10-16,10,50,0,1000000,0.2,0,10,0,0.9977768041634341,5891.605032183926,,0,True,O3,LGBM_REGRESSION,CAPACITY
2024-01-23,2024-01-24,10,50,0,10000000,0.05,10,9,1,0.8909999999999999,44550.0,1045450.0,10,,O3,LGBM_REGRESSION,CAPACITY
2024-04-19,2024-04-22,10,50,0,10000000,0.05,27,17,0,1.5027475730893423,86082.50232207064,28484.313640374356,10,,O3,LGBM_REGRESSION,CAPACITY
2024-07-22,2024-07-23,10,50,0,10000000,0.05,45,18,0,1.5918062878012358,103344.25268272836,26501.009865490123,10,,O3,LGBM_REGRESSION,CAPACITY
,2024-10-16,10,50,0,10000000,0.05,0,10,0,0.9977747247965452,59412.96111221626,,0,True,O3,LGBM_REGRESSION,CAPACITY
2024-01-23,2024-01-24,10,50,0,10000000,0.1,10,10,0,0.9899999999999999,49500.0,50500.0,10,,O3,LGBM_REGRESSION,CAPACITY
2024-04-19,2024-04-22,10,50,0,10000000,0.1,28,18,0,1.589556616955155,90328.25703533126,23323.884790678116,10,,O3,LGBM_REGRESSION,CAPACITY
2024-07-22,2024-07-23,10,50,0,10000000,0.1,46,18,0,1.592188566679337,102504.52575498878,26254.75301407592,10,,O3,LGBM_REGRESSION,CAPACITY
,2024-10-16,10,50,0,10000000,0.1,0,10,0,0.997776804163434,58916.05032183926,,0,True,O3,LGBM_REGRESSION,CAPACITY
2024-01-23,2024-01-24,10,50,0,10000000,0.2,10,10,0,0.9899999999999999,49500.0,50500.0,10,,O3,LGBM_REGRESSION,CAPACITY
2024-04-19,2024-04-22,10,50,0,10000000,0.2,28,18,0,1.589556616955155,90328.25703533126,23323.884790678116,10,,O3,LGBM_REGRESSION,CAPACITY
2024-07-22,2024-07-23,10,50,0,10000000,0.2,46,18,0,1.592188566679337,102504.52575498878,26254.75301407592,10,,O3,LGBM_REGRESSION,CAPACITY
,2024-10-16,10,50,0,10000000,0.2,0,10,0,0.997776804163434,58916.05032183926,,0,True,O3,LGBM_REGRESSION,CAPACITY
2024-01-23,2024-01-24,10,50,0,50000000,0.05,10,9,1,0.8909999999999999,222750.0,5227250.0,10,,O3,LGBM_REGRESSION,CAPACITY
2024-04-19,2024-04-22,10,50,0,50000000,0.05,27,15,2,1.304747573089342,373701.93770894164,11541246.922385577,10,,O3,LGBM_REGRESSION,CAPACITY
2024-07-22,2024-07-23,10,50,0,50000000,0.05,45,16,2,1.596196758691224,470423.7990553954,11789737.696793184,10,,O3,LGBM_REGRESSION,CAPACITY
,2024-10-16,10,50,0,50000000,0.05,0,8,0,0.7748941629717705,202922.30190076338,,0,True,O3,LGBM_REGRESSION,CAPACITY
2024-01-23,2024-01-24,10,50,0,50000000,0.1,10,9,1,0.8909999999999999,222750.0,5227250.0,10,,O3,LGBM_REGRESSION,CAPACITY
2024-04-19,2024-04-22,10,50,0,50000000,0.1,27,15,2,1.304747573089342,373701.93770894164,11541246.922385577,10,,O3,LGBM_REGRESSION,CAPACITY
2024-07-22,2024-07-23,10,50,0,50000000,0.1,45,17,1,1.695196758691224,499600.62569215044,5925195.542805423,10,,O3,LGBM_REGRESSION,CAPACITY
,2024-10-16,10,50,0,50000000,0.1,0,9,0,0.8853512628104572,228780.511884267,,0,True,O3,LGBM_REGRESSION,CAPACITY
2024-01-23,2024-01-24,10,50,0,50000000,0.2,10,9,1,0.8909999999999999,222750.0,5227250.0,10,,O3,LGBM_REGRESSION,CAPACITY
2024-04-19,2024-04-22,10,50,0,50000000,0.2,27,17,0,1.502747573089342,430412.51161035313,142421.56820186623,10,,O3,LGBM_REGRESSION,CAPACITY
2024-07-22,2024-07-23,10,50,0,50000000,0.2,45,18,0,1.591806287801236,516721.2634136417,132505.04932745348,10,,O3,LGBM_REGRESSION,CAPACITY
,2024-10-16,10,50,0,50000000,0.2,0,10,0,0.9977747247965449,297064.80556108133,,0,True,O3,LGBM_REGRESSION,CAPACITY
2024-01-23,2024-01-24,5,0,0,1000000,0.1,5,5,0,1.0,0.0,0.0,5,,O3,LAMBDAMART,K_SENSITIVITY
2024-04-19,2024-04-22,5,0,0,1000000,0.1,14,8,1,1.4412010711833145,0.0,225120.37152424164,5,,O3,LAMBDAMART,K_SENSITIVITY
2024-07-22,2024-07-23,5,0,0,1000000,0.1,23,8,1,1.5925726989928222,0.0,217059.53886605476,5,,O3,LAMBDAMART,K_SENSITIVITY
,2024-10-16,5,0,0,1000000,0.1,0,4,0,0.783028806638633,0.0,,0,True,O3,LAMBDAMART,K_SENSITIVITY
2024-01-23,2024-01-24,5,30,0,1000000,0.1,5,5,0,0.994,2982.0,3018.0,5,,O3,LAMBDAMART,K_SENSITIVITY
2024-04-19,2024-04-22,5,30,0,1000000,0.1,14,9,0,1.6334761375391205,5497.625229384843,1233.5722494679158,5,,O3,LAMBDAMART,K_SENSITIVITY
2024-07-22,2024-07-23,5,30,0,1000000,0.1,24,10,0,1.9929458959691293,6996.7745496502375,24.76533640661546,5,,O3,LAMBDAMART,K_SENSITIVITY
,2024-10-16,5,30,0,1000000,0.1,0,5,0,0.9999764321092346,3152.3507538292392,,0,True,O3,LAMBDAMART,K_SENSITIVITY
2024-01-23,2024-01-24,5,50,0,1000000,0.1,5,5,0,0.99,4950.0,5050.0,5,,O3,LAMBDAMART,K_SENSITIVITY
2024-04-19,2024-04-22,5,50,0,1000000,0.1,14,9,0,1.6283083809511996,9113.608131594341,2080.350258855473,5,,O3,LAMBDAMART,K_SENSITIVITY
2024-07-22,2024-07-23,5,50,0,1000000,0.1,24,10,0,1.988212504461359,11569.758662057744,68.59351216536561,5,,O3,LAMBDAMART,K_SENSITIVITY
,2024-10-16,5,50,0,1000000,0.1,0,5,0,0.9999341005254107,5204.062120088584,,0,True,O3,LAMBDAMART,K_SENSITIVITY
2024-01-23,2024-01-24,5,100,0,1000000,0.1,5,5,0,0.98,9800.0,10200.0,5,,O3,LAMBDAMART,K_SENSITIVITY
2024-04-19,2024-04-22,5,100,0,1000000,0.1,14,9,0,1.6153263647000415,17983.263985554036,4282.532423821638,5,,O3,LAMBDAMART,K_SENSITIVITY
2024-07-22,2024-07-23,5,100,0,1000000,0.1,24,10,0,1.9762696667110744,22688.157519413086,272.4312115477078,5,,O3,LAMBDAMART,K_SENSITIVITY
,2024-10-16,5,100,0,1000000,0.1,0,5,0,0.9997320118550804,10163.069090030749,,0,True,O3,LAMBDAMART,K_SENSITIVITY
2024-01-23,2024-01-24,10,0,0,1000000,0.1,10,10,0,0.9999999999999999,0.0,0.0,10,,O3,LAMBDAMART,K_SENSITIVITY
2024-04-19,2024-04-22,10,0,0,1000000,0.1,27,16,1,1.3357554001616765,0.0,122946.12461722038,10,,O3,LAMBDAMART,K_SENSITIVITY
2024-07-22,2024-07-23,10,0,0,1000000,0.1,44,17,0,1.5187590975450056,0.0,2.3283064365386963e-10,10,,O3,LAMBDAMART,K_SENSITIVITY
,2024-10-16,10,0,0,1000000,0.1,0,10,0,0.9999999999999997,0.0,,0,True,O3,LAMBDAMART,K_SENSITIVITY
2024-01-23,2024-01-24,10,30,0,1000000,0.1,10,10,0,0.9940000000000002,2981.9999999999995,3018.0000000000005,10,,O3,LAMBDAMART,K_SENSITIVITY
2024-04-19,2024-04-22,10,30,0,1000000,0.1,27,17,0,1.430096543991232,5256.044462451166,2094.5704097197668,10,,O3,LAMBDAMART,K_SENSITIVITY
2024-07-22,2024-07-23,10,30,0,1000000,0.1,45,18,0,1.5950031079766447,7174.884509730013,1821.8183478985684,10,,O3,LAMBDAMART,K_SENSITIVITY
,2024-10-16,10,30,0,1000000,0.1,0,10,0,0.9986518600793819,4048.605609916027,,0,True,O3,LAMBDAMART,K_SENSITIVITY
2024-01-23,2024-01-24,10,50,0,1000000,0.1,10,10,0,0.9899999999999999,4950.0,5050.0,10,,O3,LAMBDAMART,K_SENSITIVITY
2024-04-19,2024-04-22,10,50,0,1000000,0.1,27,17,0,1.4263021950142356,8716.251337220852,3505.9149998837493,10,,O3,LAMBDAMART,K_SENSITIVITY
2024-07-22,2024-07-23,10,50,0,1000000,0.1,45,18,0,1.5916491247328242,11868.316917674021,3044.9158209375,10,,O3,LAMBDAMART,K_SENSITIVITY
,2024-10-16,10,50,0,1000000,0.1,0,10,0,0.9977274444278222,6684.096348874743,,0,True,O3,LAMBDAMART,K_SENSITIVITY
2024-01-23,2024-01-24,10,100,0,1000000,0.1,10,10,0,0.9799999999999999,9800.0,10200.0,10,,O3,LAMBDAMART,K_SENSITIVITY
2024-04-19,2024-04-22,10,100,0,1000000,0.1,27,17,0,1.4167395978614246,17214.406467566358,7087.033957408999,10,,O3,LAMBDAMART,K_SENSITIVITY
2024-07-22,2024-07-23,10,100,0,1000000,0.1,45,18,0,1.5831830388244412,23292.84282769829,6132.488617229377,10,,O3,LAMBDAMART,K_SENSITIVITY
,2024-10-16,10,100,0,1000000,0.1,0,10,0,0.9953246046513007,13055.188605965355,,0,True,O3,LAMBDAMART,K_SENSITIVITY
2024-01-23,2024-01-24,15,0,0,1000000,0.1,15,15,0,0.9999999999999999,0.0,1.4551915228366852e-10,15,,O3,LAMBDAMART,K_SENSITIVITY
2024-04-19,2024-04-22,15,0,0,1000000,0.1,38,23,0,1.0947593685863952,0.0,2.6193447411060333e-10,15,,O3,LAMBDAMART,K_SENSITIVITY
2024-07-22,2024-07-23,15,0,0,1000000,0.1,63,24,1,1.29308928043226,0.0,100215.39836199589,15,,O3,LAMBDAMART,K_SENSITIVITY
,2024-10-16,15,0,0,1000000,0.1,0,14,0,0.924634018364913,0.0,,0,True,O3,LAMBDAMART,K_SENSITIVITY
2024-01-23,2024-01-24,15,30,0,1000000,0.1,15,15,0,0.9940000000000003,2982.0000000000005,3018.000000000145,15,,O3,LAMBDAMART,K_SENSITIVITY
2024-04-19,2024-04-22,15,30,0,1000000,0.1,38,23,0,1.091440625685733,4173.194239935321,3473.9358773139174,15,,O3,LAMBDAMART,K_SENSITIVITY
2024-07-22,2024-07-23,15,30,0,1000000,0.1,63,25,0,1.3548768423477953,6065.426972926068,2888.0465581667986,15,,O3,LAMBDAMART,K_SENSITIVITY
,2024-10-16,15,30,0,1000000,0.1,0,15,0,0.9977794913671372,3893.2075064309374,,0,True,O3,LAMBDAMART,K_SENSITIVITY
2024-01-23,2024-01-24,15,50,0,1000000,0.1,15,15,0,0.9900000000000004,4950.0,5050.0,15,,O3,LAMBDAMART,K_SENSITIVITY
2024-04-19,2024-04-22,15,50,0,1000000,0.1,38,23,0,1.0892054882810336,6924.280635026051,5790.089076705539,15,,O3,LAMBDAMART,K_SENSITIVITY
2024-07-22,2024-07-23,15,50,0,1000000,0.1,63,25,0,1.3516070384428753,10035.560253419555,4814.259210351369,15,,O3,LAMBDAMART,K_SENSITIVITY
,2024-10-16,15,50,0,1000000,0.1,0,15,0,0.9962710119950956,6431.110651462775,,0,True,O3,LAMBDAMART,K_SENSITIVITY
2024-01-23,2024-01-24,15,100,0,1000000,0.1,15,15,0,0.9800000000000002,9800.0,10199.999999999774,15,,O3,LAMBDAMART,K_SENSITIVITY
2024-04-19,2024-04-22,15,100,0,1000000,0.1,38,23,0,1.0835378300981031,13693.698909107132,11582.204762603766,15,,O3,LAMBDAMART,K_SENSITIVITY
2024-07-22,2024-07-23,15,100,0,1000000,0.1,63,25,0,1.343371682046806,19707.693323310694,9632.947970070269,15,,O3,LAMBDAMART,K_SENSITIVITY
,2024-10-16,15,100,0,1000000,0.1,0,15,0,0.9923998769273008,12578.396808184265,,0,True,O3,LAMBDAMART,K_SENSITIVITY
2024-01-23,2024-01-24,20,0,0,1000000,0.1,20,20,0,1.0000000000000002,0.0,0.0,20,,O3,LAMBDAMART,K_SENSITIVITY
2024-04-19,2024-04-22,20,0,0,1000000,0.1,51,31,0,1.140758304935444,0.0,4.3655745685100555e-11,20,,O3,LAMBDAMART,K_SENSITIVITY
2024-07-22,2024-07-23,20,0,0,1000000,0.1,85,33,1,1.3699834844272458,0.0,73342.00189822345,20,,O3,LAMBDAMART,K_SENSITIVITY
,2024-10-16,20,0,0,1000000,0.1,0,19,0,0.9419749662177576,0.0,,0,True,O3,LAMBDAMART,K_SENSITIVITY
2024-01-23,2024-01-24,20,30,0,1000000,0.1,20,20,0,0.9939999999999998,2981.999999999999,3018.000000000001,20,,O3,LAMBDAMART,K_SENSITIVITY
2024-04-19,2024-04-22,20,30,0,1000000,0.1,51,31,0,1.1369139264250867,4233.289167094615,3213.6935264957256,20,,O3,LAMBDAMART,K_SENSITIVITY
2024-07-22,2024-07-23,20,30,0,1000000,0.1,85,34,0,1.4149529421323177,6180.672048074682,2555.5507110513054,20,,O3,LAMBDAMART,K_SENSITIVITY
,2024-10-16,20,30,0,1000000,0.1,0,20,0,0.9979377314008464,3709.915110155897,,0,True,O3,LAMBDAMART,K_SENSITIVITY
2024-01-23,2024-01-24,20,50,0,1000000,0.1,20,20,0,0.9899999999999999,4950.0,5050.0,20,,O3,LAMBDAMART,K_SENSITIVITY
2024-04-19,2024-04-22,20,50,0,1000000,0.1,51,31,0,1.134329308150084,7022.708203862629,5359.424838817391,20,,O3,LAMBDAMART,K_SENSITIVITY
2024-07-22,2024-07-23,20,50,0,1000000,0.1,85,34,0,1.411580493611406,10226.171956889857,4262.795556010851,20,,O3,LAMBDAMART,K_SENSITIVITY
,2024-10-16,20,50,0,1000000,0.1,0,20,0,0.9965339876794241,6128.1095697145265,,0,True,O3,LAMBDAMART,K_SENSITIVITY
2024-01-23,2024-01-24,20,100,0,1000000,0.1,20,20,0,0.9800000000000003,9800.0,10200.0,20,,O3,LAMBDAMART,K_SENSITIVITY
2024-04-19,2024-04-22,20,100,0,1000000,0.1,51,31,0,1.127791300970871,13882.063301439675,10736.07888406758,20,,O3,LAMBDAMART,K_SENSITIVITY
2024-07-22,2024-07-23,20,100,0,1000000,0.1,85,34,0,1.4030825638327804,20081.7669258861,8543.443654778472,20,,O3,LAMBDAMART,K_SENSITIVITY
,2024-10-16,20,100,0,1000000,0.1,0,20,0,0.9929218562971822,11984.741040925868,,0,True,O3,LAMBDAMART,K_SENSITIVITY
2024-01-23,2024-01-25,10,50,1,1000000,0.1,10,10,0,0.9899999999999999,4950.0,5050.0,10,,O3,LAMBDAMART,DELAY
2024-04-19,2024-04-24,10,50,1,1000000,0.1,27,17,0,1.422778248433394,8592.682462020586,3486.054996162844,10,,O3,LAMBDAMART,DELAY
2024-07-22,2024-07-24,10,50,1,1000000,0.1,45,18,0,1.591643428293613,11772.517912938076,3020.390729369139,10,,O3,LAMBDAMART,DELAY
,2024-10-17,10,50,1,1000000,0.1,0,10,0,0.997799437256413,6847.666986188058,,0,True,O3,LAMBDAMART,DELAY
2024-01-23,2024-01-26,10,50,2,1000000,0.1,10,10,0,0.9899999999999999,4950.0,5050.0,10,,O3,LAMBDAMART,DELAY
2024-04-19,2024-04-25,10,50,2,1000000,0.1,27,17,0,1.4218594147977868,8466.224048648812,3442.4414080593306,10,,O3,LAMBDAMART,DELAY
2024-07-22,2024-07-25,10,50,2,1000000,0.1,45,18,0,1.5915805810085892,11322.807078430496,2905.5734554098362,10,,O3,LAMBDAMART,DELAY
,2024-10-18,10,50,2,1000000,0.1,0,10,0,0.997778416385196,6524.891662215688,,0,True,O3,LAMBDAMART,DELAY
2024-01-23,2024-01-24,10,50,0,1000000,0.05,10,10,0,0.9899999999999999,4950.0,5050.0,10,,O3,LAMBDAMART,CAPACITY
2024-04-19,2024-04-22,10,50,0,1000000,0.05,27,17,0,1.4263021950142356,8716.251337220852,3505.9149998837493,10,,O3,LAMBDAMART,CAPACITY
2024-07-22,2024-07-23,10,50,0,1000000,0.05,45,18,0,1.5916491247328242,11868.316917674021,3044.9158209375,10,,O3,LAMBDAMART,CAPACITY
,2024-10-16,10,50,0,1000000,0.05,0,10,0,0.9977274444278222,6684.096348874743,,0,True,O3,LAMBDAMART,CAPACITY
2024-01-23,2024-01-24,10,50,0,1000000,0.2,10,10,0,0.9899999999999999,4950.0,5050.0,10,,O3,LAMBDAMART,CAPACITY
2024-04-19,2024-04-22,10,50,0,1000000,0.2,27,17,0,1.4263021950142356,8716.251337220852,3505.9149998837493,10,,O3,LAMBDAMART,CAPACITY
2024-07-22,2024-07-23,10,50,0,1000000,0.2,45,18,0,1.5916491247328242,11868.316917674021,3044.9158209375,10,,O3,LAMBDAMART,CAPACITY
,2024-10-16,10,50,0,1000000,0.2,0,10,0,0.9977274444278222,6684.096348874743,,0,True,O3,LAMBDAMART,CAPACITY
2024-01-23,2024-01-24,10,50,0,10000000,0.05,10,9,1,0.8909999999999999,44550.0,1045450.0,10,,O3,LAMBDAMART,CAPACITY
2024-04-19,2024-04-22,10,50,0,10000000,0.05,26,16,0,1.3467471964383924,82916.7586589479,40219.57884853658,10,,O3,LAMBDAMART,CAPACITY
2024-07-22,2024-07-23,10,50,0,10000000,0.05,44,18,0,1.5913239999005628,119585.90939707366,30711.464870573385,10,,O3,LAMBDAMART,CAPACITY
,2024-10-16,10,50,0,10000000,0.05,0,10,0,0.9977256391572817,67363.13636324182,,0,True,O3,LAMBDAMART,CAPACITY
2024-01-23,2024-01-24,10,50,0,10000000,0.1,10,10,0,0.9899999999999999,49500.0,50500.0,10,,O3,LAMBDAMART,CAPACITY
2024-04-19,2024-04-22,10,50,0,10000000,0.1,27,17,0,1.4263021950142358,87162.51337220856,35059.14999884031,10,,O3,LAMBDAMART,CAPACITY
2024-07-22,2024-07-23,10,50,0,10000000,0.1,45,18,0,1.5916491247328242,118683.16917674024,30449.158209375906,10,,O3,LAMBDAMART,CAPACITY
,2024-10-16,10,50,0,10000000,0.1,0,10,0,0.9977274444278222,66840.96348874745,,0,True,O3,LAMBDAMART,CAPACITY
2024-01-23,2024-01-24,10,50,0,10000000,0.2,10,10,0,0.9899999999999999,49500.0,50500.0,10,,O3,LAMBDAMART,CAPACITY
2024-04-19,2024-04-22,10,50,0,10000000,0.2,27,17,0,1.4263021950142358,87162.51337220856,35059.14999884031,10,,O3,LAMBDAMART,CAPACITY
2024-07-22,2024-07-23,10,50,0,10000000,0.2,45,18,0,1.5916491247328242,118683.16917674024,30449.158209375906,10,,O3,LAMBDAMART,CAPACITY
,2024-10-16,10,50,0,10000000,0.2,0,10,0,0.9977274444278222,66840.96348874745,,0,True,O3,LAMBDAMART,CAPACITY
2024-01-23,2024-01-24,10,50,0,50000000,0.05,10,9,1,0.8909999999999999,222750.0,5227250.0,10,,O3,LAMBDAMART,CAPACITY
2024-04-19,2024-04-22,10,50,0,50000000,0.05,26,15,1,1.2477471964383924,384107.549761637,6326822.844396254,10,,O3,LAMBDAMART,CAPACITY
2024-07-22,2024-07-23,10,50,0,50000000,0.05,43,15,2,1.3079354917914119,469830.37302964134,14473523.974869717,10,,O3,LAMBDAMART,CAPACITY
,2024-10-16,10,50,0,50000000,0.05,0,8,0,0.7778495221073016,253391.84083364528,,0,True,O3,LAMBDAMART,CAPACITY
2024-01-23,2024-01-24,10,50,0,50000000,0.1,10,9,1,0.8909999999999999,222750.0,5227250.0,10,,O3,LAMBDAMART,CAPACITY
2024-04-19,2024-04-22,10,50,0,50000000,0.1,26,15,1,1.2477471964383924,384107.549761637,6326822.844396254,10,,O3,LAMBDAMART,CAPACITY
2024-07-22,2024-07-23,10,50,0,50000000,0.1,43,16,1,1.4069354917914119,505392.6826556518,7325499.740041608,10,,O3,LAMBDAMART,CAPACITY
,2024-10-16,10,50,0,50000000,0.1,0,9,0,0.8865890918950243,286335.250758643,,0,True,O3,LAMBDAMART,CAPACITY
2024-01-23,2024-01-24,10,50,0,50000000,0.2,10,9,1,0.8909999999999999,222750.0,5227250.0,10,,O3,LAMBDAMART,CAPACITY
2024-04-19,2024-04-22,10,50,0,50000000,0.2,26,16,0,1.3467471964383924,414583.79329473927,201097.8942426943,10,,O3,LAMBDAMART,CAPACITY
2024-07-22,2024-07-23,10,50,0,50000000,0.2,44,18,0,1.5913239999005624,597929.5469853684,153557.32435287803,10,,O3,LAMBDAMART,CAPACITY
,2024-10-16,10,50,0,50000000,0.2,0,10,0,0.9977256391572816,336815.68181620905,,0,True,O3,LAMBDAMART,CAPACITY
2025-01-10,2025-01-13,5,0,0,1000000,0.1,5,5,0,1.0,0.0,0.0,5,,O4,LGBM_REGRESSION,K_SENSITIVITY
,2025-04-09,5,0,0,1000000,0.1,0,5,0,1.0,0.0,,0,True,O4,LGBM_REGRESSION,K_SENSITIVITY
2025-01-10,2025-01-13,5,30,0,1000000,0.1,5,5,0,0.994,2982.0,3018.0,5,,O4,LGBM_REGRESSION,K_SENSITIVITY
,2025-04-09,5,30,0,1000000,0.1,0,5,0,0.9972968576632051,3340.3811654213487,,0,True,O4,LGBM_REGRESSION,K_SENSITIVITY
2025-01-10,2025-01-13,5,50,0,1000000,0.1,5,5,0,0.99,4950.0,5050.0,5,,O4,LGBM_REGRESSION,K_SENSITIVITY
,2025-04-09,5,50,0,1000000,0.1,0,5,0,0.9954669070584933,5544.898312822158,,0,True,O4,LGBM_REGRESSION,K_SENSITIVITY
2025-01-10,2025-01-13,5,100,0,1000000,0.1,5,5,0,0.98,9800.0,10200.0,5,,O4,LGBM_REGRESSION,K_SENSITIVITY
,2025-04-09,5,100,0,1000000,0.1,0,5,0,0.9907940397722435,10977.778477910537,,0,True,O4,LGBM_REGRESSION,K_SENSITIVITY
2025-01-10,2025-01-13,10,0,0,1000000,0.1,10,10,0,0.9999999999999999,0.0,0.0,10,,O4,LGBM_REGRESSION,K_SENSITIVITY
,2025-04-09,10,0,0,1000000,0.1,0,10,0,0.9999999999999999,0.0,,0,True,O4,LGBM_REGRESSION,K_SENSITIVITY
2025-01-10,2025-01-13,10,30,0,1000000,0.1,10,10,0,0.9940000000000002,2981.9999999999995,3018.0000000000005,10,,O4,LGBM_REGRESSION,K_SENSITIVITY
,2025-04-09,10,30,0,1000000,0.1,0,10,0,0.9970566315312813,3067.013470391231,,0,True,O4,LGBM_REGRESSION,K_SENSITIVITY
2025-01-10,2025-01-13,10,50,0,1000000,0.1,10,10,0,0.9899999999999999,4950.0,5050.0,10,,O4,LGBM_REGRESSION,K_SENSITIVITY
,2025-04-09,10,50,0,1000000,0.1,0,10,0,0.9950648594155008,5091.118939784236,,0,True,O4,LGBM_REGRESSION,K_SENSITIVITY
2025-01-10,2025-01-13,10,100,0,1000000,0.1,10,10,0,0.9799999999999999,9800.0,10200.0,10,,O4,LGBM_REGRESSION,K_SENSITIVITY
,2025-04-09,10,100,0,1000000,0.1,0,10,0,0.9899817185928411,10079.386991896063,,0,True,O4,LGBM_REGRESSION,K_SENSITIVITY
2025-01-10,2025-01-13,15,0,0,1000000,0.1,15,15,0,0.9999999999999999,0.0,1.4551915228366852e-10,15,,O4,LGBM_REGRESSION,K_SENSITIVITY
,2025-04-09,15,0,0,1000000,0.1,0,15,0,0.9999999999999999,0.0,,0,True,O4,LGBM_REGRESSION,K_SENSITIVITY
2025-01-10,2025-01-13,15,30,0,1000000,0.1,15,15,0,0.9940000000000003,2982.0000000000005,3018.000000000145,15,,O4,LGBM_REGRESSION,K_SENSITIVITY
,2025-04-09,15,30,0,1000000,0.1,0,15,0,0.9969575003843543,2966.7886109378187,,0,True,O4,LGBM_REGRESSION,K_SENSITIVITY
2025-01-10,2025-01-13,15,50,0,1000000,0.1,15,15,0,0.9900000000000004,4950.0,5050.0,15,,O4,LGBM_REGRESSION,K_SENSITIVITY
,2025-04-09,15,50,0,1000000,0.1,0,15,0,0.9948989895963147,4924.749706285112,,0,True,O4,LGBM_REGRESSION,K_SENSITIVITY
2025-01-10,2025-01-13,15,100,0,1000000,0.1,15,15,0,0.9800000000000002,9800.0,10199.999999999774,15,,O4,LGBM_REGRESSION,K_SENSITIVITY
,2025-04-09,15,100,0,1000000,0.1,0,15,0,0.989646782232806,9750.009519513958,,0,True,O4,LGBM_REGRESSION,K_SENSITIVITY
2025-01-10,2025-01-13,20,0,0,1000000,0.1,20,20,0,1.0000000000000002,0.0,0.0,20,,O4,LGBM_REGRESSION,K_SENSITIVITY
,2025-04-09,20,0,0,1000000,0.1,0,20,0,1.0000000000000002,0.0,,0,True,O4,LGBM_REGRESSION,K_SENSITIVITY
2025-01-10,2025-01-13,20,30,0,1000000,0.1,20,20,0,0.9939999999999998,2981.999999999999,3018.000000000001,20,,O4,LGBM_REGRESSION,K_SENSITIVITY
,2025-04-09,20,30,0,1000000,0.1,0,20,0,0.9971976370506953,3221.790884758993,,0,True,O4,LGBM_REGRESSION,K_SENSITIVITY
2025-01-10,2025-01-13,20,50,0,1000000,0.1,20,20,0,0.9899999999999999,4950.0,5050.0,20,,O4,LGBM_REGRESSION,K_SENSITIVITY
,2025-04-09,20,50,0,1000000,0.1,0,20,0,0.9953008334051212,5348.043219167342,,0,True,O4,LGBM_REGRESSION,K_SENSITIVITY
2025-01-10,2025-01-13,20,100,0,1000000,0.1,20,20,0,0.9800000000000003,9800.0,10200.0,20,,O4,LGBM_REGRESSION,K_SENSITIVITY
,2025-04-09,20,100,0,1000000,0.1,0,20,0,0.9904584126201443,10588.045161179789,,0,True,O4,LGBM_REGRESSION,K_SENSITIVITY
2025-01-10,2025-01-14,10,50,1,1000000,0.1,10,10,0,0.9899999999999999,4950.0,5050.0,10,,O4,LGBM_REGRESSION,DELAY
,2025-04-10,10,50,1,1000000,0.1,0,10,0,0.9952371473926713,5276.194760467359,,0,True,O4,LGBM_REGRESSION,DELAY
2025-01-10,2025-01-15,10,50,2,1000000,0.1,10,10,0,0.9899999999999999,4950.0,5050.0,10,,O4,LGBM_REGRESSION,DELAY
,2025-04-11,10,50,2,1000000,0.1,0,10,0,0.9952163794136287,5253.178659651513,,0,True,O4,LGBM_REGRESSION,DELAY
2025-01-10,2025-01-13,10,50,0,1000000,0.05,10,10,0,0.9899999999999999,4950.0,5050.0,10,,O4,LGBM_REGRESSION,CAPACITY
,2025-04-09,10,50,0,1000000,0.05,0,10,0,0.9950648594155008,5091.118939784236,,0,True,O4,LGBM_REGRESSION,CAPACITY
2025-01-10,2025-01-13,10,50,0,1000000,0.2,10,10,0,0.9899999999999999,4950.0,5050.0,10,,O4,LGBM_REGRESSION,CAPACITY
,2025-04-09,10,50,0,1000000,0.2,0,10,0,0.9950648594155008,5091.118939784236,,0,True,O4,LGBM_REGRESSION,CAPACITY
2025-01-10,2025-01-13,10,50,0,10000000,0.05,10,10,0,0.9899999999999999,49500.0,50500.0,10,,O4,LGBM_REGRESSION,CAPACITY
,2025-04-09,10,50,0,10000000,0.05,0,10,0,0.9950648594155008,50911.18939784236,,0,True,O4,LGBM_REGRESSION,CAPACITY
2025-01-10,2025-01-13,10,50,0,10000000,0.1,10,10,0,0.9899999999999999,49500.0,50500.0,10,,O4,LGBM_REGRESSION,CAPACITY
,2025-04-09,10,50,0,10000000,0.1,0,10,0,0.9950648594155008,50911.18939784236,,0,True,O4,LGBM_REGRESSION,CAPACITY
2025-01-10,2025-01-13,10,50,0,10000000,0.2,10,10,0,0.9899999999999999,49500.0,50500.0,10,,O4,LGBM_REGRESSION,CAPACITY
,2025-04-09,10,50,0,10000000,0.2,0,10,0,0.9950648594155008,50911.18939784236,,0,True,O4,LGBM_REGRESSION,CAPACITY
2025-01-10,2025-01-13,10,50,0,50000000,0.05,10,9,1,0.8909999999999999,222750.0,5227250.0,10,,O4,LGBM_REGRESSION,CAPACITY
,2025-04-09,10,50,0,50000000,0.05,0,9,0,0.8902241549183612,211951.1906438214,,0,True,O4,LGBM_REGRESSION,CAPACITY
2025-01-10,2025-01-13,10,50,0,50000000,0.1,10,10,0,0.9899999999999999,247500.0,252500.0,10,,O4,LGBM_REGRESSION,CAPACITY
,2025-04-09,10,50,0,50000000,0.1,0,10,0,0.995064859415501,254555.9469892118,,0,True,O4,LGBM_REGRESSION,CAPACITY
2025-01-10,2025-01-13,10,50,0,50000000,0.2,10,10,0,0.9899999999999999,247500.0,252500.0,10,,O4,LGBM_REGRESSION,CAPACITY
,2025-04-09,10,50,0,50000000,0.2,0,10,0,0.995064859415501,254555.9469892118,,0,True,O4,LGBM_REGRESSION,CAPACITY
2025-01-10,2025-01-13,5,0,0,1000000,0.1,5,5,0,1.0,0.0,0.0,5,,O4,LAMBDAMART,K_SENSITIVITY
,2025-04-09,5,0,0,1000000,0.1,0,5,0,1.0,0.0,,0,True,O4,LAMBDAMART,K_SENSITIVITY
2025-01-10,2025-01-13,5,30,0,1000000,0.1,5,5,0,0.994,2982.0,3018.0,5,,O4,LAMBDAMART,K_SENSITIVITY
,2025-04-09,5,30,0,1000000,0.1,0,5,0,0.9976996647422982,3926.894018744752,,0,True,O4,LAMBDAMART,K_SENSITIVITY
2025-01-10,2025-01-13,5,50,0,1000000,0.1,5,5,0,0.99,4950.0,5050.0,5,,O4,LAMBDAMART,K_SENSITIVITY
,2025-04-09,5,50,0,1000000,0.1,0,5,0,0.9961413480284315,6518.486047212113,,0,True,O4,LAMBDAMART,K_SENSITIVITY
2025-01-10,2025-01-13,5,100,0,1000000,0.1,5,5,0,0.98,9800.0,10200.0,5,,O4,LAMBDAMART,K_SENSITIVITY
,2025-04-09,5,100,0,1000000,0.1,0,5,0,0.9921582408612227,12905.28550761186,,0,True,O4,LAMBDAMART,K_SENSITIVITY
2025-01-10,2025-01-13,10,0,0,1000000,0.1,10,10,0,0.9999999999999999,0.0,0.0,10,,O4,LAMBDAMART,K_SENSITIVITY
,2025-04-09,10,0,0,1000000,0.1,0,10,0,1.0000000000000002,0.0,,0,True,O4,LAMBDAMART,K_SENSITIVITY
2025-01-10,2025-01-13,10,30,0,1000000,0.1,10,10,0,0.9940000000000002,2981.9999999999995,3018.0000000000005,10,,O4,LAMBDAMART,K_SENSITIVITY
,2025-04-09,10,30,0,1000000,0.1,0,10,0,0.9973844518780332,3452.5531193485886,,0,True,O4,LAMBDAMART,K_SENSITIVITY
2025-01-10,2025-01-13,10,50,0,1000000,0.1,10,10,0,0.9899999999999999,4950.0,5050.0,10,,O4,LAMBDAMART,K_SENSITIVITY
,2025-04-09,10,50,0,1000000,0.1,0,10,0,0.9956135392526039,5731.099242379448,,0,True,O4,LAMBDAMART,K_SENSITIVITY
2025-01-10,2025-01-13,10,100,0,1000000,0.1,10,10,0,0.9799999999999999,9800.0,10200.0,10,,O4,LAMBDAMART,K_SENSITIVITY
,2025-04-09,10,100,0,1000000,0.1,0,10,0,0.9910904726098612,11346.418702084564,,0,True,O4,LAMBDAMART,K_SENSITIVITY
2025-01-10,2025-01-13,15,0,0,1000000,0.1,15,15,0,0.9999999999999999,0.0,1.4551915228366852e-10,15,,O4,LAMBDAMART,K_SENSITIVITY
,2025-04-09,15,0,0,1000000,0.1,0,15,0,0.9999999999999998,0.0,,0,True,O4,LAMBDAMART,K_SENSITIVITY
2025-01-10,2025-01-13,15,30,0,1000000,0.1,15,15,0,0.9940000000000003,2982.0000000000005,3018.000000000145,15,,O4,LAMBDAMART,K_SENSITIVITY
,2025-04-09,15,30,0,1000000,0.1,0,15,0,0.9971216053724435,3136.449369593916,,0,True,O4,LAMBDAMART,K_SENSITIVITY
2025-01-10,2025-01-13,15,50,0,1000000,0.1,15,15,0,0.9900000000000004,4950.0,5050.0,15,,O4,LAMBDAMART,K_SENSITIVITY
,2025-04-09,15,50,0,1000000,0.1,0,15,0,0.9951735881048034,5206.3797382595185,,0,True,O4,LAMBDAMART,K_SENSITIVITY
2025-01-10,2025-01-13,15,100,0,1000000,0.1,15,15,0,0.9800000000000002,9800.0,10199.999999999774,15,,O4,LAMBDAMART,K_SENSITIVITY
,2025-04-09,15,100,0,1000000,0.1,0,15,0,0.9902013338541023,10307.58008786733,,0,True,O4,LAMBDAMART,K_SENSITIVITY
2025-01-10,2025-01-13,20,0,0,1000000,0.1,20,20,0,1.0000000000000002,0.0,0.0,20,,O4,LAMBDAMART,K_SENSITIVITY
,2025-04-09,20,0,0,1000000,0.1,0,20,0,1.0,0.0,,0,True,O4,LAMBDAMART,K_SENSITIVITY
2025-01-10,2025-01-13,20,30,0,1000000,0.1,20,20,0,0.9939999999999998,2981.999999999999,3018.000000000001,20,,O4,LAMBDAMART,K_SENSITIVITY
,2025-04-09,20,30,0,1000000,0.1,0,20,0,0.997166794032837,3186.619066108087,,0,True,O4,LAMBDAMART,K_SENSITIVITY
2025-01-10,2025-01-13,20,50,0,1000000,0.1,20,20,0,0.9899999999999999,4950.0,5050.0,20,,O4,LAMBDAMART,K_SENSITIVITY
,2025-04-09,20,50,0,1000000,0.1,0,20,0,0.9952492134812266,5289.659415571773,,0,True,O4,LAMBDAMART,K_SENSITIVITY
2025-01-10,2025-01-13,20,100,0,1000000,0.1,20,20,0,0.9800000000000003,9800.0,10200.0,20,,O4,LAMBDAMART,K_SENSITIVITY
,2025-04-09,20,100,0,1000000,0.1,0,20,0,0.9903541146594014,10472.45702476836,,0,True,O4,LAMBDAMART,K_SENSITIVITY
2025-01-10,2025-01-14,10,50,1,1000000,0.1,10,10,0,0.9899999999999999,4950.0,5050.0,10,,O4,LAMBDAMART,DELAY
,2025-04-10,10,50,1,1000000,0.1,0,10,0,0.9957464993715239,5911.036885902372,,0,True,O4,LAMBDAMART,DELAY
2025-01-10,2025-01-15,10,50,2,1000000,0.1,10,10,0,0.9899999999999999,4950.0,5050.0,10,,O4,LAMBDAMART,DELAY
,2025-04-11,10,50,2,1000000,0.1,0,10,0,0.995630364401855,5753.263890430399,,0,True,O4,LAMBDAMART,DELAY
2025-01-10,2025-01-13,10,50,0,1000000,0.05,10,10,0,0.9899999999999999,4950.0,5050.0,10,,O4,LAMBDAMART,CAPACITY
,2025-04-09,10,50,0,1000000,0.05,0,10,0,0.9956135392526039,5731.099242379448,,0,True,O4,LAMBDAMART,CAPACITY
2025-01-10,2025-01-13,10,50,0,1000000,0.2,10,10,0,0.9899999999999999,4950.0,5050.0,10,,O4,LAMBDAMART,CAPACITY
,2025-04-09,10,50,0,1000000,0.2,0,10,0,0.9956135392526039,5731.099242379448,,0,True,O4,LAMBDAMART,CAPACITY
2025-01-10,2025-01-13,10,50,0,10000000,0.05,10,9,1,0.8909999999999999,44550.0,1045450.0,10,,O4,LAMBDAMART,CAPACITY
,2025-04-09,10,50,0,10000000,0.05,0,9,0,0.9005776406490075,47348.951511635285,,0,True,O4,LAMBDAMART,CAPACITY
2025-01-10,2025-01-13,10,50,0,10000000,0.1,10,10,0,0.9899999999999999,49500.0,50500.0,10,,O4,LAMBDAMART,CAPACITY
,2025-04-09,10,50,0,10000000,0.1,0,10,0,0.9956135392526037,57310.99242379447,,0,True,O4,LAMBDAMART,CAPACITY
2025-01-10,2025-01-13,10,50,0,10000000,0.2,10,10,0,0.9899999999999999,49500.0,50500.0,10,,O4,LAMBDAMART,CAPACITY
,2025-04-09,10,50,0,10000000,0.2,0,10,0,0.9956135392526037,57310.99242379447,,0,True,O4,LAMBDAMART,CAPACITY
2025-01-10,2025-01-13,10,50,0,50000000,0.05,10,7,3,0.693,173250.0,15176750.0,10,,O4,LAMBDAMART,CAPACITY
,2025-04-09,10,50,0,50000000,0.05,0,7,0,0.7003366657724549,177346.26292636865,,0,True,O4,LAMBDAMART,CAPACITY
2025-01-10,2025-01-13,10,50,0,50000000,0.1,10,9,1,0.8909999999999999,222750.0,5227250.0,10,,O4,LAMBDAMART,CAPACITY
,2025-04-09,10,50,0,50000000,0.1,0,9,0,0.9005776406490074,236744.7575581764,,0,True,O4,LAMBDAMART,CAPACITY
2025-01-10,2025-01-13,10,50,0,50000000,0.2,10,9,1,0.8909999999999999,222750.0,5227250.0,10,,O4,LAMBDAMART,CAPACITY
,2025-04-09,10,50,0,50000000,0.2,0,9,0,0.9005776406490074,236744.7575581764,,0,True,O4,LAMBDAMART,CAPACITY
