date,ticker,raw_open,raw_high,raw_low,raw_close,provider_adjusted_open,provider_adjusted_high,provider_adjusted_low,provider_adjusted_close,research_open,research_high,research_low,research_close,volume,dividends,provider_stock_splits,economic_return,price_quality,corporate_action_flag,trading_status,trading_eligible,source,raw_return,adjusted_return,adjustment_ratio
2025-08-19,SASA.IS,4.300000190734863,4.550000190734863,4.150000095367432,4.269999980926514,4.300000190734863,4.550000190734863,4.150000095367432,4.269999980926514,4.468517524930908,4.728315043926322,4.312638914428771,4.437341604620704,0,0.0,0.0,-0.004662000257425358,UNRESOLVED,NONE,UNRESOLVED_MISSING_VOLUME,False,YAHOO_PROVIDER_SNAPSHOT,-0.004662000257425358,-0.004662000257425358,1.0
2025-08-21,SASA.IS,3.9800000190734863,4.349999904632568,3.9800000190734863,4.349999904632568,3.9800000190734863,4.349999904632568,3.9800000190734863,4.349999904632568,4.1359765222279785,4.520476731415326,4.1359765222279785,4.520476731415326,0,0.0,0.0,0.09848481382037844,UNRESOLVED,NONE,UNRESOLVED_MISSING_VOLUME,False,YAHOO_PROVIDER_SNAPSHOT,0.09848481382037844,0.09848481382037844,1.0
2025-08-22,SASA.IS,4.46999979019165,4.78000020980835,4.460000038146973,4.78000020980835,4.46999979019165,4.78000020980835,4.460000038146973,4.78000020980835,4.645179421607258,4.967328781223082,4.634787778520152,4.967328781223082,0,0.0,0.0,0.09885064703515245,UNRESOLVED,NONE,UNRESOLVED_MISSING_VOLUME,False,YAHOO_PROVIDER_SNAPSHOT,0.09885064703515245,0.09885064703515245,1.0
2025-08-25,SASA.IS,4.929999828338623,5.25,4.929999828338623,5.25,4.929999828338623,5.25,4.929999828338623,5.25,5.123206896200776,5.455747898903707,5.123206896200776,5.455747898903707,0,0.0,0.0,0.09832631162384287,UNRESOLVED,NONE,UNRESOLVED_MISSING_VOLUME,False,YAHOO_PROVIDER_SNAPSHOT,0.09832631162384287,0.09832631162384287,1.0
2025-08-26,SASA.IS,5.440000057220459,5.659999847412109,5.159999847412109,5.159999847412109,5.440000057220459,5.659999847412109,5.159999847412109,5.159999847412109,5.653194072803155,5.881815671488365,5.362220633497535,5.362220633497535,0,0.0,0.0,-0.017142886207217267,UNRESOLVED,NONE,UNRESOLVED_MISSING_VOLUME,False,YAHOO_PROVIDER_SNAPSHOT,-0.017142886207217267,-0.017142886207217267,1.0
2025-08-27,SASA.IS,5.099999904632568,5.210000038146973,4.880000114440918,4.889999866485596,5.099999904632568,5.210000038146973,4.880000114440918,4.889999866485596,5.2998692884015695,5.414180335506395,5.071247689716359,5.081639332803466,0,0.0,0.0,-0.052325579246272014,UNRESOLVED,NONE,UNRESOLVED_MISSING_VOLUME,False,YAHOO_PROVIDER_SNAPSHOT,-0.052325579246272014,-0.052325579246272014,1.0
2025-08-29,SASA.IS,4.900000095367432,4.909999847412109,4.590000152587891,4.690000057220459,4.900000095367432,4.909999847412109,4.590000152587891,4.690000057220459,5.092031471415014,5.102423114502121,4.769882607323633,4.873801515816911,0,0.0,0.0,-0.028985480061493263,UNRESOLVED,NONE,UNRESOLVED_MISSING_VOLUME,False,YAHOO_PROVIDER_SNAPSHOT,-0.028985480061493263,-0.028985480061493263,1.0
2025-09-01,SASA.IS,4.699999809265137,4.800000190734863,4.550000190734863,4.579999923706055,4.699999809265137,4.800000190734863,4.550000190734863,4.579999923706055,4.884193158904017,4.988112562921737,4.728315043926322,4.759490468712085,0,0.0,0.0,-0.02345418596425264,UNRESOLVED,NONE,UNRESOLVED_MISSING_VOLUME,False,YAHOO_PROVIDER_SNAPSHOT,-0.02345418596425264,-0.02345418596425264,1.0
2025-09-02,SASA.IS,4.610000133514404,4.760000228881836,4.400000095367432,4.619999885559082,4.610000133514404,4.760000228881836,4.400000095367432,4.619999885559082,4.790666389022289,4.946544999524426,4.572436433424185,4.801058032109395,0,0.0,0.0,0.008733616270600209,UNRESOLVED,NONE,UNRESOLVED_MISSING_VOLUME,False,YAHOO_PROVIDER_SNAPSHOT,0.008733616270600209,0.008733616270600209,1.0
2025-09-05,SASA.IS,4.460000038146973,4.579999923706055,4.389999866485596,4.429999828338623,4.460000038146973,4.579999923706055,4.389999866485596,4.429999828338623,4.634787778520152,4.759490468712085,4.562044294812636,4.6036118582099474,0,0.0,0.0,0.0,UNRESOLVED,NONE,UNRESOLVED_MISSING_VOLUME,False,YAHOO_PROVIDER_SNAPSHOT,0.0,0.0,1.0
2025-09-08,SASA.IS,4.360000133514404,4.420000076293945,3.990000009536743,3.990000009536743,4.360000133514404,4.420000076293945,3.990000009536743,3.990000009536743,4.530868870026874,4.593220215122841,4.1463684130773055,4.1463684130773055,0,0.0,0.0,-0.09932276204328716,UNRESOLVED,NONE,UNRESOLVED_MISSING_VOLUME,False,YAHOO_PROVIDER_SNAPSHOT,-0.09932276204328716,-0.09932276204328716,1.0
2025-09-09,SASA.IS,3.9200000762939453,4.050000190734863,3.869999885559082,3.9100000858306885,3.9200000762939453,4.050000190734863,3.869999885559082,3.9100000858306885,4.073625177132012,4.2087200059354934,4.021665475123152,4.063233286282684,0,0.0,0.0,-0.020050106144070656,UNRESOLVED,NONE,UNRESOLVED_MISSING_VOLUME,False,YAHOO_PROVIDER_SNAPSHOT,-0.020050106144070656,-0.020050106144070656,1.0
2025-09-15,SASA.IS,3.609999895095825,3.9600000381469727,3.5299999713897705,3.9600000381469727,3.609999895095825,3.9600000381469727,3.5299999713897705,3.9600000381469727,3.751476065278409,4.115192740529323,3.6683409384837873,4.115192740529323,0,0.0,0.0,0.1000000397364309,UNRESOLVED,NONE,UNRESOLVED_MISSING_VOLUME,False,YAHOO_PROVIDER_SNAPSHOT,0.1000000397364309,0.1000000397364309,1.0
2025-09-16,SASA.IS,4.059999942779541,4.210000038146973,4.0,4.03000020980835,4.059999942779541,4.210000038146973,4.0,4.03000020980835,4.219111649022601,4.374990259524738,4.156760303926634,4.1879362242368385,0,0.0,0.0,0.017676810855318248,UNRESOLVED,NONE,UNRESOLVED_MISSING_VOLUME,False,YAHOO_PROVIDER_SNAPSHOT,0.017676810855318248,0.017676810855318248,1.0
2025-09-17,SASA.IS,4.039999961853027,4.239999771118164,4.010000228881836,4.210000038146973,4.039999961853027,4.239999771118164,4.010000228881836,4.210000038146973,4.198327867323945,4.4061656843104995,4.167152442538184,4.374990259524738,0,0.0,0.0,0.044664967485742,UNRESOLVED,NONE,UNRESOLVED_MISSING_VOLUME,False,YAHOO_PROVIDER_SNAPSHOT,0.044664967485742,0.044664967485742,1.0
2025-09-19,SASA.IS,4.039999961853027,4.110000133514404,3.9700000286102295,4.070000171661377,4.039999961853027,4.110000133514404,3.9700000286102295,4.070000171661377,4.198327867323944,4.27107135103146,4.125584631378651,4.229503787634149,0,0.0,0.0,0.00992554833016479,UNRESOLVED,NONE,UNRESOLVED_MISSING_VOLUME,False,YAHOO_PROVIDER_SNAPSHOT,0.00992554833016479,0.00992554833016479,1.0
2025-09-22,SASA.IS,4.179999828338623,4.320000171661377,4.139999866485596,4.190000057220459,4.179999828338623,4.320000171661377,4.139999866485596,4.190000057220459,4.343814339214534,4.489301306629565,4.302246775817222,4.354206477826082,0,0.0,0.0,0.029484000122314002,UNRESOLVED,NONE,UNRESOLVED_MISSING_VOLUME,False,YAHOO_PROVIDER_SNAPSHOT,0.029484000122314002,0.029484000122314002,1.0
2025-09-24,SASA.IS,4.039999961853027,4.070000171661377,3.880000114440918,3.990000009536743,4.039999961853027,4.070000171661377,3.880000114440918,3.990000009536743,4.198327867323946,4.229503787634151,4.032057613734702,4.146368413077307,0,0.0,0.0,-0.004987585586913923,UNRESOLVED,NONE,UNRESOLVED_MISSING_VOLUME,False,YAHOO_PROVIDER_SNAPSHOT,-0.004987585586913923,-0.004987585586913923,1.0
2025-10-01,SASA.IS,3.490000009536743,3.5399999618530273,3.4100000858306885,3.5199999809265137,3.490000009536743,3.5399999618530273,3.4100000858306885,3.5199999809265137,3.626773375086478,3.678732829333117,3.543638248291856,3.657949047634461,0,0.0,0.0,-0.06133333841959632,UNRESOLVED,NONE,UNRESOLVED_MISSING_VOLUME,False,YAHOO_PROVIDER_SNAPSHOT,-0.06133333841959632,-0.06133333841959632,1.0
2025-10-02,SASA.IS,3.5299999713897705,3.5399999618530273,3.369999885559082,3.380000114440918,3.5299999713897705,3.5399999618530273,3.369999885559082,3.380000114440918,3.668340938483789,3.678732829333117,3.502070437132324,3.5124625757438728,0,0.0,0.0,-0.039772689558011276,UNRESOLVED,NONE,UNRESOLVED_MISSING_VOLUME,False,YAHOO_PROVIDER_SNAPSHOT,-0.039772689558011276,-0.039772689558011276,1.0
2025-10-23,SASA.IS,3.0199999809265137,3.299999952316284,3.009999990463257,3.130000114440918,3.0199999809265137,3.299999952316284,3.009999990463257,3.130000114440918,3.1383540096436313,3.429327201187029,3.1279621187943034,3.2526650567484574,0,0.0,0.0,0.039867150949456365,UNRESOLVED,NONE,UNRESOLVED_MISSING_VOLUME,False,YAHOO_PROVIDER_SNAPSHOT,0.039867150949456365,0.039867150949456365,1.0
2025-10-24,SASA.IS,3.1500000953674316,3.25,3.119999885559082,3.1600000858306885,3.1500000953674316,3.25,3.119999885559082,3.1600000858306885,3.2734488384471123,3.3773677469403895,3.2422729181369077,3.28384072929644,0,0.0,0.0,0.009584655045652868,UNRESOLVED,NONE,UNRESOLVED_MISSING_VOLUME,False,YAHOO_PROVIDER_SNAPSHOT,0.009584655045652868,0.009584655045652868,1.0
2025-11-20,SASA.IS,2.9800000190734863,3.130000114440918,2.940000057220459,3.0199999809265137,2.9800000190734863,3.130000114440918,2.940000057220459,3.0199999809265137,3.096786446246319,3.252665056748456,3.055218882849008,3.13835400964363,0,0.0,0.0,0.01683500061772092,UNRESOLVED,NONE,UNRESOLVED_MISSING_VOLUME,False,YAHOO_PROVIDER_SNAPSHOT,0.01683500061772092,0.01683500061772092,1.0
2025-11-21,SASA.IS,3.0,3.1600000858306885,3.0,3.119999885559082,3.0,3.1600000858306885,3.0,3.119999885559082,3.1175702279449746,3.2838407292964393,3.1175702279449746,3.242272918136907,0,0.0,0.0,0.033112551411967006,UNRESOLVED,NONE,UNRESOLVED_MISSING_VOLUME,False,YAHOO_PROVIDER_SNAPSHOT,0.033112551411967006,0.033112551411967006,1.0
2025-12-24,SASA.IS,2.7300000190734863,2.9100000858306885,2.6600000858306885,2.8299999237060547,2.7300000190734863,2.9100000858306885,2.6600000858306885,2.8299999237060547,2.8369889272509052,3.0240432103010253,2.764245691305611,2.9409078357441825,0,0.0,0.0,0.044280399951999616,UNRESOLVED,NONE,UNRESOLVED_MISSING_VOLUME,False,YAHOO_PROVIDER_SNAPSHOT,0.044280399951999616,0.044280399951999616,1.0
2026-01-09,SASA.IS,2.369999885559082,2.4000000953674316,2.2899999618530273,2.359999895095825,2.369999885559082,2.4000000953674316,2.2899999618530273,2.359999895095825,2.462880361150664,2.4940562814608684,2.3797452343560423,2.4524884703013363,0,0.0,0.0,-0.06719370680489034,UNRESOLVED,NONE,UNRESOLVED_MISSING_VOLUME,False,YAHOO_PROVIDER_SNAPSHOT,-0.06719370680489034,-0.06719370680489034,1.0
2026-01-12,SASA.IS,2.380000114440918,2.380000114440918,2.309999942779541,2.3399999141693115,2.380000114440918,2.380000114440918,2.309999942779541,2.3399999141693115,2.473272499762213,2.473272499762213,2.4005290160546977,2.431704688602681,0,0.0,0.0,-0.008474568565903118,UNRESOLVED,NONE,UNRESOLVED_MISSING_VOLUME,False,YAHOO_PROVIDER_SNAPSHOT,-0.008474568565903118,-0.008474568565903118,1.0
2026-01-13,SASA.IS,2.3499999046325684,2.380000114440918,2.3299999237060547,2.369999885559082,2.3499999046325684,2.380000114440918,2.3299999237060547,2.369999885559082,2.4420965794520084,2.473272499762213,2.421312797753353,2.462880361150664,0,0.0,0.0,0.012820501064172207,UNRESOLVED,NONE,UNRESOLVED_MISSING_VOLUME,False,YAHOO_PROVIDER_SNAPSHOT,0.012820501064172207,0.012820501064172207,1.0
2026-01-16,SASA.IS,2.3399999141693115,2.4200000762939453,2.319999933242798,2.390000104904175,2.3399999141693115,2.4200000762939453,2.319999933242798,2.390000104904175,2.431704688602681,2.5148400631595242,2.4109209069040256,2.483664390611541,0,0.0,0.0,0.02136760366190571,UNRESOLVED,NONE,UNRESOLVED_MISSING_VOLUME,False,YAHOO_PROVIDER_SNAPSHOT,0.02136760366190571,0.02136760366190571,1.0
2026-01-26,SASA.IS,2.390000104904175,2.5199999809265137,2.369999885559082,2.5,2.390000104904175,2.5199999809265137,2.369999885559082,2.5,2.483664390611541,2.6187589716528015,2.462880361150664,2.5979751899541457,0,0.0,0.0,0.04166662527455389,UNRESOLVED,NONE,UNRESOLVED_MISSING_VOLUME,False,YAHOO_PROVIDER_SNAPSHOT,0.04166662527455389,0.04166662527455389,1.0
2026-01-28,SASA.IS,2.4800000190734863,2.619999885559082,2.4700000286102295,2.569999933242798,2.4800000190734863,2.619999885559082,2.4700000286102295,2.569999933242798,2.5771914082554903,2.7226778801460787,2.566799517406163,2.67071842589944,0,0.0,0.0,0.04048579088026738,UNRESOLVED,NONE,UNRESOLVED_MISSING_VOLUME,False,YAHOO_PROVIDER_SNAPSHOT,0.04048579088026738,0.04048579088026738,1.0
2026-01-29,SASA.IS,2.5799999237060547,2.6600000858306885,2.549999952316284,2.5999999046325684,2.5799999237060547,2.6600000858306885,2.549999952316284,2.5999999046325684,2.6811103167487675,2.764245691305611,2.6499346442007847,2.7018940984474233,0,0.0,0.0,0.01167314092180427,UNRESOLVED,NONE,UNRESOLVED_MISSING_VOLUME,False,YAHOO_PROVIDER_SNAPSHOT,0.01167314092180427,0.01167314092180427,1.0
2026-01-30,SASA.IS,2.609999895095825,2.6600000858306885,2.5399999618530273,2.549999952316284,2.609999895095825,2.6600000858306885,2.5399999618530273,2.549999952316284,2.712285989296751,2.764245691305611,2.639542753351457,2.6499346442007847,0,0.0,0.0,-0.01923075159625831,UNRESOLVED,NONE,UNRESOLVED_MISSING_VOLUME,False,YAHOO_PROVIDER_SNAPSHOT,-0.01923075159625831,-0.01923075159625831,1.0
2026-02-02,SASA.IS,2.5199999809265137,2.569999933242798,2.450000047683716,2.5399999618530273,2.5199999809265137,2.569999933242798,2.450000047683716,2.5399999618530273,2.6187589716528015,2.67071842589944,2.546015735707507,2.639542753351457,0,0.0,0.0,-0.003921564960883028,UNRESOLVED,NONE,UNRESOLVED_MISSING_VOLUME,False,YAHOO_PROVIDER_SNAPSHOT,-0.003921564960883028,-0.003921564960883028,1.0
2026-02-03,SASA.IS,2.549999952316284,2.619999885559082,2.5299999713897705,2.559999942779541,2.549999952316284,2.619999885559082,2.5299999713897705,2.559999942779541,2.6499346442007847,2.7226778801460787,2.629150862502129,2.660326535050112,0,0.0,0.0,0.007874008357040552,UNRESOLVED,NONE,UNRESOLVED_MISSING_VOLUME,False,YAHOO_PROVIDER_SNAPSHOT,0.007874008357040552,0.007874008357040552,1.0
2026-02-05,SASA.IS,2.559999942779541,2.559999942779541,2.490000009536743,2.490000009536743,2.559999942779541,2.559999942779541,2.490000009536743,2.490000009536743,2.660326535050112,2.660326535050112,2.587583299104818,2.587583299104818,0,0.0,0.0,-0.027343724534147795,UNRESOLVED,NONE,UNRESOLVED_MISSING_VOLUME,False,YAHOO_PROVIDER_SNAPSHOT,-0.027343724534147795,-0.027343724534147795,1.0
2026-02-06,SASA.IS,2.490000009536743,2.5,2.359999895095825,2.4200000762939453,2.490000009536743,2.5,2.359999895095825,2.4200000762939453,2.587583299104818,2.5979751899541457,2.4524884703013363,2.5148400631595242,0,0.0,0.0,-0.028112422881404364,UNRESOLVED,NONE,UNRESOLVED_MISSING_VOLUME,False,YAHOO_PROVIDER_SNAPSHOT,-0.028112422881404364,-0.028112422881404364,1.0
2026-02-09,SASA.IS,2.440000057220459,2.549999952316284,2.430000066757202,2.5299999713897705,2.440000057220459,2.549999952316284,2.430000066757202,2.5299999713897705,2.5356238448581796,2.6499346442007847,2.5252319540088517,2.629150862502129,0,0.0,0.0,0.045454500672694964,UNRESOLVED,NONE,UNRESOLVED_MISSING_VOLUME,False,YAHOO_PROVIDER_SNAPSHOT,0.045454500672694964,0.045454500672694964,1.0
2026-02-11,SASA.IS,2.5199999809265137,2.6700000762939453,2.5,2.5399999618530273,2.5199999809265137,2.6700000762939453,2.5,2.5399999618530273,2.6187589716528,2.7746375821549374,2.597975189954145,2.6395427533514555,0,0.0,0.0,0.011952179881974168,UNRESOLVED,NONE,UNRESOLVED_MISSING_VOLUME,False,YAHOO_PROVIDER_SNAPSHOT,0.011952179881974168,0.011952179881974168,1.0
2026-02-12,SASA.IS,2.549999952316284,2.7300000190734863,2.5399999618530273,2.7100000381469727,2.549999952316284,2.7300000190734863,2.5399999618530273,2.7100000381469727,2.649934644200784,2.8369889272509043,2.6395427533514564,2.816205145552249,0,0.0,0.0,0.06692916490042933,UNRESOLVED,NONE,UNRESOLVED_MISSING_VOLUME,False,YAHOO_PROVIDER_SNAPSHOT,0.06692916490042933,0.06692916490042933,1.0
2026-02-13,SASA.IS,2.7100000381469727,2.75,2.680000066757202,2.700000047683716,2.7100000381469727,2.75,2.680000066757202,2.700000047683716,2.8162051455522494,2.8577727089495606,2.785029473004266,2.805813254702922,0,0.0,0.0,-0.0036900333293332643,UNRESOLVED,NONE,UNRESOLVED_MISSING_VOLUME,False,YAHOO_PROVIDER_SNAPSHOT,-0.0036900333293332643,-0.0036900333293332643,1.0
2026-02-16,SASA.IS,2.7200000286102295,2.7899999618530273,2.7100000381469727,2.7699999809265137,2.7200000286102295,2.7899999618530273,2.7100000381469727,2.7699999809265137,2.826597036401577,2.899340272346871,2.816205145552249,2.8785564906482155,0,0.0,0.0,0.02592590074316825,UNRESOLVED,NONE,UNRESOLVED_MISSING_VOLUME,False,YAHOO_PROVIDER_SNAPSHOT,0.02592590074316825,0.02592590074316825,1.0
2026-02-17,SASA.IS,2.759999990463257,2.7799999713897705,2.619999885559082,2.640000104904175,2.759999990463257,2.7799999713897705,2.619999885559082,2.640000104904175,2.8681645997988876,2.888948381497543,2.7226778801460783,2.743461909606955,0,0.0,0.0,-0.046931363508116775,UNRESOLVED,NONE,UNRESOLVED_MISSING_VOLUME,False,YAHOO_PROVIDER_SNAPSHOT,-0.046931363508116775,-0.046931363508116775,1.0
2026-02-18,SASA.IS,2.5999999046325684,2.6700000762939453,2.569999933242798,2.5999999046325684,2.5999999046325684,2.6700000762939453,2.569999933242798,2.5999999046325684,2.7018940984474225,2.774637582154938,2.6707184258994396,2.7018940984474225,0,0.0,0.0,-0.015151590409901994,UNRESOLVED,NONE,UNRESOLVED_MISSING_VOLUME,False,YAHOO_PROVIDER_SNAPSHOT,-0.015151590409901994,-0.015151590409901994,1.0
2026-02-19,SASA.IS,2.609999895095825,2.630000114440918,2.4800000190734863,2.5199999809265137,2.609999895095825,2.630000114440918,2.4800000190734863,2.5199999809265137,2.7122859892967504,2.733070018757627,2.57719140825549,2.6187589716528006,0,0.0,0.0,-0.030769202554013275,UNRESOLVED,NONE,UNRESOLVED_MISSING_VOLUME,False,YAHOO_PROVIDER_SNAPSHOT,-0.030769202554013275,-0.030769202554013275,1.0
2026-02-20,SASA.IS,2.5199999809265137,2.5299999713897705,2.390000104904175,2.4200000762939453,2.5199999809265137,2.5299999713897705,2.390000104904175,2.4200000762939453,2.6187589716528015,2.629150862502129,2.483664390611541,2.5148400631595242,0,0.0,0.0,-0.039682502138671416,UNRESOLVED,NONE,UNRESOLVED_MISSING_VOLUME,False,YAHOO_PROVIDER_SNAPSHOT,-0.039682502138671416,-0.039682502138671416,1.0
2026-02-26,SASA.IS,2.380000114440918,2.509999990463257,2.380000114440918,2.430000066757202,2.380000114440918,2.509999990463257,2.380000114440918,2.430000066757202,2.473272499762212,2.6083670808034727,2.473272499762212,2.525231954008851,0,0.0,0.0,0.025316533373572758,UNRESOLVED,NONE,UNRESOLVED_MISSING_VOLUME,False,YAHOO_PROVIDER_SNAPSHOT,0.025316533373572758,0.025316533373572758,1.0
2026-02-27,SASA.IS,2.450000047683716,2.4700000286102295,2.4000000953674316,2.4700000286102295,2.450000047683716,2.4700000286102295,2.4000000953674316,2.4700000286102295,2.546015735707506,2.5667995174061615,2.4940562814608676,2.5667995174061615,0,0.0,0.0,0.016460889199236384,UNRESOLVED,NONE,UNRESOLVED_MISSING_VOLUME,False,YAHOO_PROVIDER_SNAPSHOT,0.016460889199236384,0.016460889199236384,1.0
2026-03-12,SASA.IS,2.200000047683716,2.4200000762939453,2.190000057220459,2.4200000762939453,2.200000047683716,2.4200000762939453,2.190000057220459,2.4200000762939453,2.2862182167120917,2.514840063159523,2.275826325862764,2.514840063159523,0,0.0,0.0,0.10000001083720789,UNRESOLVED,NONE,UNRESOLVED_MISSING_VOLUME,False,YAHOO_PROVIDER_SNAPSHOT,0.10000001083720789,0.10000001083720789,1.0
2026-03-13,SASA.IS,2.430000066757202,2.619999885559082,2.4000000953674316,2.4600000381469727,2.430000066757202,2.619999885559082,2.4000000953674316,2.4600000381469727,2.525231954008851,2.7226778801460774,2.4940562814608676,2.556407626556834,0,0.0,0.0,0.01652890933552542,UNRESOLVED,NONE,UNRESOLVED_MISSING_VOLUME,False,YAHOO_PROVIDER_SNAPSHOT,0.01652890933552542,0.01652890933552542,1.0
2026-03-16,SASA.IS,2.490000009536743,2.559999942779541,2.450000047683716,2.4800000190734863,2.490000009536743,2.559999942779541,2.450000047683716,2.4800000190734863,2.5875832991048164,2.6603265350501104,2.5460157357075057,2.577191408255489,0,0.0,0.0,0.008130073421291018,UNRESOLVED,NONE,UNRESOLVED_MISSING_VOLUME,False,YAHOO_PROVIDER_SNAPSHOT,0.008130073421291018,0.008130073421291018,1.0
2026-03-23,SASA.IS,2.430000066757202,2.5,2.430000066757202,2.4600000381469727,2.430000066757202,2.5,2.430000066757202,2.4600000381469727,2.525231954008851,2.597975189954145,2.525231954008851,2.556407626556834,0,0.0,0.0,0.01652890933552542,UNRESOLVED,NONE,UNRESOLVED_MISSING_VOLUME,False,YAHOO_PROVIDER_SNAPSHOT,0.01652890933552542,0.01652890933552542,1.0
2026-03-26,SASA.IS,2.369999885559082,2.450000047683716,2.369999885559082,2.390000104904175,2.369999885559082,2.450000047683716,2.369999885559082,2.390000104904175,2.462880361150663,2.546015735707506,2.462880361150663,2.4836643906115397,0,0.0,0.0,0.012711953873680848,UNRESOLVED,NONE,UNRESOLVED_MISSING_VOLUME,False,YAHOO_PROVIDER_SNAPSHOT,0.012711953873680848,0.012711953873680848,1.0
2026-04-02,SASA.IS,2.380000114440918,2.5199999809265137,2.369999885559082,2.440000057220459,2.380000114440918,2.5199999809265137,2.369999885559082,2.440000057220459,2.473272499762212,2.6187589716528,2.462880361150663,2.5356238448581783,0,0.0,0.0,0.008264454667762822,UNRESOLVED,NONE,UNRESOLVED_MISSING_VOLUME,False,YAHOO_PROVIDER_SNAPSHOT,0.008264454667762822,0.008264454667762822,1.0
2026-04-08,SASA.IS,2.5,2.5299999713897705,2.4600000381469727,2.4800000190734863,2.5,2.5299999713897705,2.4600000381469727,2.4800000190734863,2.597975189954145,2.629150862502128,2.556407626556834,2.5771914082554894,0,0.0,0.0,0.02057611149904548,UNRESOLVED,NONE,UNRESOLVED_MISSING_VOLUME,False,YAHOO_PROVIDER_SNAPSHOT,0.02057611149904548,0.02057611149904548,1.0
2026-04-10,SASA.IS,2.4700000286102295,2.640000104904175,2.450000047683716,2.619999885559082,2.4700000286102295,2.640000104904175,2.450000047683716,2.619999885559082,2.5667995174061615,2.743461909606954,2.546015735707506,2.7226778801460774,0,0.0,0.0,0.0693876875782462,UNRESOLVED,NONE,UNRESOLVED_MISSING_VOLUME,False,YAHOO_PROVIDER_SNAPSHOT,0.0693876875782462,0.0693876875782462,1.0
2026-04-13,SASA.IS,2.5999999046325684,2.6700000762939453,2.569999933242798,2.5999999046325684,2.5999999046325684,2.6700000762939453,2.569999933242798,2.5999999046325684,2.701894098447422,2.7746375821549374,2.6707184258994388,2.701894098447422,0,0.0,0.0,-0.007633580839735754,UNRESOLVED,NONE,UNRESOLVED_MISSING_VOLUME,False,YAHOO_PROVIDER_SNAPSHOT,-0.007633580839735754,-0.007633580839735754,1.0
2026-04-14,SASA.IS,2.630000114440918,2.740000009536743,2.5899999141693115,2.7200000286102295,2.630000114440918,2.740000009536743,2.5899999141693115,2.7200000286102295,2.7330700187576267,2.8473808181002314,2.691502207598094,2.826597036401576,0,0.0,0.0,0.046153895530476774,UNRESOLVED,NONE,UNRESOLVED_MISSING_VOLUME,False,YAHOO_PROVIDER_SNAPSHOT,0.046153895530476774,0.046153895530476774,1.0
2026-04-15,SASA.IS,2.7200000286102295,2.990000009536743,2.700000047683716,2.990000009536743,2.7200000286102295,2.990000009536743,2.700000047683716,2.990000009536743,2.826597036401576,3.107178337095646,2.8058132547029206,3.107178337095646,0,0.0,0.0,0.09926469782592928,UNRESOLVED,NONE,UNRESOLVED_MISSING_VOLUME,False,YAHOO_PROVIDER_SNAPSHOT,0.09926469782592928,0.09926469782592928,1.0
2026-04-16,SASA.IS,3.009999990463257,3.190000057220459,3.0,3.059999942779541,3.009999990463257,3.190000057220459,3.0,3.059999942779541,3.1279621187943016,3.3150164018444217,3.1175702279449737,3.1799215730409403,0,0.0,0.0,0.023411348835963075,UNRESOLVED,NONE,UNRESOLVED_MISSING_VOLUME,False,YAHOO_PROVIDER_SNAPSHOT,0.023411348835963075,0.023411348835963075,1.0
2026-04-17,SASA.IS,3.069999933242798,3.319999933242798,3.0299999713897705,3.140000104904175,3.069999933242798,3.319999933242798,3.0299999713897705,3.140000104904175,3.1903134638902677,3.450110982885682,3.148745900492957,3.263056947597783,0,0.0,0.0,0.026143844320456466,UNRESOLVED,NONE,UNRESOLVED_MISSING_VOLUME,False,YAHOO_PROVIDER_SNAPSHOT,0.026143844320456466,0.026143844320456466,1.0
2026-04-20,SASA.IS,3.1600000858306885,3.2300000190734863,3.049999952316284,3.0799999237060547,3.1600000858306885,3.2300000190734863,3.049999952316284,3.0799999237060547,3.283840729296439,3.356583965241733,3.1695296821916124,3.2007053547395956,0,0.0,0.0,-0.01910833732279482,UNRESOLVED,NONE,UNRESOLVED_MISSING_VOLUME,False,YAHOO_PROVIDER_SNAPSHOT,-0.01910833732279482,-0.01910833732279482,1.0
2026-04-21,SASA.IS,3.0899999141693115,3.119999885559082,2.940000057220459,3.0299999713897705,3.0899999141693115,3.119999885559082,2.940000057220459,3.0299999713897705,3.211097245588923,3.2422729181369063,3.0552188828490072,3.148745900492957,0,0.0,0.0,-0.0162337511541627,UNRESOLVED,NONE,UNRESOLVED_MISSING_VOLUME,False,YAHOO_PROVIDER_SNAPSHOT,-0.0162337511541627,-0.0162337511541627,1.0
2026-04-22,SASA.IS,3.0899999141693115,3.0999999046325684,2.9600000381469727,2.9700000286102295,3.0899999141693115,3.0999999046325684,2.9600000381469727,2.9700000286102295,3.211097245588924,3.221489136438252,3.0760026645476635,3.0863945553969914,0,0.0,0.0,-0.01980196150035629,UNRESOLVED,NONE,UNRESOLVED_MISSING_VOLUME,False,YAHOO_PROVIDER_SNAPSHOT,-0.01980196150035629,-0.01980196150035629,1.0
2026-04-24,SASA.IS,3.009999990463257,3.200000047683716,2.9800000190734863,3.1600000858306885,3.009999990463257,3.200000047683716,2.9800000190734863,3.1600000858306885,3.1279621187943016,3.3254082926937496,3.0967864462463184,3.283840729296439,0,0.0,0.0,0.06397308262295431,UNRESOLVED,NONE,UNRESOLVED_MISSING_VOLUME,False,YAHOO_PROVIDER_SNAPSHOT,0.06397308262295431,0.06397308262295431,1.0
2026-04-27,SASA.IS,3.200000047683716,3.4100000858306885,3.180000066757202,3.3299999237060547,3.200000047683716,3.4100000858306885,3.180000066757202,3.3299999237060547,3.3254082926937505,3.543638248291854,3.3046245109950947,3.460502873735011,0,0.0,0.0,0.053797415587942155,UNRESOLVED,NONE,UNRESOLVED_MISSING_VOLUME,False,YAHOO_PROVIDER_SNAPSHOT,0.053797415587942155,0.053797415587942155,1.0
2026-04-28,SASA.IS,3.309999942779541,3.4700000286102295,3.1600000858306885,3.1600000858306885,3.309999942779541,3.4700000286102295,3.1600000858306885,3.1600000858306885,3.439719092036355,3.6059895933878203,3.2838407292964393,3.2838407292964393,0,0.0,0.0,-0.05105100353460923,UNRESOLVED,NONE,UNRESOLVED_MISSING_VOLUME,False,YAHOO_PROVIDER_SNAPSHOT,-0.05105100353460923,-0.05105100353460923,1.0
2026-04-29,SASA.IS,3.200000047683716,3.2899999618530273,3.1600000858306885,3.200000047683716,3.200000047683716,3.2899999618530273,3.1600000858306885,3.200000047683716,3.3254082926937505,3.4189353103377,3.2838407292964393,3.3254082926937505,0,0.0,0.0,0.012658215432457043,UNRESOLVED,NONE,UNRESOLVED_MISSING_VOLUME,False,YAHOO_PROVIDER_SNAPSHOT,0.012658215432457043,0.012658215432457043,1.0
2026-04-30,SASA.IS,3.2100000381469727,3.2200000286102295,3.0799999237060547,3.140000104904175,3.2100000381469727,3.2200000286102295,3.0799999237060547,3.140000104904175,3.335800183543078,3.346192074392406,3.200705354739596,3.263056947597784,0,0.0,0.0,-0.01874998183921006,UNRESOLVED,NONE,UNRESOLVED_MISSING_VOLUME,False,YAHOO_PROVIDER_SNAPSHOT,-0.01874998183921006,-0.01874998183921006,1.0
2026-05-04,SASA.IS,3.2300000190734863,3.2699999809265137,3.119999885559082,3.119999885559082,3.2300000190734863,3.2699999809265137,3.119999885559082,3.119999885559082,3.3565839652417333,3.3981515286390445,3.242272918136907,3.242272918136907,0,0.0,0.0,-0.00636949639391915,UNRESOLVED,NONE,UNRESOLVED_MISSING_VOLUME,False,YAHOO_PROVIDER_SNAPSHOT,-0.00636949639391915,-0.00636949639391915,1.0
2026-05-05,SASA.IS,3.140000104904175,3.200000047683716,2.990000009536743,2.990000009536743,3.140000104904175,3.200000047683716,2.990000009536743,2.990000009536743,3.263056947597784,3.3254082926937505,3.1071783370956467,3.1071783370956467,0,0.0,0.0,-0.04166662845855962,UNRESOLVED,NONE,UNRESOLVED_MISSING_VOLUME,False,YAHOO_PROVIDER_SNAPSHOT,-0.04166662845855962,-0.04166662845855962,1.0
2026-05-06,SASA.IS,3.009999990463257,3.1600000858306885,2.9600000381469727,3.0799999237060547,3.009999990463257,3.1600000858306885,2.9600000381469727,3.0799999237060547,3.127962118794302,3.2838407292964393,3.0760026645476635,3.200705354739596,0,0.0,0.0,0.030100305646238334,UNRESOLVED,NONE,UNRESOLVED_MISSING_VOLUME,False,YAHOO_PROVIDER_SNAPSHOT,0.030100305646238334,0.030100305646238334,1.0
2026-05-07,SASA.IS,3.109999895095825,3.369999885559082,3.109999895095825,3.3299999237060547,3.109999895095825,3.369999885559082,3.109999895095825,3.3299999237060547,3.2318810272875793,3.5020704371323217,3.2318810272875793,3.460502873735011,0,0.0,0.0,0.0811688331794449,UNRESOLVED,NONE,UNRESOLVED_MISSING_VOLUME,False,YAHOO_PROVIDER_SNAPSHOT,0.0811688331794449,0.0811688331794449,1.0
2026-05-08,SASA.IS,3.3499999046325684,3.5799999237060547,3.3399999141693115,3.5199999809265137,3.3499999046325684,3.5799999237060547,3.3399999141693115,3.5199999809265137,3.4812866554336654,3.7203003927304246,3.4708947645843375,3.657949047634458,0,0.0,0.0,0.057057075547618075,UNRESOLVED,NONE,UNRESOLVED_MISSING_VOLUME,False,YAHOO_PROVIDER_SNAPSHOT,0.057057075547618075,0.057057075547618075,1.0
2026-05-11,SASA.IS,3.569999933242798,3.690000057220459,3.5199999809265137,3.5399999618530273,3.569999933242798,3.690000057220459,3.5199999809265137,3.5399999618530273,3.7099085018810976,3.8346114398352515,3.657949047634459,3.6787328293331143,0,0.0,0.0,0.005681812794001706,UNRESOLVED,NONE,UNRESOLVED_MISSING_VOLUME,False,YAHOO_PROVIDER_SNAPSHOT,0.005681812794001706,0.005681812794001706,1.0
2026-05-12,SASA.IS,3.549999952316284,3.640000104904175,3.2300000190734863,3.2300000190734863,3.549999952316284,3.640000104904175,3.2300000190734863,3.2300000190734863,3.689124720182442,3.782651985588613,3.3565839652417333,3.3565839652417333,0,0.0,0.0,-0.08757060624861424,UNRESOLVED,NONE,UNRESOLVED_MISSING_VOLUME,False,YAHOO_PROVIDER_SNAPSHOT,-0.08757060624861424,-0.08757060624861424,1.0
2026-05-13,SASA.IS,3.240000009536743,3.25,2.9100000858306885,2.9100000858306885,3.240000009536743,3.25,2.9100000858306885,2.9100000858306885,3.366975856091061,3.377367746940389,3.024043210301025,3.024043210301025,0,0.0,0.0,-0.09907118617745048,UNRESOLVED,NONE,UNRESOLVED_MISSING_VOLUME,False,YAHOO_PROVIDER_SNAPSHOT,-0.09907118617745048,-0.09907118617745048,1.0
2026-05-14,SASA.IS,2.930000066757202,3.0199999809265137,2.869999885559082,3.009999990463257,2.930000066757202,3.0199999809265137,2.869999885559082,3.009999990463257,3.044826991999681,3.1383540096436304,2.982475399141493,3.127962118794303,0,0.0,0.0,0.034364227382496004,UNRESOLVED,NONE,UNRESOLVED_MISSING_VOLUME,False,YAHOO_PROVIDER_SNAPSHOT,0.034364227382496004,0.034364227382496004,1.0
2026-05-15,SASA.IS,2.9800000190734863,3.0199999809265137,2.8299999237060547,2.8299999237060547,2.9800000190734863,3.0199999809265137,2.8299999237060547,2.8299999237060547,3.0967864462463197,3.1383540096436304,2.9409078357441825,2.9409078357441825,0,0.0,0.0,-0.059800686819769466,UNRESOLVED,NONE,UNRESOLVED_MISSING_VOLUME,False,YAHOO_PROVIDER_SNAPSHOT,-0.059800686819769466,-0.059800686819769466,1.0
2026-05-18,SASA.IS,2.799999952316284,2.819999933242798,2.680000066757202,2.7100000381469727,2.799999952316284,2.819999933242798,2.680000066757202,2.7100000381469727,2.909732163196199,2.9305159448948546,2.785029473004266,2.8162051455522494,0,0.0,0.0,-0.042402787559773114,UNRESOLVED,NONE,UNRESOLVED_MISSING_VOLUME,False,YAHOO_PROVIDER_SNAPSHOT,-0.042402787559773114,-0.042402787559773114,1.0
2026-05-20,SASA.IS,2.759999990463257,2.859999895095825,2.740000009536743,2.809999942779541,2.759999990463257,2.859999895095825,2.740000009536743,2.809999942779541,2.8681645997988876,2.972083508292165,2.8473808181002322,2.920124054045526,0,0.0,0.0,0.036900333293332865,UNRESOLVED,NONE,UNRESOLVED_MISSING_VOLUME,False,YAHOO_PROVIDER_SNAPSHOT,0.036900333293332865,0.036900333293332865,1.0
2026-05-21,SASA.IS,2.819999933242798,2.8499999046325684,2.5299999713897705,2.5299999713897705,2.819999933242798,2.8499999046325684,2.5299999713897705,2.5299999713897705,2.930515944894854,2.961691617442837,2.6291508625021285,2.6291508625021285,0,0.0,0.0,-0.09964411996137112,UNRESOLVED,NONE,UNRESOLVED_MISSING_VOLUME,False,YAHOO_PROVIDER_SNAPSHOT,-0.09964411996137112,-0.09964411996137112,1.0
2026-05-22,SASA.IS,2.440000057220459,2.6700000762939453,2.440000057220459,2.6500000953674316,2.440000057220459,2.6700000762939453,2.440000057220459,2.6500000953674316,2.535623844858179,2.774637582154938,2.535623844858179,2.7538538004562825,0,0.0,0.0,0.04743087957892067,UNRESOLVED,NONE,UNRESOLVED_MISSING_VOLUME,False,YAHOO_PROVIDER_SNAPSHOT,0.04743087957892067,0.04743087957892067,1.0
2026-05-25,SASA.IS,2.6700000762939453,2.7300000190734863,2.619999885559082,2.700000047683716,2.6700000762939453,2.7300000190734863,2.619999885559082,2.700000047683716,2.774637582154938,2.8369889272509043,2.7226778801460783,2.805813254702921,0,0.0,0.0,0.018867905855434186,UNRESOLVED,NONE,UNRESOLVED_MISSING_VOLUME,False,YAHOO_PROVIDER_SNAPSHOT,0.018867905855434186,0.018867905855434186,1.0
2026-05-27,SASA.IS,2.640000104904175,2.640000104904175,2.640000104904175,2.640000104904175,2.640000104904175,2.640000104904175,2.640000104904175,2.640000104904175,2.743461909606955,2.743461909606955,2.743461909606955,2.743461909606955,0,0.0,0.0,0.0,UNRESOLVED,NONE,UNRESOLVED_NO_TRADE_OR_STALE,False,YAHOO_PROVIDER_SNAPSHOT,0.0,0.0,1.0
2026-05-28,SASA.IS,2.640000104904175,2.640000104904175,2.640000104904175,2.640000104904175,2.640000104904175,2.640000104904175,2.640000104904175,2.640000104904175,2.743461909606955,2.743461909606955,2.743461909606955,2.743461909606955,0,0.0,0.0,0.0,UNRESOLVED,NONE,UNRESOLVED_NO_TRADE_OR_STALE,False,YAHOO_PROVIDER_SNAPSHOT,0.0,0.0,1.0
2026-05-29,SASA.IS,2.640000104904175,2.640000104904175,2.640000104904175,2.640000104904175,2.640000104904175,2.640000104904175,2.640000104904175,2.640000104904175,2.743461909606955,2.743461909606955,2.743461909606955,2.743461909606955,0,0.0,0.0,0.0,UNRESOLVED,NONE,UNRESOLVED_NO_TRADE_OR_STALE,False,YAHOO_PROVIDER_SNAPSHOT,0.0,0.0,1.0
2026-06-01,SASA.IS,2.680000066757202,2.75,2.6600000858306885,2.690000057220459,2.680000066757202,2.75,2.6600000858306885,2.690000057220459,2.7850294730042657,2.8577727089495597,2.7642456913056104,2.7954213638535936,0,0.0,0.0,0.018939375124797264,UNRESOLVED,NONE,UNRESOLVED_MISSING_VOLUME,False,YAHOO_PROVIDER_SNAPSHOT,0.018939375124797264,0.018939375124797264,1.0
2026-06-02,SASA.IS,2.75,2.7899999618530273,2.7300000190734863,2.75,2.75,2.7899999618530273,2.7300000190734863,2.75,2.8577727089495597,2.899340272346871,2.8369889272509043,2.8577727089495597,0,0.0,0.0,0.022304810967750832,UNRESOLVED,NONE,UNRESOLVED_MISSING_VOLUME,False,YAHOO_PROVIDER_SNAPSHOT,0.022304810967750832,0.022304810967750832,1.0
2026-06-03,SASA.IS,2.7300000190734863,2.759999990463257,2.619999885559082,2.630000114440918,2.7300000190734863,2.759999990463257,2.619999885559082,2.630000114440918,2.8369889272509052,2.868164599798888,2.7226778801460787,2.7330700187576276,0,0.0,0.0,-0.043636322021484375,UNRESOLVED,NONE,UNRESOLVED_MISSING_VOLUME,False,YAHOO_PROVIDER_SNAPSHOT,-0.043636322021484375,-0.043636322021484375,1.0
2026-06-04,SASA.IS,2.6600000858306885,2.6700000762939453,2.559999942779541,2.5899999141693115,2.6600000858306885,2.6700000762939453,2.559999942779541,2.5899999141693115,2.764245691305611,2.7746375821549387,2.660326535050112,2.6915022075980954,0,0.0,0.0,-0.01520920096237699,UNRESOLVED,NONE,UNRESOLVED_MISSING_VOLUME,False,YAHOO_PROVIDER_SNAPSHOT,-0.01520920096237699,-0.01520920096237699,1.0
2026-06-05,SASA.IS,2.5899999141693115,2.619999885559082,2.490000009536743,2.490000009536743,2.5899999141693115,2.619999885559082,2.490000009536743,2.490000009536743,2.6915022075980954,2.7226778801460787,2.587583299104818,2.587583299104818,0,0.0,0.0,-0.03861000306814344,UNRESOLVED,NONE,UNRESOLVED_MISSING_VOLUME,False,YAHOO_PROVIDER_SNAPSHOT,-0.03861000306814344,-0.03861000306814344,1.0
2026-06-08,SASA.IS,2.5,2.619999885559082,2.5,2.5899999141693115,2.5,2.619999885559082,2.5,2.5899999141693115,2.5979751899541466,2.722677880146079,2.5979751899541466,2.691502207598096,0,0.0,0.0,0.040160604116292076,UNRESOLVED,NONE,UNRESOLVED_MISSING_VOLUME,False,YAHOO_PROVIDER_SNAPSHOT,0.040160604116292076,0.040160604116292076,1.0
2026-06-09,SASA.IS,2.5899999141693115,2.5999999046325684,2.4800000190734863,2.5,2.5899999141693115,2.5999999046325684,2.4800000190734863,2.5,2.6915022075980954,2.7018940984474233,2.5771914082554903,2.5979751899541457,0,0.0,0.0,-0.034749002761329084,UNRESOLVED,NONE,UNRESOLVED_MISSING_VOLUME,False,YAHOO_PROVIDER_SNAPSHOT,-0.034749002761329084,-0.034749002761329084,1.0
2026-06-10,SASA.IS,2.4800000190734863,2.549999952316284,2.4700000286102295,2.5,2.4800000190734863,2.549999952316284,2.4700000286102295,2.5,2.5771914082554903,2.6499346442007847,2.566799517406163,2.5979751899541457,0,0.0,0.0,0.0,UNRESOLVED,NONE,UNRESOLVED_MISSING_VOLUME,False,YAHOO_PROVIDER_SNAPSHOT,0.0,0.0,1.0
2026-06-11,SASA.IS,2.5,2.700000047683716,2.490000009536743,2.630000114440918,2.5,2.700000047683716,2.490000009536743,2.630000114440918,2.5979751899541457,2.805813254702922,2.587583299104818,2.7330700187576276,0,0.0,0.0,0.05200004577636719,UNRESOLVED,NONE,UNRESOLVED_MISSING_VOLUME,False,YAHOO_PROVIDER_SNAPSHOT,0.05200004577636719,0.05200004577636719,1.0
2026-06-12,SASA.IS,2.6600000858306885,2.680000066757202,2.5799999237060547,2.5999999046325684,2.6600000858306885,2.680000066757202,2.5799999237060547,2.5999999046325684,2.764245691305611,2.785029473004266,2.6811103167487675,2.7018940984474233,0,0.0,0.0,-0.011406923385144818,UNRESOLVED,NONE,UNRESOLVED_MISSING_VOLUME,False,YAHOO_PROVIDER_SNAPSHOT,-0.011406923385144818,-0.011406923385144818,1.0
2026-06-15,SASA.IS,2.6600000858306885,2.7100000381469727,2.6500000953674316,2.690000057220459,2.6600000858306885,2.7100000381469727,2.6500000953674316,2.690000057220459,2.764245691305611,2.8162051455522494,2.7538538004562834,2.795421363853594,0,0.0,0.0,0.03461544457272181,UNRESOLVED,NONE,UNRESOLVED_MISSING_VOLUME,False,YAHOO_PROVIDER_SNAPSHOT,0.03461544457272181,0.03461544457272181,1.0
2026-06-16,SASA.IS,2.680000066757202,2.740000009536743,2.6700000762939453,2.7100000381469727,2.680000066757202,2.740000009536743,2.6700000762939453,2.7100000381469727,2.785029473004267,2.8473808181002336,2.774637582154939,2.8162051455522503,0,0.0,0.0,0.007434936989250351,UNRESOLVED,NONE,UNRESOLVED_MISSING_VOLUME,False,YAHOO_PROVIDER_SNAPSHOT,0.007434936989250351,0.007434936989250351,1.0
2026-06-17,SASA.IS,2.7300000190734863,2.7699999809265137,2.690000057220459,2.740000009536743,2.7300000190734863,2.7699999809265137,2.690000057220459,2.740000009536743,2.8369889272509052,2.878556490648216,2.795421363853594,2.8473808181002327,0,0.0,0.0,0.011070099987999793,UNRESOLVED,NONE,UNRESOLVED_MISSING_VOLUME,False,YAHOO_PROVIDER_SNAPSHOT,0.011070099987999793,0.011070099987999793,1.0
2026-06-18,SASA.IS,2.75,2.809999942779541,2.740000009536743,2.7799999713897705,2.75,2.809999942779541,2.740000009536743,2.7799999713897705,2.8577727089495606,2.9201240540455267,2.8473808181002327,2.888948381497544,0,0.0,0.0,0.014598526172921567,UNRESOLVED,NONE,UNRESOLVED_MISSING_VOLUME,False,YAHOO_PROVIDER_SNAPSHOT,0.014598526172921567,0.014598526172921567,1.0
2026-06-22,SASA.IS,2.740000009536743,2.7699999809265137,2.7100000381469727,2.740000009536743,2.740000009536743,2.7699999809265137,2.7100000381469727,2.740000009536743,2.8473808181002336,2.8785564906482164,2.8162051455522503,2.8473808181002336,0,0.0,0.0,0.003663000144099149,UNRESOLVED,NONE,UNRESOLVED_MISSING_VOLUME,False,YAHOO_PROVIDER_SNAPSHOT,0.003663000144099149,0.003663000144099149,1.0
2026-06-23,SASA.IS,2.7200000286102295,2.75,2.640000104904175,2.640000104904175,2.7200000286102295,2.75,2.640000104904175,2.640000104904175,2.826597036401578,2.857772708949561,2.743461909606956,2.743461909606956,0,0.0,0.0,-0.036496315432303805,UNRESOLVED,NONE,UNRESOLVED_MISSING_VOLUME,False,YAHOO_PROVIDER_SNAPSHOT,-0.036496315432303805,-0.036496315432303805,1.0
2026-06-30,SASA.IS,2.4700000286102295,2.4700000286102295,2.4200000762939453,2.450000047683716,2.4700000286102295,2.4700000286102295,2.4200000762939453,2.450000047683716,2.566799517406163,2.566799517406163,2.5148400631595242,2.546015735707507,0,0.0,0.0,0.0,UNRESOLVED,NONE,UNRESOLVED_MISSING_VOLUME,False,YAHOO_PROVIDER_SNAPSHOT,0.0,0.0,1.0
2026-07-01,SASA.IS,2.440000057220459,2.4600000381469727,2.4100000858306885,2.430000066757202,2.440000057220459,2.4600000381469727,2.4100000858306885,2.430000066757202,2.53562384485818,2.5564076265568354,2.504448172310197,2.525231954008852,0,0.0,0.0,-0.008163257362146625,UNRESOLVED,NONE,UNRESOLVED_MISSING_VOLUME,False,YAHOO_PROVIDER_SNAPSHOT,-0.008163257362146625,-0.008163257362146625,1.0
2026-07-07,SASA.IS,2.3299999237060547,2.3499999046325684,2.2899999618530273,2.309999942779541,2.3299999237060547,2.3499999046325684,2.2899999618530273,2.309999942779541,2.4213127977533535,2.4420965794520093,2.379745234356043,2.400529016054698,0,0.0,0.0,-0.012820501064172207,UNRESOLVED,NONE,UNRESOLVED_MISSING_VOLUME,False,YAHOO_PROVIDER_SNAPSHOT,-0.012820501064172207,-0.012820501064172207,1.0
2026-07-08,SASA.IS,2.299999952316284,2.319999933242798,2.2300000190734863,2.2300000190734863,2.299999952316284,2.319999933242798,2.2300000190734863,2.2300000190734863,2.3901371252053702,2.410920906904026,2.3173938892600763,2.3173938892600763,0,0.0,0.0,-0.03463200246221376,UNRESOLVED,NONE,UNRESOLVED_MISSING_VOLUME,False,YAHOO_PROVIDER_SNAPSHOT,-0.03463200246221376,-0.03463200246221376,1.0
2026-07-09,SASA.IS,2.25,2.3399999141693115,2.2100000381469727,2.2799999713897705,2.25,2.3399999141693115,2.2100000381469727,2.2799999713897705,2.3381776709587316,2.4317046886026814,2.296610107561421,2.369353343506715,0,0.0,0.0,0.02242150308907087,UNRESOLVED,NONE,UNRESOLVED_MISSING_VOLUME,False,YAHOO_PROVIDER_SNAPSHOT,0.02242150308907087,0.02242150308907087,1.0
2026-07-10,SASA.IS,2.259999990463257,2.450000047683716,2.259999990463257,2.4200000762939453,2.259999990463257,2.450000047683716,2.259999990463257,2.4200000762939453,2.3485695618080595,2.546015735707508,2.3485695618080595,2.5148400631595247,0,0.0,0.0,0.061403555553045885,UNRESOLVED,NONE,UNRESOLVED_MISSING_VOLUME,False,YAHOO_PROVIDER_SNAPSHOT,0.061403555553045885,0.061403555553045885,1.0
2026-07-13,SASA.IS,2.4800000190734863,2.569999933242798,2.4700000286102295,2.549999952316284,2.4800000190734863,2.569999933242798,2.4700000286102295,2.549999952316284,2.577191408255491,2.6707184258994405,2.5667995174061633,2.649934644200785,0,0.0,0.0,0.053718955340457786,UNRESOLVED,NONE,UNRESOLVED_MISSING_VOLUME,False,YAHOO_PROVIDER_SNAPSHOT,0.053718955340457786,0.053718955340457786,1.0
2026-07-14,SASA.IS,2.5399999618530273,2.5999999046325684,2.5,2.5199999809265137,2.5399999618530273,2.5999999046325684,2.5,2.5199999809265137,2.6395427533514573,2.701894098447424,2.5979751899541466,2.618758971652802,0,0.0,0.0,-0.011764694882648974,UNRESOLVED,NONE,UNRESOLVED_MISSING_VOLUME,False,YAHOO_PROVIDER_SNAPSHOT,-0.011764694882648974,-0.011764694882648974,1.0
2026-07-16,SASA.IS,2.5299999713897705,2.619999885559082,2.5199999809265137,2.5399999618530273,2.5299999713897705,2.619999885559082,2.5199999809265137,2.5399999618530273,2.62915086250213,2.722677880146079,2.618758971652802,2.6395427533514573,0,0.0,0.0,0.007936500427734305,UNRESOLVED,NONE,UNRESOLVED_MISSING_VOLUME,False,YAHOO_PROVIDER_SNAPSHOT,0.007936500427734305,0.007936500427734305,1.0
2026-07-20,SASA.IS,2.440000057220459,2.609999895095825,2.4100000858306885,2.5399999618530273,2.440000057220459,2.609999895095825,2.4100000858306885,2.5399999618530273,2.53562384485818,2.7122859892967517,2.504448172310197,2.6395427533514573,0,0.0,0.0,0.045267445297900055,UNRESOLVED,NONE,UNRESOLVED_MISSING_VOLUME,False,YAHOO_PROVIDER_SNAPSHOT,0.045267445297900055,0.045267445297900055,1.0
2026-07-21,SASA.IS,2.559999942779541,2.569999933242798,2.450000047683716,2.509999990463257,2.559999942779541,2.569999933242798,2.450000047683716,2.509999990463257,2.6603265350501126,2.6707184258994405,2.546015735707508,2.608367080803474,0,0.0,0.0,-0.011811012535560939,UNRESOLVED,NONE,UNRESOLVED_MISSING_VOLUME,False,YAHOO_PROVIDER_SNAPSHOT,-0.011811012535560939,-0.011811012535560939,1.0
2026-07-22,SASA.IS,2.5199999809265137,2.700000047683716,2.4700000286102295,2.640000104904175,2.5199999809265137,2.700000047683716,2.4700000286102295,2.640000104904175,2.618758971652802,2.8058132547029224,2.5667995174061633,2.743461909606956,0,0.0,0.0,0.0517928744760372,UNRESOLVED,NONE,UNRESOLVED_MISSING_VOLUME,False,YAHOO_PROVIDER_SNAPSHOT,0.0517928744760372,0.0517928744760372,1.0
2026-07-23,SASA.IS,2.640000104904175,2.7200000286102295,2.630000114440918,2.6500000953674316,2.640000104904175,2.7200000286102295,2.630000114440918,2.6500000953674316,2.7434619096069555,2.8265970364015773,2.7330700187576276,2.7538538004562834,0,0.0,0.0,0.003787875024959364,UNRESOLVED,NONE,UNRESOLVED_MISSING_VOLUME,False,YAHOO_PROVIDER_SNAPSHOT,0.003787875024959364,0.003787875024959364,1.0
2026-07-24,SASA.IS,2.6500000953674316,2.7200000286102295,2.5899999141693115,2.690000057220459,2.6500000953674316,2.7200000286102295,2.5899999141693115,2.690000057220459,2.753853800456284,2.826597036401578,2.691502207598096,2.7954213638535945,0,0.0,0.0,0.015094324684347349,UNRESOLVED,NONE,UNRESOLVED_MISSING_VOLUME,False,YAHOO_PROVIDER_SNAPSHOT,0.015094324684347349,0.015094324684347349,1.0
2026-07-27,SASA.IS,2.7200000286102295,2.75,2.5299999713897705,2.569999933242798,2.7200000286102295,2.75,2.5299999713897705,2.569999933242798,2.826597036401578,2.857772708949561,2.62915086250213,2.6707184258994405,0,0.0,0.0,-0.04460971056694163,UNRESOLVED,NONE,UNRESOLVED_MISSING_VOLUME,False,YAHOO_PROVIDER_SNAPSHOT,-0.04460971056694163,-0.04460971056694163,1.0
2026-07-28,SASA.IS,2.569999933242798,2.5899999141693115,2.5,2.549999952316284,2.569999933242798,2.5899999141693115,2.5,2.549999952316284,2.6707184258994405,2.691502207598096,2.5979751899541466,2.649934644200785,0,0.0,0.0,-0.0077820939478694395,UNRESOLVED,NONE,UNRESOLVED_MISSING_VOLUME,False,YAHOO_PROVIDER_SNAPSHOT,-0.0077820939478694395,-0.0077820939478694395,1.0
2026-07-30,SASA.IS,2.440000057220459,2.5,2.4000000953674316,2.4800000190734863,2.440000057220459,2.5,2.4000000953674316,2.4800000190734863,2.5356238448581796,2.5979751899541457,2.4940562814608684,2.5771914082554903,0,0.0,0.0,0.012244886043219827,UNRESOLVED,NONE,UNRESOLVED_MISSING_VOLUME,False,YAHOO_PROVIDER_SNAPSHOT,0.012244886043219827,0.012244886043219827,1.0
2026-08-03,SASA.IS,2.490000009536743,2.559999942779541,2.4700000286102295,2.5199999809265137,2.490000009536743,2.559999942779541,2.4700000286102295,2.5199999809265137,2.5875832991048178,2.6603265350501117,2.566799517406162,2.6187589716528006,0,0.0,0.0,0.02024289544013369,UNRESOLVED,NONE,UNRESOLVED_MISSING_VOLUME,False,YAHOO_PROVIDER_SNAPSHOT,0.02024289544013369,0.02024289544013369,1.0
2026-08-05,SASA.IS,2.5199999809265137,2.5899999141693115,2.509999990463257,2.559999942779541,2.5199999809265137,2.5899999141693115,2.509999990463257,2.559999942779541,2.6187589716528015,2.6915022075980954,2.6083670808034736,2.660326535050112,0,0.0,0.0,0.01587300085546861,UNRESOLVED,NONE,UNRESOLVED_MISSING_VOLUME,False,YAHOO_PROVIDER_SNAPSHOT,0.01587300085546861,0.01587300085546861,1.0
2026-08-10,SASA.IS,2.5999999046325684,2.619999885559082,2.3299999237060547,2.3299999237060547,2.5999999046325684,2.619999885559082,2.3299999237060547,2.3299999237060547,2.7018940984474233,2.7226778801460787,2.421312797753353,2.421312797753353,0,0.0,0.0,-0.09689922767163739,UNRESOLVED,NONE,UNRESOLVED_MISSING_VOLUME,False,YAHOO_PROVIDER_SNAPSHOT,-0.09689922767163739,-0.09689922767163739,1.0
2026-08-11,SASA.IS,2.3499999046325684,2.390000104904175,2.2899999618530273,2.359999895095825,2.3499999046325684,2.390000104904175,2.2899999618530273,2.359999895095825,2.4420965794520084,2.483664390611541,2.3797452343560423,2.4524884703013363,0,0.0,0.0,0.012875524623216839,UNRESOLVED,NONE,UNRESOLVED_MISSING_VOLUME,False,YAHOO_PROVIDER_SNAPSHOT,0.012875524623216839,0.012875524623216839,1.0
2026-08-12,SASA.IS,2.369999885559082,2.5199999809265137,2.319999933242798,2.490000009536743,2.369999885559082,2.5199999809265137,2.319999933242798,2.490000009536743,2.462880361150664,2.6187589716528015,2.4109209069040256,2.587583299104818,0,0.0,0.0,0.055084796703196215,UNRESOLVED,NONE,UNRESOLVED_MISSING_VOLUME,False,YAHOO_PROVIDER_SNAPSHOT,0.055084796703196215,0.055084796703196215,1.0
2026-08-13,SASA.IS,2.509999990463257,2.5299999713897705,2.430000066757202,2.450000047683716,2.509999990463257,2.5299999713897705,2.430000066757202,2.450000047683716,2.6083670808034736,2.629150862502129,2.5252319540088517,2.546015735707507,0,0.0,0.0,-0.016064241646516764,UNRESOLVED,NONE,UNRESOLVED_MISSING_VOLUME,False,YAHOO_PROVIDER_SNAPSHOT,-0.016064241646516764,-0.016064241646516764,1.0
2026-08-14,SASA.IS,2.4600000381469727,2.4800000190734863,2.390000104904175,2.390000104904175,2.4600000381469727,2.4800000190734863,2.390000104904175,2.390000104904175,2.556407626556835,2.5771914082554903,2.483664390611541,2.483664390611541,0,0.0,0.0,-0.024489772086439876,UNRESOLVED,NONE,UNRESOLVED_MISSING_VOLUME,False,YAHOO_PROVIDER_SNAPSHOT,-0.024489772086439876,-0.024489772086439876,1.0
2026-08-17,SASA.IS,2.4000000953674316,2.4200000762939453,2.3299999237060547,2.3399999141693115,2.4000000953674316,2.4200000762939453,2.3299999237060547,2.3399999141693115,2.4940562814608684,2.5148400631595242,2.421312797753353,2.431704688602681,0,0.0,0.0,-0.02092058097916616,UNRESOLVED,NONE,UNRESOLVED_MISSING_VOLUME,False,YAHOO_PROVIDER_SNAPSHOT,-0.02092058097916616,-0.02092058097916616,1.0
2026-08-18,SASA.IS,2.309999942779541,2.3499999046325684,2.2200000286102295,2.25,2.309999942779541,2.3499999046325684,2.2200000286102295,2.25,2.4005290160546977,2.4420965794520084,2.307001998410748,2.338177670958731,0,0.0,0.0,-0.03846150319251662,UNRESOLVED,NONE,UNRESOLVED_MISSING_VOLUME,False,YAHOO_PROVIDER_SNAPSHOT,-0.03846150319251662,-0.03846150319251662,1.0
2026-08-19,SASA.IS,2.259999990463257,2.299999952316284,2.240000009536743,2.2699999809265137,2.259999990463257,2.299999952316284,2.240000009536743,2.2699999809265137,2.348569561808059,2.39013712520537,2.3277857801094037,2.3589614526573865,0,0.0,0.0,0.008888880411783928,UNRESOLVED,NONE,UNRESOLVED_MISSING_VOLUME,False,YAHOO_PROVIDER_SNAPSHOT,0.008888880411783928,0.008888880411783928,1.0
2026-08-21,SASA.IS,2.2799999713897705,2.359999895095825,2.2699999809265137,2.319999933242798,2.2799999713897705,2.359999895095825,2.2699999809265137,2.319999933242798,2.3693533435067144,2.4524884703013363,2.3589614526573865,2.4109209069040256,0,0.0,0.0,0.02202641089709445,UNRESOLVED,NONE,UNRESOLVED_MISSING_VOLUME,False,YAHOO_PROVIDER_SNAPSHOT,0.02202641089709445,0.02202641089709445,1.0
2026-08-24,SASA.IS,2.3399999141693115,2.390000104904175,2.319999933242798,2.3299999237060547,2.3399999141693115,2.390000104904175,2.319999933242798,2.3299999237060547,2.4317046886026814,2.4836643906115414,2.410920906904026,2.4213127977533535,0,0.0,0.0,0.004310340840949722,UNRESOLVED,NONE,UNRESOLVED_MISSING_VOLUME,False,YAHOO_PROVIDER_SNAPSHOT,0.004310340840949722,0.004310340840949722,1.0
2026-08-27,SASA.IS,2.3499999046325684,2.4200000762939453,2.3299999237060547,2.380000114440918,2.3499999046325684,2.4200000762939453,2.3299999237060547,2.380000114440918,2.4420965794520093,2.5148400631595247,2.4213127977533535,2.4732724997622135,0,0.0,0.0,0.01709410330718164,UNRESOLVED,NONE,UNRESOLVED_MISSING_VOLUME,False,YAHOO_PROVIDER_SNAPSHOT,0.01709410330718164,0.01709410330718164,1.0
2026-09-01,SASA.IS,2.3499999046325684,2.390000104904175,2.3299999237060547,2.359999895095825,2.3499999046325684,2.390000104904175,2.3299999237060547,2.359999895095825,2.4420965794520084,2.483664390611541,2.421312797753353,2.4524884703013363,0,0.0,0.0,0.004255315263436366,UNRESOLVED,NONE,UNRESOLVED_MISSING_VOLUME,False,YAHOO_PROVIDER_SNAPSHOT,0.004255315263436366,0.004255315263436366,1.0
2026-09-08,SASA.IS,2.5999999046325684,2.759999990463257,2.5799999237060547,2.759999990463257,2.5999999046325684,2.759999990463257,2.5799999237060547,2.759999990463257,2.7018940984474233,2.868164599798888,2.6811103167487675,2.868164599798888,0,0.0,0.0,0.20524019058494392,UNRESOLVED,NONE,UNRESOLVED_MISSING_VOLUME,False,YAHOO_PROVIDER_SNAPSHOT,0.20524019058494392,0.20524019058494392,1.0
2026-09-09,SASA.IS,2.740000009536743,2.930000066757202,2.7100000381469727,2.7300000190734863,2.740000009536743,2.930000066757202,2.7100000381469727,2.7300000190734863,2.8473808181002327,3.044826991999681,2.8162051455522494,2.8369889272509052,0,0.0,0.0,-0.01086955488892416,UNRESOLVED,NONE,UNRESOLVED_MISSING_VOLUME,False,YAHOO_PROVIDER_SNAPSHOT,-0.01086955488892416,-0.01086955488892416,1.0
2026-09-10,SASA.IS,2.7100000381469727,2.9100000858306885,2.619999885559082,2.7699999809265137,2.7100000381469727,2.9100000858306885,2.619999885559082,2.7699999809265137,2.8162051455522503,3.024043210301026,2.722677880146079,2.8785564906482164,0,0.0,0.0,0.014652000576396595,UNRESOLVED,NONE,UNRESOLVED_MISSING_VOLUME,False,YAHOO_PROVIDER_SNAPSHOT,0.014652000576396595,0.014652000576396595,1.0
2026-09-11,SASA.IS,2.7899999618530273,2.9000000953674316,2.680000066757202,2.819999933242798,2.7899999618530273,2.9000000953674316,2.680000066757202,2.819999933242798,2.899340272346872,3.0136513194516983,2.785029473004267,2.930515944894855,0,0.0,0.0,0.01805052442619881,UNRESOLVED,NONE,UNRESOLVED_MISSING_VOLUME,False,YAHOO_PROVIDER_SNAPSHOT,0.01805052442619881,0.01805052442619881,1.0
2026-09-14,SASA.IS,2.799999952316284,2.9600000381469727,2.7699999809265137,2.940000057220459,2.799999952316284,2.9600000381469727,2.7699999809265137,2.940000057220459,2.909732163196199,3.0760026645476644,2.878556490648216,3.0552188828490086,0,0.0,0.0,0.04255323646042419,UNRESOLVED,NONE,UNRESOLVED_MISSING_VOLUME,False,YAHOO_PROVIDER_SNAPSHOT,0.04255323646042419,0.04255323646042419,1.0
2026-09-15,SASA.IS,2.950000047683716,3.059999942779541,2.799999952316284,2.799999952316284,2.950000047683716,3.059999942779541,2.799999952316284,2.799999952316284,3.0656107736983365,3.1799215730409416,2.909732163196199,2.909732163196199,0,0.0,0.0,-0.04761908237394186,UNRESOLVED,NONE,UNRESOLVED_MISSING_VOLUME,False,YAHOO_PROVIDER_SNAPSHOT,-0.04761908237394186,-0.04761908237394186,1.0
