ticker,financial_period,availability_proxy_date,historical_capital_available,fallback_capital_source_date,fallback_capital,market_cap_source,future_last_capital_fallback,affected_fields
AGROT.IS,2020Q4,2021-03-15,False,2026-09-07,2400000000.0,MISSING,False,piyasa_degeri;pb;ev;ev_ebitda;fcf_verim
AGROT.IS,2021Q4,2022-03-15,False,2026-09-07,2400000000.0,MISSING,False,piyasa_degeri;pb;ev;ev_ebitda;fcf_verim
AGROT.IS,2022Q2,2022-08-15,False,2026-09-07,2400000000.0,MISSING,False,piyasa_degeri;pb;ev;ev_ebitda;fcf_verim
AGROT.IS,2022Q3,2022-11-15,False,2026-09-07,2400000000.0,MISSING,False,piyasa_degeri;pb;ev;ev_ebitda;fcf_verim
AGROT.IS,2022Q4,2023-03-15,False,2026-09-07,2400000000.0,MISSING,False,piyasa_degeri;pb;ev;ev_ebitda;fcf_verim
AGROT.IS,2023Q1,2023-05-15,False,2026-09-07,2400000000.0,MISSING,False,piyasa_degeri;pb;ev;ev_ebitda;fcf_verim
AGROT.IS,2023Q2,2023-08-15,False,2026-09-07,2400000000.0,MISSING,False,piyasa_degeri;pb;ev;ev_ebitda;fcf_verim
AGROT.IS,2023Q3,2023-11-15,False,2026-09-07,2400000000.0,MISSING,False,piyasa_degeri;pb;ev;ev_ebitda;fcf_verim
ALFAS.IS,2019Q4,2020-03-15,False,2026-09-07,368000000.0,MISSING,False,piyasa_degeri;pb;ev;ev_ebitda;fcf_verim
ALFAS.IS,2020Q4,2021-03-15,False,2026-09-07,368000000.0,MISSING,False,piyasa_degeri;pb;ev;ev_ebitda;fcf_verim
ALFAS.IS,2021Q2,2021-08-15,False,2026-09-07,368000000.0,MISSING,False,piyasa_degeri;pb;ev;ev_ebitda;fcf_verim
ALFAS.IS,2021Q3,2021-11-15,False,2026-09-07,368000000.0,MISSING,False,piyasa_degeri;pb;ev;ev_ebitda;fcf_verim
ALFAS.IS,2021Q4,2022-03-15,False,2026-09-07,368000000.0,MISSING,False,piyasa_degeri;pb;ev;ev_ebitda;fcf_verim
ALFAS.IS,2022Q1,2022-05-15,False,2026-09-07,368000000.0,MISSING,False,piyasa_degeri;pb;ev;ev_ebitda;fcf_verim
ALFAS.IS,2022Q2,2022-08-15,False,2026-09-07,368000000.0,MISSING,False,piyasa_degeri;pb;ev;ev_ebitda;fcf_verim
ALFAS.IS,2022Q3,2022-11-15,False,2026-09-07,368000000.0,MISSING,False,piyasa_degeri;pb;ev;ev_ebitda;fcf_verim
ALVES.IS,2020Q4,2021-03-15,False,2026-09-07,1600000000.0,MISSING,False,piyasa_degeri;pb;ev;ev_ebitda;fcf_verim
ALVES.IS,2021Q4,2022-03-15,False,2026-09-07,1600000000.0,MISSING,False,piyasa_degeri;pb;ev;ev_ebitda;fcf_verim
ALVES.IS,2022Q3,2022-11-15,False,2026-09-07,1600000000.0,MISSING,False,piyasa_degeri;pb;ev;ev_ebitda;fcf_verim
ALVES.IS,2022Q4,2023-03-15,False,2026-09-07,1600000000.0,MISSING,False,piyasa_degeri;pb;ev;ev_ebitda;fcf_verim
ALVES.IS,2023Q1,2023-05-15,False,2026-09-07,1600000000.0,MISSING,False,piyasa_degeri;pb;ev;ev_ebitda;fcf_verim
ALVES.IS,2023Q2,2023-08-15,False,2026-09-07,1600000000.0,MISSING,False,piyasa_degeri;pb;ev;ev_ebitda;fcf_verim
ALVES.IS,2023Q3,2023-11-15,False,2026-09-07,1600000000.0,MISSING,False,piyasa_degeri;pb;ev;ev_ebitda;fcf_verim
ASTOR.IS,2019Q4,2020-03-15,False,2026-09-07,998000000.0,MISSING,False,piyasa_degeri;pb;ev;ev_ebitda;fcf_verim
ASTOR.IS,2020Q4,2021-03-15,False,2026-09-07,998000000.0,MISSING,False,piyasa_degeri;pb;ev;ev_ebitda;fcf_verim
ASTOR.IS,2021Q3,2021-11-15,False,2026-09-07,998000000.0,MISSING,False,piyasa_degeri;pb;ev;ev_ebitda;fcf_verim
ASTOR.IS,2021Q4,2022-03-15,False,2026-09-07,998000000.0,MISSING,False,piyasa_degeri;pb;ev;ev_ebitda;fcf_verim
ASTOR.IS,2022Q1,2022-05-15,False,2026-09-07,998000000.0,MISSING,False,piyasa_degeri;pb;ev;ev_ebitda;fcf_verim
ASTOR.IS,2022Q2,2022-08-15,False,2026-09-07,998000000.0,MISSING,False,piyasa_degeri;pb;ev;ev_ebitda;fcf_verim
ASTOR.IS,2022Q3,2022-11-15,False,2026-09-07,998000000.0,MISSING,False,piyasa_degeri;pb;ev;ev_ebitda;fcf_verim
BINHO.IS,2022Q2,2022-08-15,False,2026-09-07,1290150000.0,MISSING,False,piyasa_degeri;pb;ev;ev_ebitda;fcf_verim
BINHO.IS,2022Q3,2022-11-15,False,2026-09-07,1290150000.0,MISSING,False,piyasa_degeri;pb;ev;ev_ebitda;fcf_verim
BINHO.IS,2022Q4,2023-03-15,False,2026-09-07,1290150000.0,MISSING,False,piyasa_degeri;pb;ev;ev_ebitda;fcf_verim
BINHO.IS,2023Q1,2023-05-15,False,2026-09-07,1290150000.0,MISSING,False,piyasa_degeri;pb;ev;ev_ebitda;fcf_verim
BINHO.IS,2023Q2,2023-08-15,False,2026-09-07,1290150000.0,MISSING,False,piyasa_degeri;pb;ev;ev_ebitda;fcf_verim
BINHO.IS,2023Q3,2023-11-15,False,2026-09-07,1290150000.0,MISSING,False,piyasa_degeri;pb;ev;ev_ebitda;fcf_verim
CANTE.IS,2018Q4,2019-03-15,False,2026-09-07,10000000000.0,MISSING,False,piyasa_degeri;pb;ev;ev_ebitda;fcf_verim
CANTE.IS,2019Q4,2020-03-15,False,2026-09-07,10000000000.0,MISSING,False,piyasa_degeri;pb;ev;ev_ebitda;fcf_verim
CANTE.IS,2020Q2,2020-08-15,False,2026-09-07,10000000000.0,MISSING,False,piyasa_degeri;pb;ev;ev_ebitda;fcf_verim
CANTE.IS,2020Q3,2020-11-15,False,2026-09-07,10000000000.0,MISSING,False,piyasa_degeri;pb;ev;ev_ebitda;fcf_verim
CANTE.IS,2020Q4,2021-03-15,False,2026-09-07,10000000000.0,MISSING,False,piyasa_degeri;pb;ev;ev_ebitda;fcf_verim
CVKMD.IS,2020Q4,2021-03-15,False,2026-09-07,3780000000.0,MISSING,False,piyasa_degeri;pb;ev;ev_ebitda;fcf_verim
CVKMD.IS,2021Q4,2022-03-15,False,2026-09-07,3780000000.0,MISSING,False,piyasa_degeri;pb;ev;ev_ebitda;fcf_verim
CVKMD.IS,2022Q1,2022-05-15,False,2026-09-07,3780000000.0,MISSING,False,piyasa_degeri;pb;ev;ev_ebitda;fcf_verim
CVKMD.IS,2022Q2,2022-08-15,False,2026-09-07,3780000000.0,MISSING,False,piyasa_degeri;pb;ev;ev_ebitda;fcf_verim
CVKMD.IS,2022Q3,2022-11-15,False,2026-09-07,3780000000.0,MISSING,False,piyasa_degeri;pb;ev;ev_ebitda;fcf_verim
CVKMD.IS,2022Q4,2023-03-15,False,2026-09-07,3780000000.0,MISSING,False,piyasa_degeri;pb;ev;ev_ebitda;fcf_verim
CWENE.IS,2020Q4,2021-03-15,False,2026-09-07,1078290009.0,MISSING,False,piyasa_degeri;pb;ev;ev_ebitda;fcf_verim
CWENE.IS,2021Q4,2022-03-15,False,2026-09-07,1078290009.0,MISSING,False,piyasa_degeri;pb;ev;ev_ebitda;fcf_verim
CWENE.IS,2022Q1,2022-05-15,False,2026-09-07,1078290009.0,MISSING,False,piyasa_degeri;pb;ev;ev_ebitda;fcf_verim
CWENE.IS,2022Q2,2022-08-15,False,2026-09-07,1078290009.0,MISSING,False,piyasa_degeri;pb;ev;ev_ebitda;fcf_verim
CWENE.IS,2022Q3,2022-11-15,False,2026-09-07,1078290009.0,MISSING,False,piyasa_degeri;pb;ev;ev_ebitda;fcf_verim
CWENE.IS,2022Q4,2023-03-15,False,2026-09-07,1078290009.0,MISSING,False,piyasa_degeri;pb;ev;ev_ebitda;fcf_verim
EUPWR.IS,2020Q4,2021-03-15,False,2026-09-07,660000000.0,MISSING,False,piyasa_degeri;pb;ev;ev_ebitda;fcf_verim
EUPWR.IS,2021Q4,2022-03-15,False,2026-09-07,660000000.0,MISSING,False,piyasa_degeri;pb;ev;ev_ebitda;fcf_verim
EUPWR.IS,2022Q1,2022-05-15,False,2026-09-07,660000000.0,MISSING,False,piyasa_degeri;pb;ev;ev_ebitda;fcf_verim
EUPWR.IS,2022Q2,2022-08-15,False,2026-09-07,660000000.0,MISSING,False,piyasa_degeri;pb;ev;ev_ebitda;fcf_verim
EUPWR.IS,2022Q3,2022-11-15,False,2026-09-07,660000000.0,MISSING,False,piyasa_degeri;pb;ev;ev_ebitda;fcf_verim
EUPWR.IS,2022Q4,2023-03-15,False,2026-09-07,660000000.0,MISSING,False,piyasa_degeri;pb;ev;ev_ebitda;fcf_verim
FORTE.IS,2020Q4,2021-03-15,False,2026-09-07,67000000.0,MISSING,False,piyasa_degeri;pb;ev;ev_ebitda;fcf_verim
FORTE.IS,2021Q4,2022-03-15,False,2026-09-07,67000000.0,MISSING,False,piyasa_degeri;pb;ev;ev_ebitda;fcf_verim
FORTE.IS,2022Q1,2022-05-15,False,2026-09-07,67000000.0,MISSING,False,piyasa_degeri;pb;ev;ev_ebitda;fcf_verim
FORTE.IS,2022Q2,2022-08-15,False,2026-09-07,67000000.0,MISSING,False,piyasa_degeri;pb;ev;ev_ebitda;fcf_verim
FORTE.IS,2022Q3,2022-11-15,False,2026-09-07,67000000.0,MISSING,False,piyasa_degeri;pb;ev;ev_ebitda;fcf_verim
FORTE.IS,2022Q4,2023-03-15,False,2026-09-07,67000000.0,MISSING,False,piyasa_degeri;pb;ev;ev_ebitda;fcf_verim
FORTE.IS,2023Q1,2023-05-15,False,2026-09-07,67000000.0,MISSING,False,piyasa_degeri;pb;ev;ev_ebitda;fcf_verim
GESAN.IS,2018Q4,2019-03-15,False,2026-09-07,460000000.0,MISSING,False,piyasa_degeri;pb;ev;ev_ebitda;fcf_verim
GESAN.IS,2019Q4,2020-03-15,False,2026-09-07,460000000.0,MISSING,False,piyasa_degeri;pb;ev;ev_ebitda;fcf_verim
GESAN.IS,2020Q1,2020-05-15,False,2026-09-07,460000000.0,MISSING,False,piyasa_degeri;pb;ev;ev_ebitda;fcf_verim
GESAN.IS,2020Q2,2020-08-15,False,2026-09-07,460000000.0,MISSING,False,piyasa_degeri;pb;ev;ev_ebitda;fcf_verim
GESAN.IS,2020Q3,2020-11-15,False,2026-09-07,460000000.0,MISSING,False,piyasa_degeri;pb;ev;ev_ebitda;fcf_verim
GESAN.IS,2020Q4,2021-03-15,False,2026-09-07,460000000.0,MISSING,False,piyasa_degeri;pb;ev;ev_ebitda;fcf_verim
GESAN.IS,2021Q1,2021-05-15,False,2026-09-07,460000000.0,MISSING,False,piyasa_degeri;pb;ev;ev_ebitda;fcf_verim
GESAN.IS,2021Q2,2021-08-15,False,2026-09-07,460000000.0,MISSING,False,piyasa_degeri;pb;ev;ev_ebitda;fcf_verim
GOKNR.IS,2019Q4,2020-03-15,False,2026-09-07,350000000.0,MISSING,False,piyasa_degeri;pb;ev;ev_ebitda;fcf_verim
GOKNR.IS,2020Q4,2021-03-15,False,2026-09-07,350000000.0,MISSING,False,piyasa_degeri;pb;ev;ev_ebitda;fcf_verim
GOKNR.IS,2021Q3,2021-11-15,False,2026-09-07,350000000.0,MISSING,False,piyasa_degeri;pb;ev;ev_ebitda;fcf_verim
GOKNR.IS,2021Q4,2022-03-15,False,2026-09-07,350000000.0,MISSING,False,piyasa_degeri;pb;ev;ev_ebitda;fcf_verim
GOKNR.IS,2022Q1,2022-05-15,False,2026-09-07,350000000.0,MISSING,False,piyasa_degeri;pb;ev;ev_ebitda;fcf_verim
GOKNR.IS,2022Q2,2022-08-15,False,2026-09-07,350000000.0,MISSING,False,piyasa_degeri;pb;ev;ev_ebitda;fcf_verim
GOKNR.IS,2022Q3,2022-11-15,False,2026-09-07,350000000.0,MISSING,False,piyasa_degeri;pb;ev;ev_ebitda;fcf_verim
INVES.IS,2019Q4,2020-03-15,False,2026-09-07,187500000.0,MISSING,False,piyasa_degeri;pb;ev;ev_ebitda;fcf_verim
INVES.IS,2020Q4,2021-03-15,False,2026-09-07,187500000.0,MISSING,False,piyasa_degeri;pb;ev;ev_ebitda;fcf_verim
INVES.IS,2021Q1,2021-05-15,False,2026-09-07,187500000.0,MISSING,False,piyasa_degeri;pb;ev;ev_ebitda;fcf_verim
INVES.IS,2021Q2,2021-08-15,False,2026-09-07,187500000.0,MISSING,False,piyasa_degeri;pb;ev;ev_ebitda;fcf_verim
INVES.IS,2021Q3,2021-11-15,False,2026-09-07,187500000.0,MISSING,False,piyasa_degeri;pb;ev;ev_ebitda;fcf_verim
KBORU.IS,2020Q4,2021-03-15,False,2026-09-07,600000000.0,MISSING,False,piyasa_degeri;pb;ev;ev_ebitda;fcf_verim
KBORU.IS,2021Q4,2022-03-15,False,2026-09-07,600000000.0,MISSING,False,piyasa_degeri;pb;ev;ev_ebitda;fcf_verim
KBORU.IS,2022Q2,2022-08-15,False,2026-09-07,600000000.0,MISSING,False,piyasa_degeri;pb;ev;ev_ebitda;fcf_verim
KBORU.IS,2022Q3,2022-11-15,False,2026-09-07,600000000.0,MISSING,False,piyasa_degeri;pb;ev;ev_ebitda;fcf_verim
KBORU.IS,2022Q4,2023-03-15,False,2026-09-07,600000000.0,MISSING,False,piyasa_degeri;pb;ev;ev_ebitda;fcf_verim
KBORU.IS,2023Q1,2023-05-15,False,2026-09-07,600000000.0,MISSING,False,piyasa_degeri;pb;ev;ev_ebitda;fcf_verim
KBORU.IS,2023Q2,2023-08-15,False,2026-09-07,600000000.0,MISSING,False,piyasa_degeri;pb;ev;ev_ebitda;fcf_verim
KBORU.IS,2023Q3,2023-11-15,False,2026-09-07,600000000.0,MISSING,False,piyasa_degeri;pb;ev;ev_ebitda;fcf_verim
KCAER.IS,2019Q4,2020-03-15,False,2026-09-07,1915000000.0,MISSING,False,piyasa_degeri;pb;ev;ev_ebitda;fcf_verim
KCAER.IS,2020Q4,2021-03-15,False,2026-09-07,1915000000.0,MISSING,False,piyasa_degeri;pb;ev;ev_ebitda;fcf_verim
KCAER.IS,2021Q1,2021-05-15,False,2026-09-07,1915000000.0,MISSING,False,piyasa_degeri;pb;ev;ev_ebitda;fcf_verim
KCAER.IS,2021Q2,2021-08-15,False,2026-09-07,1915000000.0,MISSING,False,piyasa_degeri;pb;ev;ev_ebitda;fcf_verim
KCAER.IS,2021Q3,2021-11-15,False,2026-09-07,1915000000.0,MISSING,False,piyasa_degeri;pb;ev;ev_ebitda;fcf_verim
KCAER.IS,2021Q4,2022-03-15,False,2026-09-07,1915000000.0,MISSING,False,piyasa_degeri;pb;ev;ev_ebitda;fcf_verim
KCAER.IS,2022Q1,2022-05-15,False,2026-09-07,1915000000.0,MISSING,False,piyasa_degeri;pb;ev;ev_ebitda;fcf_verim
KONTR.IS,2018Q4,2019-03-15,False,2026-09-07,1300000000.0,MISSING,False,piyasa_degeri;pb;ev;ev_ebitda;fcf_verim
KONTR.IS,2019Q2,2019-08-15,False,2026-09-07,1300000000.0,MISSING,False,piyasa_degeri;pb;ev;ev_ebitda;fcf_verim
KONTR.IS,2019Q3,2019-11-15,False,2026-09-07,1300000000.0,MISSING,False,piyasa_degeri;pb;ev;ev_ebitda;fcf_verim
KONTR.IS,2019Q4,2020-03-15,False,2026-09-07,1300000000.0,MISSING,False,piyasa_degeri;pb;ev;ev_ebitda;fcf_verim
KONTR.IS,2020Q1,2020-05-15,False,2026-09-07,1300000000.0,MISSING,False,piyasa_degeri;pb;ev;ev_ebitda;fcf_verim
KONTR.IS,2020Q2,2020-08-15,False,2026-09-07,1300000000.0,MISSING,False,piyasa_degeri;pb;ev;ev_ebitda;fcf_verim
MIATK.IS,2018Q4,2019-03-15,False,2026-09-07,494000000.0,MISSING,False,piyasa_degeri;pb;ev;ev_ebitda;fcf_verim
MIATK.IS,2019Q4,2020-03-15,False,2026-09-07,494000000.0,MISSING,False,piyasa_degeri;pb;ev;ev_ebitda;fcf_verim
MIATK.IS,2020Q2,2020-08-15,False,2026-09-07,494000000.0,MISSING,False,piyasa_degeri;pb;ev;ev_ebitda;fcf_verim
MIATK.IS,2020Q3,2020-11-15,False,2026-09-07,494000000.0,MISSING,False,piyasa_degeri;pb;ev;ev_ebitda;fcf_verim
MIATK.IS,2020Q4,2021-03-15,False,2026-09-07,494000000.0,MISSING,False,piyasa_degeri;pb;ev;ev_ebitda;fcf_verim
MIATK.IS,2021Q1,2021-05-15,False,2026-09-07,494000000.0,MISSING,False,piyasa_degeri;pb;ev;ev_ebitda;fcf_verim
MIATK.IS,2021Q2,2021-08-15,False,2026-09-07,494000000.0,MISSING,False,piyasa_degeri;pb;ev;ev_ebitda;fcf_verim
MIATK.IS,2021Q3,2021-11-15,False,2026-09-07,494000000.0,MISSING,False,piyasa_degeri;pb;ev;ev_ebitda;fcf_verim
MOGAN.IS,2020Q4,2021-03-15,False,2026-09-07,2440108000.0,MISSING,False,piyasa_degeri;pb;ev;ev_ebitda;fcf_verim
MOGAN.IS,2021Q4,2022-03-15,False,2026-09-07,2440108000.0,MISSING,False,piyasa_degeri;pb;ev;ev_ebitda;fcf_verim
MOGAN.IS,2022Q3,2022-11-15,False,2026-09-07,2440108000.0,MISSING,False,piyasa_degeri;pb;ev;ev_ebitda;fcf_verim
MOGAN.IS,2022Q4,2023-03-15,False,2026-09-07,2440108000.0,MISSING,False,piyasa_degeri;pb;ev;ev_ebitda;fcf_verim
MOGAN.IS,2023Q1,2023-05-15,False,2026-09-07,2440108000.0,MISSING,False,piyasa_degeri;pb;ev;ev_ebitda;fcf_verim
MOGAN.IS,2023Q2,2023-08-15,False,2026-09-07,2440108000.0,MISSING,False,piyasa_degeri;pb;ev;ev_ebitda;fcf_verim
MOGAN.IS,2023Q3,2023-11-15,False,2026-09-07,2440108000.0,MISSING,False,piyasa_degeri;pb;ev;ev_ebitda;fcf_verim
MTRKS.IS,2018Q4,2019-03-15,False,2026-09-07,100500000.0,MISSING,False,piyasa_degeri;pb;ev;ev_ebitda;fcf_verim
MTRKS.IS,2019Q4,2020-03-15,False,2026-09-07,100500000.0,MISSING,False,piyasa_degeri;pb;ev;ev_ebitda;fcf_verim
MTRKS.IS,2020Q1,2020-05-15,False,2026-09-07,100500000.0,MISSING,False,piyasa_degeri;pb;ev;ev_ebitda;fcf_verim
MTRKS.IS,2020Q2,2020-08-15,False,2026-09-07,100500000.0,MISSING,False,piyasa_degeri;pb;ev;ev_ebitda;fcf_verim
MTRKS.IS,2020Q3,2020-11-15,False,2026-09-07,100500000.0,MISSING,False,piyasa_degeri;pb;ev;ev_ebitda;fcf_verim
MTRKS.IS,2020Q4,2021-03-15,False,2026-09-07,100500000.0,MISSING,False,piyasa_degeri;pb;ev;ev_ebitda;fcf_verim
ONCSM.IS,2019Q4,2020-03-15,False,2026-09-07,23850000.0,MISSING,False,piyasa_degeri;pb;ev;ev_ebitda;fcf_verim
ONCSM.IS,2020Q4,2021-03-15,False,2026-09-07,23850000.0,MISSING,False,piyasa_degeri;pb;ev;ev_ebitda;fcf_verim
ONCSM.IS,2021Q3,2021-11-15,False,2026-09-07,23850000.0,MISSING,False,piyasa_degeri;pb;ev;ev_ebitda;fcf_verim
ONCSM.IS,2021Q4,2022-03-15,False,2026-09-07,23850000.0,MISSING,False,piyasa_degeri;pb;ev;ev_ebitda;fcf_verim
ONCSM.IS,2022Q1,2022-05-15,False,2026-09-07,23850000.0,MISSING,False,piyasa_degeri;pb;ev;ev_ebitda;fcf_verim
ONCSM.IS,2022Q3,2022-11-15,False,2026-09-07,23850000.0,MISSING,False,piyasa_degeri;pb;ev;ev_ebitda;fcf_verim
PASEU.IS,2020Q4,2021-03-15,False,2026-09-07,672000000.0,MISSING,False,piyasa_degeri;pb;ev;ev_ebitda;fcf_verim
PASEU.IS,2021Q4,2022-03-15,False,2026-09-07,672000000.0,MISSING,False,piyasa_degeri;pb;ev;ev_ebitda;fcf_verim
PASEU.IS,2022Q1,2022-05-15,False,2026-09-07,672000000.0,MISSING,False,piyasa_degeri;pb;ev;ev_ebitda;fcf_verim
PASEU.IS,2022Q2,2022-08-15,False,2026-09-07,672000000.0,MISSING,False,piyasa_degeri;pb;ev;ev_ebitda;fcf_verim
PASEU.IS,2022Q3,2022-11-15,False,2026-09-07,672000000.0,MISSING,False,piyasa_degeri;pb;ev;ev_ebitda;fcf_verim
PASEU.IS,2022Q4,2023-03-15,False,2026-09-07,672000000.0,MISSING,False,piyasa_degeri;pb;ev;ev_ebitda;fcf_verim
PASEU.IS,2023Q1,2023-05-15,False,2026-09-07,672000000.0,MISSING,False,piyasa_degeri;pb;ev;ev_ebitda;fcf_verim
PLTUR.IS,2019Q4,2020-03-15,False,2026-09-07,244750000.0,MISSING,False,piyasa_degeri;pb;ev;ev_ebitda;fcf_verim
PLTUR.IS,2020Q4,2021-03-15,False,2026-09-07,244750000.0,MISSING,False,piyasa_degeri;pb;ev;ev_ebitda;fcf_verim
PLTUR.IS,2021Q3,2021-11-15,False,2026-09-07,244750000.0,MISSING,False,piyasa_degeri;pb;ev;ev_ebitda;fcf_verim
PLTUR.IS,2021Q4,2022-03-15,False,2026-09-07,244750000.0,MISSING,False,piyasa_degeri;pb;ev;ev_ebitda;fcf_verim
PLTUR.IS,2022Q1,2022-05-15,False,2026-09-07,244750000.0,MISSING,False,piyasa_degeri;pb;ev;ev_ebitda;fcf_verim
PLTUR.IS,2022Q2,2022-08-15,False,2026-09-07,244750000.0,MISSING,False,piyasa_degeri;pb;ev;ev_ebitda;fcf_verim
PLTUR.IS,2022Q3,2022-11-15,False,2026-09-07,244750000.0,MISSING,False,piyasa_degeri;pb;ev;ev_ebitda;fcf_verim
REEDR.IS,2020Q4,2021-03-15,False,2026-09-07,950000000.0,MISSING,False,piyasa_degeri;pb;ev;ev_ebitda;fcf_verim
REEDR.IS,2021Q4,2022-03-15,False,2026-09-07,950000000.0,MISSING,False,piyasa_degeri;pb;ev;ev_ebitda;fcf_verim
REEDR.IS,2022Q1,2022-05-15,False,2026-09-07,950000000.0,MISSING,False,piyasa_degeri;pb;ev;ev_ebitda;fcf_verim
REEDR.IS,2022Q2,2022-08-15,False,2026-09-07,950000000.0,MISSING,False,piyasa_degeri;pb;ev;ev_ebitda;fcf_verim
REEDR.IS,2022Q3,2022-11-15,False,2026-09-07,950000000.0,MISSING,False,piyasa_degeri;pb;ev;ev_ebitda;fcf_verim
REEDR.IS,2022Q4,2023-03-15,False,2026-09-07,950000000.0,MISSING,False,piyasa_degeri;pb;ev;ev_ebitda;fcf_verim
REEDR.IS,2023Q1,2023-05-15,False,2026-09-07,950000000.0,MISSING,False,piyasa_degeri;pb;ev;ev_ebitda;fcf_verim
REEDR.IS,2023Q2,2023-08-15,False,2026-09-07,950000000.0,MISSING,False,piyasa_degeri;pb;ev;ev_ebitda;fcf_verim
SDTTR.IS,2019Q4,2020-03-15,False,2026-09-07,638000000.0,MISSING,False,piyasa_degeri;pb;ev;ev_ebitda;fcf_verim
SDTTR.IS,2020Q4,2021-03-15,False,2026-09-07,638000000.0,MISSING,False,piyasa_degeri;pb;ev;ev_ebitda;fcf_verim
SDTTR.IS,2021Q3,2021-11-15,False,2026-09-07,638000000.0,MISSING,False,piyasa_degeri;pb;ev;ev_ebitda;fcf_verim
SDTTR.IS,2021Q4,2022-03-15,False,2026-09-07,638000000.0,MISSING,False,piyasa_degeri;pb;ev;ev_ebitda;fcf_verim
SDTTR.IS,2022Q1,2022-05-15,False,2026-09-07,638000000.0,MISSING,False,piyasa_degeri;pb;ev;ev_ebitda;fcf_verim
SDTTR.IS,2022Q2,2022-08-15,False,2026-09-07,638000000.0,MISSING,False,piyasa_degeri;pb;ev;ev_ebitda;fcf_verim
SDTTR.IS,2022Q3,2022-11-15,False,2026-09-07,638000000.0,MISSING,False,piyasa_degeri;pb;ev;ev_ebitda;fcf_verim
SOKM.IS,2018Q1,2018-05-15,False,2026-09-07,593290008.0,MISSING,False,piyasa_degeri;pb;ev;ev_ebitda;fcf_verim
SURGY.IS,2022Q2,2022-08-15,False,2026-09-07,167500000.0,MISSING,False,piyasa_degeri;pb;ev;ev_ebitda;fcf_verim
SURGY.IS,2022Q3,2022-11-15,False,2026-09-07,167500000.0,MISSING,False,piyasa_degeri;pb;ev;ev_ebitda;fcf_verim
SURGY.IS,2022Q4,2023-03-15,False,2026-09-07,167500000.0,MISSING,False,piyasa_degeri;pb;ev;ev_ebitda;fcf_verim
SURGY.IS,2023Q1,2023-05-15,False,2026-09-07,167500000.0,MISSING,False,piyasa_degeri;pb;ev;ev_ebitda;fcf_verim
SURGY.IS,2023Q2,2023-08-15,False,2026-09-07,167500000.0,MISSING,False,piyasa_degeri;pb;ev;ev_ebitda;fcf_verim
SURGY.IS,2023Q3,2023-11-15,False,2026-09-07,167500000.0,MISSING,False,piyasa_degeri;pb;ev;ev_ebitda;fcf_verim
TABGD.IS,2020Q4,2021-03-15,False,2026-09-07,261292000.0,MISSING,False,piyasa_degeri;pb;ev;ev_ebitda;fcf_verim
TABGD.IS,2021Q4,2022-03-15,False,2026-09-07,261292000.0,MISSING,False,piyasa_degeri;pb;ev;ev_ebitda;fcf_verim
TABGD.IS,2022Q2,2022-08-15,False,2026-09-07,261292000.0,MISSING,False,piyasa_degeri;pb;ev;ev_ebitda;fcf_verim
TABGD.IS,2022Q3,2022-11-15,False,2026-09-07,261292000.0,MISSING,False,piyasa_degeri;pb;ev;ev_ebitda;fcf_verim
TABGD.IS,2022Q4,2023-03-15,False,2026-09-07,261292000.0,MISSING,False,piyasa_degeri;pb;ev;ev_ebitda;fcf_verim
TABGD.IS,2023Q1,2023-05-15,False,2026-09-07,261292000.0,MISSING,False,piyasa_degeri;pb;ev;ev_ebitda;fcf_verim
TABGD.IS,2023Q2,2023-08-15,False,2026-09-07,261292000.0,MISSING,False,piyasa_degeri;pb;ev;ev_ebitda;fcf_verim
TERA.IS,2019Q4,2020-03-15,False,2026-09-07,700000000.0,MISSING,False,piyasa_degeri;pb;ev;ev_ebitda;fcf_verim
TERA.IS,2020Q4,2021-03-15,False,2026-09-07,700000000.0,MISSING,False,piyasa_degeri;pb;ev;ev_ebitda;fcf_verim
TERA.IS,2021Q3,2021-11-15,False,2026-09-07,700000000.0,MISSING,False,piyasa_degeri;pb;ev;ev_ebitda;fcf_verim
TERA.IS,2021Q4,2022-03-15,False,2026-09-07,700000000.0,MISSING,False,piyasa_degeri;pb;ev;ev_ebitda;fcf_verim
TERA.IS,2022Q1,2022-05-15,False,2026-09-07,700000000.0,MISSING,False,piyasa_degeri;pb;ev;ev_ebitda;fcf_verim
TERA.IS,2022Q2,2022-08-15,False,2026-09-07,700000000.0,MISSING,False,piyasa_degeri;pb;ev;ev_ebitda;fcf_verim
TERA.IS,2022Q3,2022-11-15,False,2026-09-07,700000000.0,MISSING,False,piyasa_degeri;pb;ev;ev_ebitda;fcf_verim
TUREX.IS,2018Q4,2019-03-15,False,2026-09-07,1080000000.0,MISSING,False,piyasa_degeri;pb;ev;ev_ebitda;fcf_verim
TUREX.IS,2019Q4,2020-03-15,False,2026-09-07,1080000000.0,MISSING,False,piyasa_degeri;pb;ev;ev_ebitda;fcf_verim
TUREX.IS,2020Q1,2020-05-15,False,2026-09-07,1080000000.0,MISSING,False,piyasa_degeri;pb;ev;ev_ebitda;fcf_verim
TUREX.IS,2020Q2,2020-08-15,False,2026-09-07,1080000000.0,MISSING,False,piyasa_degeri;pb;ev;ev_ebitda;fcf_verim
TUREX.IS,2020Q3,2020-11-15,False,2026-09-07,1080000000.0,MISSING,False,piyasa_degeri;pb;ev;ev_ebitda;fcf_verim
TUREX.IS,2020Q4,2021-03-15,False,2026-09-07,1080000000.0,MISSING,False,piyasa_degeri;pb;ev;ev_ebitda;fcf_verim
